{
  "config": {
    "batch_size": 65536,
    "dropout": 0.2,
    "epochs": 200,
    "hidden_channels": 256,
    "learning_rate": 0.005,
    "num_layers": 3
  },
  "dataset_name": "ogbl-collab",
  "dataset_scale": 1.0,
  "device": "cuda",
  "experiment_config": {
    "dataset_name": "ogbl-collab",
    "dataset_scale": 1.0,
    "device": "cuda",
    "hyperparameters": {
      "batch_size": 65536,
      "dropout": 0.2,
      "epochs": 200,
      "hidden_channels": 256,
      "learning_rate": 0.005,
      "num_layers": 3
    },
    "ks": [
      10,
      50,
      100
    ],
    "method_name": "gcn",
    "save_result": true,
    "seed": 456
  },
  "losses": [
    1.216852324411012,
    0.8835059693821589,
    0.6340159378793132,
    0.4353181414615624,
    0.3421094287705346,
    0.2804783657695934,
    0.3047518797567944,
    0.24750623815634057,
    0.22847294455721523,
    0.17018512886885545,
    0.15051596127250655,
    0.13439065002727132,
    0.12669013795968936,
    0.11835048336885633,
    0.1279176704592301,
    0.11721167844442197,
    0.10589163516387491,
    0.10196939950643871,
    0.09325546398932032,
    0.09346354359029081,
    0.12668081146670634,
    0.09223119480617403,
    0.08406385610531168,
    0.08034467939762685,
    0.08207791216982191,
    0.08563008351321062,
    0.07522877998170857,
    0.07345083770686137,
    0.06999274857773284,
    0.07930014982973188,
    0.08478075424924215,
    0.06842163256915615,
    0.06538434580113994,
    0.06354386902529179,
    0.06250481185089884,
    0.06317575492249759,
    0.06023958945835957,
    0.05947203451749978,
    0.05771157271212917,
    0.058666688304038074,
    0.057279350790909275,
    0.06158194486045036,
    0.056189026577761474,
    0.052368621447208205,
    0.1253218773973633,
    0.11903037558417737,
    0.07108895522101429,
    0.06038351266100221,
    0.055307483171549036,
    0.054946370462726456,
    0.052418063355872166,
    0.053106685760729556,
    0.05009787209501569,
    0.04880683359809319,
    0.04841289617521625,
    0.04776709137256102,
    0.04752699601269796,
    0.04783510159150675,
    0.04754452317491965,
    0.04514943517291005,
    0.0463167929679973,
    0.045288911505245076,
    0.044315993619981044,
    0.04349133080904024,
    0.04306440593337925,
    0.04618175576923389,
    0.04330668275287381,
    0.04145570750235356,
    0.04037824799386643,
    0.04219438247512941,
    0.0424788137698133,
    0.09403659823644722,
    0.06449852047830508,
    0.04724455945189748,
    0.04228514641323323,
    0.04022488625086139,
    0.03966151415505113,
    0.03923553397256994,
    0.03902478740277961,
    0.03831424826637427,
    0.03848318429007378,
    0.03743204771243438,
    0.038126900761461475,
    0.037747796846965706,
    0.03791601303388865,
    0.03661936887450637,
    0.03636102912016216,
    0.036545700108709785,
    0.03572798686474185,
    0.03526384670265241,
    0.03655954823309918,
    0.03604702984129493,
    0.034775832560995576,
    0.03488141556726185,
    0.03510189869779484,
    0.0341735825045262,
    0.03451412248069643,
    0.034759807165937316,
    0.03349278550845978,
    0.03398726679651401,
    0.032728200533328304,
    0.03211061616276566,
    0.032755904234785645,
    0.2650519919129012,
    0.23708216617100297,
    0.11136339583521207,
    0.07035535961508949,
    0.05834721345812686,
    0.05222217149223091,
    0.046542186012679176,
    0.04483647488131497,
    0.04191910756880723,
    0.04066765397553135,
    0.039383022781157184,
    0.03887881853064365,
    0.03717619900441911,
    0.037067614561549,
    0.036925150473787825,
    0.036945837219169476,
    0.036207604075468545,
    0.03535538887768856,
    0.03520553037906152,
    0.034252114165116115,
    0.03389094494386353,
    0.03372278649676012,
    0.033632540468541944,
    0.03260819840263878,
    0.03378659569767322,
    0.03252260584333157,
    0.03257631117915252,
    0.032312303044787535,
    0.03229244950259133,
    0.031932865749852775,
    0.03184954035669442,
    0.03193550939895414,
    0.03141942704090528,
    0.031604048289712715,
    0.030972086287391908,
    0.030629916426889732,
    0.030676599519332066,
    0.03095805994229529,
    0.030427357004724667,
    0.030733849721371727,
    0.02989741626060377,
    0.029427019763221682,
    0.030163870652164665,
    0.02970952388049341,
    0.0292908314205364,
    0.028866856188584835,
    0.02871797559933732,
    0.028583734906339326,
    0.02900768493673608,
    0.028912725515688218,
    0.02874774291098769,
    0.029325277524049318,
    0.028561081943308742,
    0.02815710540254141,
    0.027996549912999626,
    0.028091644391116256,
    0.028104165945801632,
    0.02796367700358734,
    0.028267787609417557,
    0.02748777915786437,
    0.02769925001557453,
    0.027065251616518453,
    0.026796195232793335,
    0.026808350856503255,
    0.02757028683488907,
    0.027551749228884117,
    0.02811797254452745,
    0.028649901171800714,
    0.027620842574950948,
    0.027286970842512855,
    0.0271444064359963,
    0.026103086034173353,
    0.026267248280504245,
    0.026086727959322074,
    0.0269386650401174,
    0.027279885642842883,
    0.02724563332971158,
    0.026030095398408816,
    0.025486427335134423,
    0.02570323732739206,
    0.025423953536271762,
    0.02561530555356311,
    0.024969714293190337,
    0.02640341863113426,
    0.02494670587216594,
    0.026233487841572548,
    0.026779684380824887,
    0.026138948737467717,
    0.025253075322548436,
    0.02451875545300717,
    0.024662111051591214,
    0.024435594627454232,
    0.023551202915373534,
    0.024413698684864517,
    0.02449686743105271,
    0.03085693089205077,
    0.3977402864655014
  ],
  "memory_delta_mb": 1132.75390625,
  "memory_mb": 2166.453125,
  "method_name": "gcn",
  "metrics": {
    "test": {
      "hits_at_10": 0.0,
      "hits_at_100": 0.0,
      "hits_at_50": 0.0
    },
    "valid": {
      "hits_at_10": 0.0,
      "hits_at_100": 0.0,
      "hits_at_50": 0.0
    }
  },
  "result_path": "/home/husam/Desktop/YTU-YL/webmining/ogl-collab-implementation/results/raw/20260515_163411_gcn_scale_1_0_seed_456.json",
  "runtime_seconds": 1159.5299481139991,
  "seed": 456,
  "status": "completed",
  "timestamp": "20260515_163411"
}
