{
  "config": {
    "batch_size": 65536,
    "dropout": 0.5,
    "epochs": 50,
    "hidden_channels": 256,
    "learning_rate": 0.0005,
    "num_layers": 2
  },
  "dataset_name": "ogbl-collab",
  "dataset_scale": 1.0,
  "device": "cuda",
  "experiment_config": {
    "dataset_name": "ogbl-collab",
    "dataset_scale": 1.0,
    "device": "cuda",
    "hyperparameters": {
      "batch_size": 65536,
      "dropout": 0.5,
      "epochs": 50,
      "hidden_channels": 256,
      "learning_rate": 0.0005,
      "num_layers": 2
    },
    "ks": [
      10,
      50,
      100
    ],
    "method_name": "gcn",
    "save_result": false,
    "seed": 42
  },
  "losses": [
    1.3026210298479584,
    1.2144569122912172,
    1.0808586135012677,
    0.8673213575080794,
    0.6372784169457357,
    0.49876664998519915,
    0.41179711516355627,
    0.36481281419211214,
    0.3321767299001918,
    0.31043101596170963,
    0.2920464292724549,
    0.27916301124629667,
    0.2669260109081759,
    0.2567863446308039,
    0.24751825225275065,
    0.23852202463638084,
    0.2293383645661748,
    0.22406392394555072,
    0.2161975024023424,
    0.21077905167285288,
    0.20336063809824223,
    0.19664060474974845,
    0.19116503669530893,
    0.18746230736648498,
    0.18320705051769529,
    0.177495551353111,
    0.1740583596895745,
    0.17009899957609853,
    0.16604305372118677,
    0.16184876259876918,
    0.15867796651588187,
    0.15539006064023053,
    0.15285839690447264,
    0.1493973567932876,
    0.14612202233970822,
    0.14357202612314926,
    0.1413285450758703,
    0.13931077480822096,
    0.13656215640256117,
    0.13418876063536841,
    0.13115474886755396,
    0.13049653635932779,
    0.12668681386514527,
    0.12383323116846469,
    0.1219242465927867,
    0.1195351934035121,
    0.11833302133197302,
    0.11583065445981341,
    0.11509281862527448,
    0.11331970402197102
  ],
  "memory_delta_mb": 17.8671875,
  "memory_mb": 2227.453125,
  "method_name": "gcn",
  "metrics": {
    "test": {
      "hits_at_10": 0.09769258995445618,
      "hits_at_100": 0.2703921949534849,
      "hits_at_50": 0.18763625375035076
    },
    "valid": {
      "hits_at_10": 0.1067006191332135,
      "hits_at_100": 0.29413820651088474,
      "hits_at_50": 0.2046468277744491
    }
  },
  "runtime_seconds": 194.10204685400095,
  "seed": 42,
  "status": "completed",
  "timestamp": "20260502_212442_gcn_scale_1_0_run_031",
  "tuning": {
    "grid": {
      "dropout": [
        0.0,
        0.2,
        0.5
      ],
      "hidden_channels": [
        128,
        256
      ],
      "learning_rate": [
        0.0005,
        0.001,
        0.005
      ],
      "num_layers": [
        2,
        3
      ]
    },
    "preset": "full",
    "run_index": 31,
    "selection_metric": "hits_at_50",
    "selection_score": 0.2046468277744491,
    "selection_split": "valid",
    "tuning_id": "20260502_212442_gcn_scale_1_0"
  }
}
