{
  "config": {
    "batch_size": 65536,
    "dropout": 0.5,
    "epochs": 50,
    "hidden_channels": 128,
    "learning_rate": 0.005,
    "num_layers": 3
  },
  "dataset_name": "ogbl-collab",
  "dataset_scale": 1.0,
  "device": "cuda",
  "experiment_config": {
    "dataset_name": "ogbl-collab",
    "dataset_scale": 1.0,
    "device": "cuda",
    "hyperparameters": {
      "batch_size": 65536,
      "dropout": 0.5,
      "epochs": 50,
      "hidden_channels": 128,
      "learning_rate": 0.005,
      "num_layers": 3
    },
    "ks": [
      10,
      50,
      100
    ],
    "method_name": "gcn",
    "save_result": false,
    "seed": 42
  },
  "losses": [
    1.2237040893053295,
    0.7834193132703268,
    0.4722894707656185,
    0.35577471232423385,
    0.27785931226020305,
    0.21194903963917544,
    0.17944784305312914,
    0.15895373605566987,
    0.1472873076238578,
    0.13476122764409246,
    0.1313115428107241,
    0.12295191005121903,
    0.11767636450984376,
    0.11111269842283757,
    0.10822783562615189,
    0.10544128851767287,
    0.0989126567043903,
    0.09949162823834232,
    0.09372759233372353,
    0.09219498215686539,
    0.09032835018535793,
    0.08559098274983963,
    0.08514127903182293,
    0.08281182331844986,
    0.0843632058070631,
    0.08160737924404443,
    0.08226886038875648,
    0.0781166445105816,
    0.07714926387062822,
    0.07583525487851456,
    0.07626907996492875,
    0.07676541107994521,
    0.07365141423560294,
    0.07416161497431284,
    0.07186040164653004,
    0.07437312224698432,
    0.07079236434396477,
    0.07312764410169804,
    0.07028479110884499,
    0.07011733878935934,
    0.0685987289592136,
    0.06794833543723147,
    0.06721813023127367,
    0.06612681276416561,
    0.06722807925480215,
    0.06715584397769946,
    0.06597211124321503,
    0.06557546876037029,
    0.06492982452443405,
    0.06456976807202432
  ],
  "memory_delta_mb": 17.86328125,
  "memory_mb": 2227.44921875,
  "method_name": "gcn",
  "metrics": {
    "test": {
      "hits_at_10": 0.16518811111830603,
      "hits_at_100": 0.42157180167929376,
      "hits_at_50": 0.3188067948800967
    },
    "valid": {
      "hits_at_10": 0.2097064110245656,
      "hits_at_100": 0.48110977964183477,
      "hits_at_50": 0.3711803475134811
    }
  },
  "runtime_seconds": 144.7870805489947,
  "seed": 42,
  "status": "completed",
  "timestamp": "20260502_212442_gcn_scale_1_0_run_030",
  "tuning": {
    "grid": {
      "dropout": [
        0.0,
        0.2,
        0.5
      ],
      "hidden_channels": [
        128,
        256
      ],
      "learning_rate": [
        0.0005,
        0.001,
        0.005
      ],
      "num_layers": [
        2,
        3
      ]
    },
    "preset": "full",
    "run_index": 30,
    "selection_metric": "hits_at_50",
    "selection_score": 0.3711803475134811,
    "selection_split": "valid",
    "tuning_id": "20260502_212442_gcn_scale_1_0"
  }
}
