{
  "config": {
    "batch_size": 65536,
    "dropout": 0.0,
    "epochs": 50,
    "hidden_channels": 128,
    "learning_rate": 0.005,
    "num_layers": 3
  },
  "dataset_name": "ogbl-collab",
  "dataset_scale": 1.0,
  "device": "cuda",
  "experiment_config": {
    "dataset_name": "ogbl-collab",
    "dataset_scale": 1.0,
    "device": "cuda",
    "hyperparameters": {
      "batch_size": 65536,
      "dropout": 0.0,
      "epochs": 50,
      "hidden_channels": 128,
      "learning_rate": 0.005,
      "num_layers": 3
    },
    "ks": [
      10,
      50,
      100
    ],
    "method_name": "gcn",
    "save_result": false,
    "seed": 42
  },
  "losses": [
    1.2320678017559494,
    0.9532879161139836,
    0.7364781562539078,
    0.4862758980427076,
    0.37248572708480476,
    0.3600165086806708,
    0.2959124142971167,
    0.258314742554839,
    0.24330247024740442,
    0.21707830837822617,
    0.22327384005905437,
    0.21975584974019813,
    0.21895834765054778,
    0.17800552784244575,
    0.16038715771473053,
    0.15964998524613067,
    0.15356541114535993,
    0.1509810579557807,
    0.14545793140890154,
    0.13769231625347297,
    0.12153785894630877,
    0.13036351543156552,
    0.12673523772388107,
    0.1198776243206991,
    0.10993389109188557,
    0.10821566852209022,
    0.10554004857697537,
    0.10293154905976568,
    0.10742611439592999,
    0.09717232857382546,
    0.10059806715951218,
    0.09520139804784454,
    0.09258538596376434,
    0.09167210217186593,
    0.08877010506662975,
    0.09739272397557479,
    0.09382642388948627,
    0.09369636371082708,
    0.09215128297660606,
    0.08391983782748191,
    0.09119902493096321,
    0.07921859101937408,
    0.07592183175384931,
    0.07480771858990602,
    0.07635399296333846,
    0.07438065320618265,
    0.07396549318262463,
    0.07494711792427207,
    0.07195735709014639,
    0.07279421821705388
  ],
  "memory_delta_mb": 18.8671875,
  "memory_mb": 2227.37890625,
  "method_name": "gcn",
  "metrics": {
    "test": {
      "hits_at_10": 0.18677286364911827,
      "hits_at_100": 0.4386237561786354,
      "hits_at_50": 0.3226920503356429
    },
    "valid": {
      "hits_at_10": 0.23294054989681112,
      "hits_at_100": 0.5165102190266959,
      "hits_at_50": 0.39061979894813925
    }
  },
  "runtime_seconds": 140.76818554000056,
  "seed": 42,
  "status": "completed",
  "timestamp": "20260502_212442_gcn_scale_1_0_run_006",
  "tuning": {
    "grid": {
      "dropout": [
        0.0,
        0.2,
        0.5
      ],
      "hidden_channels": [
        128,
        256
      ],
      "learning_rate": [
        0.0005,
        0.001,
        0.005
      ],
      "num_layers": [
        2,
        3
      ]
    },
    "preset": "full",
    "run_index": 6,
    "selection_metric": "hits_at_50",
    "selection_score": 0.39061979894813925,
    "selection_split": "valid",
    "tuning_id": "20260502_212442_gcn_scale_1_0"
  }
}
