{
  "config": {
    "batch_size": 65536,
    "dropout": 0.2,
    "epochs": 50,
    "hidden_channels": 128,
    "learning_rate": 0.0005,
    "num_layers": 3
  },
  "dataset_name": "ogbl-collab",
  "dataset_scale": 1.0,
  "device": "cuda",
  "experiment_config": {
    "dataset_name": "ogbl-collab",
    "dataset_scale": 1.0,
    "device": "cuda",
    "hyperparameters": {
      "batch_size": 65536,
      "dropout": 0.2,
      "epochs": 50,
      "hidden_channels": 128,
      "learning_rate": 0.0005,
      "num_layers": 3
    },
    "ks": [
      10,
      50,
      100
    ],
    "method_name": "gcn",
    "save_result": false,
    "seed": 42
  },
  "losses": [
    1.3359476244058983,
    1.2194804923679654,
    1.1013963510267655,
    0.9109152287601398,
    0.7155593824224503,
    0.5171796768503454,
    0.4341817566097782,
    0.38305197160001975,
    0.3466138924220049,
    0.3182554122709373,
    0.29703573769153985,
    0.27900590320409135,
    0.26331363700588256,
    0.25090533269078424,
    0.23854830452699005,
    0.22977279595720596,
    0.21997888241516234,
    0.21190213860459345,
    0.2047456114909854,
    0.197228025384758,
    0.19129154420324077,
    0.18453266776304927,
    0.1800585529900143,
    0.17331418497680226,
    0.16921086298078253,
    0.16434399114577403,
    0.16030653480492815,
    0.15604670221417738,
    0.15222980890964344,
    0.1485518093338043,
    0.14585120137756577,
    0.1428202438049071,
    0.13931519873307943,
    0.13626017439109306,
    0.1347791033551629,
    0.13124220691724203,
    0.1296396724986181,
    0.12702021398604707,
    0.12528497902577349,
    0.12354256490545702,
    0.12029359868736025,
    0.1183815577283135,
    0.11769898014931718,
    0.11572070861012632,
    0.11484283967377487,
    0.11308630721826146,
    0.11183525312011092,
    0.10989367383271319,
    0.10900123877983772,
    0.10718566104608696
  ],
  "memory_delta_mb": 18.8671875,
  "memory_mb": 2227.453125,
  "method_name": "gcn",
  "metrics": {
    "test": {
      "hits_at_10": 0.15111485246821646,
      "hits_at_100": 0.37270392194953483,
      "hits_at_50": 0.26970148287249884
    },
    "valid": {
      "hits_at_10": 0.17716863058384927,
      "hits_at_100": 0.41362093069702416,
      "hits_at_50": 0.3024266027561414
    }
  },
  "runtime_seconds": 146.41503052999906,
  "seed": 42,
  "status": "completed",
  "timestamp": "20260502_212442_gcn_scale_1_0_run_014",
  "tuning": {
    "grid": {
      "dropout": [
        0.0,
        0.2,
        0.5
      ],
      "hidden_channels": [
        128,
        256
      ],
      "learning_rate": [
        0.0005,
        0.001,
        0.005
      ],
      "num_layers": [
        2,
        3
      ]
    },
    "preset": "full",
    "run_index": 14,
    "selection_metric": "hits_at_50",
    "selection_score": 0.3024266027561414,
    "selection_split": "valid",
    "tuning_id": "20260502_212442_gcn_scale_1_0"
  }
}
