{
  "config": {
    "batch_size": 65536,
    "dropout": 0.0,
    "epochs": 50,
    "hidden_channels": 256,
    "learning_rate": 0.005,
    "num_layers": 2
  },
  "dataset_name": "ogbl-collab",
  "dataset_scale": 1.0,
  "device": "cuda",
  "experiment_config": {
    "dataset_name": "ogbl-collab",
    "dataset_scale": 1.0,
    "device": "cuda",
    "hyperparameters": {
      "batch_size": 65536,
      "dropout": 0.0,
      "epochs": 50,
      "hidden_channels": 256,
      "learning_rate": 0.005,
      "num_layers": 2
    },
    "ks": [
      10,
      50,
      100
    ],
    "method_name": "gcn",
    "save_result": false,
    "seed": 42
  },
  "losses": [
    1.232177388654593,
    0.8104079255680395,
    0.5280909847388656,
    0.42120276067415807,
    0.36023864831896385,
    0.313342498043206,
    0.2787425315530583,
    0.29263105158664493,
    0.24689524906019378,
    0.22696010069684802,
    0.21768013973011596,
    0.20100203574716646,
    0.19029294107386302,
    0.18503138808144665,
    0.18382793297234826,
    0.17435285304896286,
    0.16292668577629946,
    0.15805764541849446,
    0.1503984939319499,
    0.14276360528317297,
    0.14244412498976894,
    0.13627667640960925,
    0.1395908130943426,
    0.12652319889265187,
    0.13428257258911477,
    0.12980076499853274,
    0.11787103243728984,
    0.11057168164986796,
    0.10814776377007455,
    0.10694539263262978,
    0.10179717072521886,
    0.10892438558868255,
    0.09922707790067141,
    0.09585305671444622,
    0.09345514474313563,
    0.08768377175145703,
    0.0802130948631836,
    0.0831122811801375,
    0.08642650408942401,
    0.07690386024524047,
    0.07457252725631898,
    0.07290677167865113,
    0.07382412364090807,
    0.06966548823253299,
    0.07290007869129245,
    0.07376590811749532,
    0.06575336272691254,
    0.06649174018807376,
    0.06793254293385333,
    0.0619105589238324
  ],
  "memory_delta_mb": 18.86328125,
  "memory_mb": 2227.44921875,
  "method_name": "gcn",
  "metrics": {
    "test": {
      "hits_at_10": 0.19225539079194456,
      "hits_at_100": 0.47063394418182997,
      "hits_at_50": 0.3891730881305446
    },
    "valid": {
      "hits_at_10": 0.243808667864989,
      "hits_at_100": 0.546268557353039,
      "hits_at_50": 0.46418347646628055
    }
  },
  "runtime_seconds": 189.9331988060003,
  "seed": 42,
  "status": "completed",
  "timestamp": "20260502_212442_gcn_scale_1_0_run_011",
  "tuning": {
    "grid": {
      "dropout": [
        0.0,
        0.2,
        0.5
      ],
      "hidden_channels": [
        128,
        256
      ],
      "learning_rate": [
        0.0005,
        0.001,
        0.005
      ],
      "num_layers": [
        2,
        3
      ]
    },
    "preset": "full",
    "run_index": 11,
    "selection_metric": "hits_at_50",
    "selection_score": 0.46418347646628055,
    "selection_split": "valid",
    "tuning_id": "20260502_212442_gcn_scale_1_0"
  }
}
