{
  "config": {
    "batch_size": 65536,
    "dropout": 0.5,
    "epochs": 50,
    "hidden_channels": 256,
    "learning_rate": 0.005,
    "num_layers": 3
  },
  "dataset_name": "ogbl-collab",
  "dataset_scale": 1.0,
  "device": "cuda",
  "experiment_config": {
    "dataset_name": "ogbl-collab",
    "dataset_scale": 1.0,
    "device": "cuda",
    "hyperparameters": {
      "batch_size": 65536,
      "dropout": 0.5,
      "epochs": 50,
      "hidden_channels": 256,
      "learning_rate": 0.005,
      "num_layers": 3
    },
    "ks": [
      10,
      50,
      100
    ],
    "method_name": "gcn",
    "save_result": false,
    "seed": 42
  },
  "losses": [
    1.1942190699879145,
    0.6727307532367433,
    0.42706868763490674,
    0.3023091143285696,
    0.24254154994304938,
    0.2126258049439459,
    0.16986246484277034,
    0.14373919302374608,
    0.1343634623753104,
    0.11983788791231702,
    0.11362058401953742,
    0.10394279337138146,
    0.10246195722858886,
    0.09323079024779768,
    0.10559509054195824,
    0.0981410537400436,
    0.08351995407642136,
    0.08460410763310977,
    0.0810656927862099,
    0.07820242433940419,
    0.07695045190334979,
    0.07399059549383365,
    0.08490798617678445,
    0.07277821763259863,
    0.06754196100562176,
    0.06733056103237693,
    0.06885824228948703,
    0.06381478926796322,
    0.06352719903963726,
    0.0623755429581841,
    0.05971772386509447,
    0.05990737242576005,
    0.06147065300616379,
    0.06042751819032844,
    0.05726909117414735,
    0.05521310889099327,
    0.05577133526473484,
    0.05469379447179931,
    0.05478095965899432,
    0.05415507066996586,
    0.05311982567507043,
    0.0520093117613229,
    0.05417395566911423,
    0.05202487186033945,
    0.052007843584685395,
    0.05317680288068554,
    0.09172486963266935,
    0.27736556420440267,
    0.2037418353740811,
    0.10499673554541905
  ],
  "memory_delta_mb": 18.86328125,
  "memory_mb": 2228.44921875,
  "method_name": "gcn",
  "metrics": {
    "test": {
      "hits_at_10": 0.15448207386302315,
      "hits_at_100": 0.377171965723413,
      "hits_at_50": 0.2914804981760884
    },
    "valid": {
      "hits_at_10": 0.17916583449836895,
      "hits_at_100": 0.42091072498502097,
      "hits_at_50": 0.3264762665601491
    }
  },
  "runtime_seconds": 293.91334797600575,
  "seed": 42,
  "status": "completed",
  "timestamp": "20260502_212442_gcn_scale_1_0_run_036",
  "tuning": {
    "grid": {
      "dropout": [
        0.0,
        0.2,
        0.5
      ],
      "hidden_channels": [
        128,
        256
      ],
      "learning_rate": [
        0.0005,
        0.001,
        0.005
      ],
      "num_layers": [
        2,
        3
      ]
    },
    "preset": "full",
    "run_index": 36,
    "selection_metric": "hits_at_50",
    "selection_score": 0.3264762665601491,
    "selection_split": "valid",
    "tuning_id": "20260502_212442_gcn_scale_1_0"
  }
}
