{
  "config": {
    "batch_size": 65536,
    "dropout": 0.5,
    "epochs": 50,
    "hidden_channels": 128,
    "learning_rate": 0.0005,
    "num_layers": 3
  },
  "dataset_name": "ogbl-collab",
  "dataset_scale": 1.0,
  "device": "cuda",
  "experiment_config": {
    "dataset_name": "ogbl-collab",
    "dataset_scale": 1.0,
    "device": "cuda",
    "hyperparameters": {
      "batch_size": 65536,
      "dropout": 0.5,
      "epochs": 50,
      "hidden_channels": 128,
      "learning_rate": 0.0005,
      "num_layers": 3
    },
    "ks": [
      10,
      50,
      100
    ],
    "method_name": "gcn",
    "save_result": false,
    "seed": 42
  },
  "losses": [
    1.3368656353234945,
    1.2254737212746474,
    1.0847833358686576,
    0.8001041190886781,
    0.5030817724236194,
    0.3643172783031176,
    0.3016281526264267,
    0.2637516093518259,
    0.23755505873280944,
    0.2173766034228855,
    0.20302735476670722,
    0.19041006222316179,
    0.18017036395613523,
    0.17180601618856814,
    0.16476013319830915,
    0.15990976228577675,
    0.15300033652751663,
    0.14964068460709276,
    0.144595385294399,
    0.13983409214090872,
    0.13556011088382872,
    0.13115975453614567,
    0.12746566276024776,
    0.12314543090702951,
    0.11957787027935127,
    0.11756325818277688,
    0.11401878360664305,
    0.11104817244237998,
    0.10835360391820961,
    0.10628107984067392,
    0.10445092310534312,
    0.10210430385532897,
    0.1009757276232592,
    0.09926297541496178,
    0.09790624273316408,
    0.09671964520098665,
    0.09461915950218085,
    0.09387482747875937,
    0.09257388058340144,
    0.09128008890192743,
    0.09088746318677192,
    0.08970484622882047,
    0.09029651324009637,
    0.08727266192150088,
    0.0868366216074376,
    0.08568788534916608,
    0.08485699135154577,
    0.08446887652405298,
    0.08320287466834282,
    0.08279338150295734
  ],
  "memory_delta_mb": 18.86328125,
  "memory_mb": 2228.44921875,
  "method_name": "gcn",
  "metrics": {
    "test": {
      "hits_at_10": 0.15897170238943212,
      "hits_at_100": 0.3459819983163893,
      "hits_at_50": 0.27852964665760105
    },
    "valid": {
      "hits_at_10": 0.18262765461686972,
      "hits_at_100": 0.3784534984355236,
      "hits_at_50": 0.30836828440183744
    }
  },
  "runtime_seconds": 144.7726166759967,
  "seed": 42,
  "status": "completed",
  "timestamp": "20260502_212442_gcn_scale_1_0_run_026",
  "tuning": {
    "grid": {
      "dropout": [
        0.0,
        0.2,
        0.5
      ],
      "hidden_channels": [
        128,
        256
      ],
      "learning_rate": [
        0.0005,
        0.001,
        0.005
      ],
      "num_layers": [
        2,
        3
      ]
    },
    "preset": "full",
    "run_index": 26,
    "selection_metric": "hits_at_50",
    "selection_score": 0.30836828440183744,
    "selection_split": "valid",
    "tuning_id": "20260502_212442_gcn_scale_1_0"
  }
}
