{
  "config": {
    "batch_size": 65536,
    "dropout": 0.5,
    "epochs": 50,
    "hidden_channels": 128,
    "learning_rate": 0.0005,
    "num_layers": 2
  },
  "dataset_name": "ogbl-collab",
  "dataset_scale": 1.0,
  "device": "cuda",
  "experiment_config": {
    "dataset_name": "ogbl-collab",
    "dataset_scale": 1.0,
    "device": "cuda",
    "hyperparameters": {
      "batch_size": 65536,
      "dropout": 0.5,
      "epochs": 50,
      "hidden_channels": 128,
      "learning_rate": 0.0005,
      "num_layers": 2
    },
    "ks": [
      10,
      50,
      100
    ],
    "method_name": "gcn",
    "save_result": false,
    "seed": 42
  },
  "losses": [
    1.3393464534333794,
    1.2615804682218357,
    1.2034046544256818,
    1.0795355577541637,
    0.9154074911262978,
    0.7266046473568433,
    0.5776127721555246,
    0.4873576113489358,
    0.4400820819941458,
    0.4069266158035019,
    0.38098480557973,
    0.35988460476864775,
    0.34397113187072376,
    0.33052651579563247,
    0.3188874734554614,
    0.3113190919856554,
    0.3005733250725802,
    0.2914093201587293,
    0.28304127499935916,
    0.2764079156355778,
    0.26880047619586467,
    0.2608600868677666,
    0.2542331268101699,
    0.24783039858956565,
    0.24160748340510796,
    0.23857855548901932,
    0.23172260248807605,
    0.22781876120942368,
    0.22265115024869075,
    0.21837184718285493,
    0.21510556136893325,
    0.21070876463518273,
    0.2064491635604,
    0.2036128257415673,
    0.19897850727415234,
    0.19571003057545533,
    0.19253053635128592,
    0.1894476850816346,
    0.18800288530955162,
    0.184965770251051,
    0.1811857405815565,
    0.17816822119048206,
    0.17722352557079296,
    0.17365896557868063,
    0.17169580432087814,
    0.16908956060532676,
    0.16544352531455753,
    0.16429039935332282,
    0.16125562989894926,
    0.15957268959804463
  ],
  "memory_delta_mb": 17.8671875,
  "memory_mb": 2227.453125,
  "method_name": "gcn",
  "metrics": {
    "test": {
      "hits_at_10": 0.09385050400397159,
      "hits_at_100": 0.2710181527768784,
      "hits_at_50": 0.19715512961643894
    },
    "valid": {
      "hits_at_10": 0.10390453365288596,
      "hits_at_100": 0.29440450036615406,
      "hits_at_50": 0.2146994208108648
    }
  },
  "runtime_seconds": 100.29395511299663,
  "seed": 42,
  "status": "completed",
  "timestamp": "20260502_212442_gcn_scale_1_0_run_025",
  "tuning": {
    "grid": {
      "dropout": [
        0.0,
        0.2,
        0.5
      ],
      "hidden_channels": [
        128,
        256
      ],
      "learning_rate": [
        0.0005,
        0.001,
        0.005
      ],
      "num_layers": [
        2,
        3
      ]
    },
    "preset": "full",
    "run_index": 25,
    "selection_metric": "hits_at_50",
    "selection_score": 0.2146994208108648,
    "selection_split": "valid",
    "tuning_id": "20260502_212442_gcn_scale_1_0"
  }
}
