{
  "config": {
    "batch_size": 65536,
    "dropout": 0.0,
    "epochs": 50,
    "hidden_channels": 128,
    "learning_rate": 0.001,
    "num_layers": 2
  },
  "dataset_name": "ogbl-collab",
  "dataset_scale": 1.0,
  "device": "cuda",
  "experiment_config": {
    "dataset_name": "ogbl-collab",
    "dataset_scale": 1.0,
    "device": "cuda",
    "hyperparameters": {
      "batch_size": 65536,
      "dropout": 0.0,
      "epochs": 50,
      "hidden_channels": 128,
      "learning_rate": 0.001,
      "num_layers": 2
    },
    "ks": [
      10,
      50,
      100
    ],
    "method_name": "gcn",
    "save_result": false,
    "seed": 42
  },
  "losses": [
    1.3100171170113821,
    1.2059092966930434,
    1.0196563210882748,
    0.7782692887705134,
    0.5836715762100768,
    0.5033629531850451,
    0.4860854459010585,
    0.4423851899790223,
    0.4187928522587953,
    0.3956932223102851,
    0.37841380015749887,
    0.36459213938412444,
    0.351800130929512,
    0.3402525379530934,
    0.328547863181701,
    0.316569170986284,
    0.30769854110322015,
    0.30005208473123096,
    0.2939447185038818,
    0.2865161666651712,
    0.28137637658565817,
    0.2765656444261575,
    0.27171032309701215,
    0.2647752029617668,
    0.2604454322906631,
    0.25504613607778215,
    0.2515127049319099,
    0.247230302911978,
    0.24265555595890823,
    0.2400541713574664,
    0.23679996239334528,
    0.23333221813446303,
    0.23081315855603432,
    0.22756996871390456,
    0.2244859692129818,
    0.22216892837466018,
    0.21856515098594304,
    0.21774891440818422,
    0.2157414635340999,
    0.2115069428718406,
    0.20925403747548224,
    0.206727169849296,
    0.20493656084751471,
    0.2026605591865613,
    0.20130303197389635,
    0.1990433433142562,
    0.19656554147242353,
    0.1933455222210799,
    0.18746145533883185,
    0.1854521660273691
  ],
  "memory_delta_mb": 18.86328125,
  "memory_mb": 2227.38671875,
  "method_name": "gcn",
  "metrics": {
    "test": {
      "hits_at_10": 0.12268773338513674,
      "hits_at_100": 0.313367437242332,
      "hits_at_50": 0.24144704180966564
    },
    "valid": {
      "hits_at_10": 0.1378070701018574,
      "hits_at_100": 0.345499633845949,
      "hits_at_50": 0.2660941348778377
    }
  },
  "runtime_seconds": 98.24797540299915,
  "seed": 42,
  "status": "completed",
  "timestamp": "20260502_212442_gcn_scale_1_0_run_003",
  "tuning": {
    "grid": {
      "dropout": [
        0.0,
        0.2,
        0.5
      ],
      "hidden_channels": [
        128,
        256
      ],
      "learning_rate": [
        0.0005,
        0.001,
        0.005
      ],
      "num_layers": [
        2,
        3
      ]
    },
    "preset": "full",
    "run_index": 3,
    "selection_metric": "hits_at_50",
    "selection_score": 0.2660941348778377,
    "selection_split": "valid",
    "tuning_id": "20260502_212442_gcn_scale_1_0"
  }
}
