{
  "config": {
    "batch_size": 65536,
    "dropout": 0.2,
    "epochs": 50,
    "hidden_channels": 128,
    "learning_rate": 0.001,
    "num_layers": 2
  },
  "dataset_name": "ogbl-collab",
  "dataset_scale": 1.0,
  "device": "cuda",
  "experiment_config": {
    "dataset_name": "ogbl-collab",
    "dataset_scale": 1.0,
    "device": "cuda",
    "hyperparameters": {
      "batch_size": 65536,
      "dropout": 0.2,
      "epochs": 50,
      "hidden_channels": 128,
      "learning_rate": 0.001,
      "num_layers": 2
    },
    "ks": [
      10,
      50,
      100
    ],
    "method_name": "gcn",
    "save_result": false,
    "seed": 42
  },
  "losses": [
    1.3099674950574134,
    1.2033893204618453,
    1.0131952847668324,
    0.7696577908618569,
    0.5697767589238195,
    0.48113061414640756,
    0.4314339070558691,
    0.40183710653118,
    0.3819253758167113,
    0.36239339098734846,
    0.34800978771998725,
    0.33357930475748676,
    0.3198206777380134,
    0.307055444728173,
    0.2952143353838101,
    0.28528042259602227,
    0.275255636228873,
    0.26695463030101046,
    0.2590297947305828,
    0.25126689430139115,
    0.24390749311921373,
    0.23645508708077972,
    0.23124920755937897,
    0.22480621044269558,
    0.22041395535400318,
    0.2158137482038078,
    0.210648100880984,
    0.20755392930190253,
    0.20277653869559087,
    0.19806146556743465,
    0.19547712965263278,
    0.1912989455038899,
    0.18785183984069342,
    0.18429936460487467,
    0.18061322492353366,
    0.17798645832923146,
    0.174389085344011,
    0.17120479366495284,
    0.17072570571047277,
    0.16681195241975366,
    0.1637886588416329,
    0.16014373226377415,
    0.1597294315177038,
    0.15635333836498436,
    0.15460758245183848,
    0.1517447583654872,
    0.1486557670183829,
    0.1489657016713411,
    0.14553160216251887,
    0.14336436101087624
  ],
  "memory_delta_mb": 17.86328125,
  "memory_mb": 2227.44921875,
  "method_name": "gcn",
  "metrics": {
    "test": {
      "hits_at_10": 0.11081611949319001,
      "hits_at_100": 0.3117054112974595,
      "hits_at_50": 0.21884780590990524
    },
    "valid": {
      "hits_at_10": 0.1261733572997803,
      "hits_at_100": 0.3431029891485254,
      "hits_at_50": 0.24217761800146462
    }
  },
  "runtime_seconds": 101.53301079599623,
  "seed": 42,
  "status": "completed",
  "timestamp": "20260502_212442_gcn_scale_1_0_run_015",
  "tuning": {
    "grid": {
      "dropout": [
        0.0,
        0.2,
        0.5
      ],
      "hidden_channels": [
        128,
        256
      ],
      "learning_rate": [
        0.0005,
        0.001,
        0.005
      ],
      "num_layers": [
        2,
        3
      ]
    },
    "preset": "full",
    "run_index": 15,
    "selection_metric": "hits_at_50",
    "selection_score": 0.24217761800146462,
    "selection_split": "valid",
    "tuning_id": "20260502_212442_gcn_scale_1_0"
  }
}
