{
  "config": {
    "batch_size": 65536,
    "dropout": 0.0,
    "epochs": 50,
    "hidden_channels": 128,
    "learning_rate": 0.005,
    "num_layers": 2
  },
  "dataset_name": "ogbl-collab",
  "dataset_scale": 1.0,
  "device": "cuda",
  "experiment_config": {
    "dataset_name": "ogbl-collab",
    "dataset_scale": 1.0,
    "device": "cuda",
    "hyperparameters": {
      "batch_size": 65536,
      "dropout": 0.0,
      "epochs": 50,
      "hidden_channels": 128,
      "learning_rate": 0.005,
      "num_layers": 2
    },
    "ks": [
      10,
      50,
      100
    ],
    "method_name": "gcn",
    "save_result": false,
    "seed": 42
  },
  "losses": [
    1.2095910680558812,
    0.825074316017863,
    0.5253072084712138,
    0.4337643130597161,
    0.36867402247472325,
    0.33632810606227076,
    0.33328613175994154,
    0.28933103121546777,
    0.25961155488160015,
    0.25321083575856074,
    0.22949824982032924,
    0.2159908507518303,
    0.20653868298458625,
    0.19851711941661263,
    0.19024539804412757,
    0.18187934659160565,
    0.17551113796152518,
    0.2419531857891183,
    0.24860222976697322,
    0.17802093188055965,
    0.16319063108879991,
    0.15340418197246175,
    0.15329671485460164,
    0.15091974231441488,
    0.1438189689529071,
    0.1378078260714188,
    0.136396883713231,
    0.15585437509451375,
    0.1367304746585558,
    0.12848050518553883,
    0.12284528886229518,
    0.12030125207301734,
    0.1188798969690382,
    0.11463637056222198,
    0.1132413084600823,
    0.10967499156031058,
    0.10695438495558614,
    0.10327672246789649,
    0.10423418428745346,
    0.09972827406426753,
    0.09717042313665307,
    0.09382459385877254,
    0.12867810423773754,
    0.173714065072778,
    0.10804765355143434,
    0.09527156893700856,
    0.088510349872993,
    0.08661540564117605,
    0.08467544958796731,
    0.08555209235431183
  ],
  "memory_delta_mb": 18.8671875,
  "memory_mb": 2227.38671875,
  "method_name": "gcn",
  "metrics": {
    "test": {
      "hits_at_10": 0.16553346715879902,
      "hits_at_100": 0.4302920417017419,
      "hits_at_50": 0.3453992099980574
    },
    "valid": {
      "hits_at_10": 0.20809200452699553,
      "hits_at_100": 0.5003661540509953,
      "hits_at_50": 0.4094767325743958
    }
  },
  "runtime_seconds": 98.23467607900238,
  "seed": 42,
  "status": "completed",
  "timestamp": "20260502_212442_gcn_scale_1_0_run_005",
  "tuning": {
    "grid": {
      "dropout": [
        0.0,
        0.2,
        0.5
      ],
      "hidden_channels": [
        128,
        256
      ],
      "learning_rate": [
        0.0005,
        0.001,
        0.005
      ],
      "num_layers": [
        2,
        3
      ]
    },
    "preset": "full",
    "run_index": 5,
    "selection_metric": "hits_at_50",
    "selection_score": 0.4094767325743958,
    "selection_split": "valid",
    "tuning_id": "20260502_212442_gcn_scale_1_0"
  }
}
