{
  "config": {
    "batch_size": 65536,
    "dropout": 0.2,
    "epochs": 50,
    "hidden_channels": 128,
    "learning_rate": 0.005,
    "num_layers": 3
  },
  "dataset_name": "ogbl-collab",
  "dataset_scale": 1.0,
  "device": "cuda",
  "experiment_config": {
    "dataset_name": "ogbl-collab",
    "dataset_scale": 1.0,
    "device": "cuda",
    "hyperparameters": {
      "batch_size": 65536,
      "dropout": 0.2,
      "epochs": 50,
      "hidden_channels": 128,
      "learning_rate": 0.005,
      "num_layers": 3
    },
    "ks": [
      10,
      50,
      100
    ],
    "method_name": "gcn",
    "save_result": false,
    "seed": 42
  },
  "losses": [
    1.228809510946548,
    0.9156713717109077,
    0.6421489918524322,
    0.44000294995542166,
    0.358087108963104,
    0.29026063148058534,
    0.22703848331175328,
    0.24623776158759195,
    0.2354237017628805,
    0.2319383650275721,
    0.20293553227532654,
    0.1611704808105844,
    0.1427061922157999,
    0.14607074088367308,
    0.18252996396978677,
    0.15787339209165543,
    0.12828559534023326,
    0.11701746190134336,
    0.1110091301143623,
    0.10919231849014667,
    0.1051048833846529,
    0.1005575999062555,
    0.09965551630942163,
    0.09302892108157855,
    0.10137452872210008,
    0.09402130294757015,
    0.08807451378604646,
    0.08641892914274989,
    0.08414546200801097,
    0.08496148463129058,
    0.08282572369645498,
    0.08367882087167365,
    0.07929222195353665,
    0.07588768379597441,
    0.07468511972243096,
    0.07494753699747168,
    0.07149252597121229,
    0.07307932239015101,
    0.07153070642182552,
    0.06991175133259048,
    0.06926079952762386,
    0.0715622645609636,
    0.06729234867125382,
    0.06599451727890368,
    0.06533356718330126,
    0.06458820778662161,
    0.06273418301582387,
    0.0645939625679921,
    0.061623491300542156,
    0.06505429505046041
  ],
  "memory_delta_mb": 18.8671875,
  "memory_mb": 2227.453125,
  "method_name": "gcn",
  "metrics": {
    "test": {
      "hits_at_10": 0.188067948800967,
      "hits_at_100": 0.46072654277018715,
      "hits_at_50": 0.38116514494161324
    },
    "valid": {
      "hits_at_10": 0.21809466746554823,
      "hits_at_100": 0.5252146994208109,
      "hits_at_50": 0.43961786831768856
    }
  },
  "runtime_seconds": 145.68726548099949,
  "seed": 42,
  "status": "completed",
  "timestamp": "20260502_212442_gcn_scale_1_0_run_018",
  "tuning": {
    "grid": {
      "dropout": [
        0.0,
        0.2,
        0.5
      ],
      "hidden_channels": [
        128,
        256
      ],
      "learning_rate": [
        0.0005,
        0.001,
        0.005
      ],
      "num_layers": [
        2,
        3
      ]
    },
    "preset": "full",
    "run_index": 18,
    "selection_metric": "hits_at_50",
    "selection_score": 0.43961786831768856,
    "selection_split": "valid",
    "tuning_id": "20260502_212442_gcn_scale_1_0"
  }
}
