{
  "config": {
    "batch_size": 65536,
    "dropout": 0.2,
    "epochs": 50,
    "hidden_channels": 128,
    "learning_rate": 0.001,
    "num_layers": 3
  },
  "dataset_name": "ogbl-collab",
  "dataset_scale": 1.0,
  "device": "cuda",
  "experiment_config": {
    "dataset_name": "ogbl-collab",
    "dataset_scale": 1.0,
    "device": "cuda",
    "hyperparameters": {
      "batch_size": 65536,
      "dropout": 0.2,
      "epochs": 50,
      "hidden_channels": 128,
      "learning_rate": 0.001,
      "num_layers": 3
    },
    "ks": [
      10,
      50,
      100
    ],
    "method_name": "gcn",
    "save_result": false,
    "seed": 42
  },
  "losses": [
    1.295341893731651,
    1.1105782120652208,
    0.8629776399692717,
    0.6114848010077663,
    0.4575837405027663,
    0.38013129404598794,
    0.3286022484260663,
    0.29497095266795414,
    0.27063055973397987,
    0.24926343748928195,
    0.22960366690829542,
    0.2174829510121166,
    0.20715300957104507,
    0.1988005475411077,
    0.18913282779807847,
    0.18426547218113948,
    0.18208308374574625,
    0.17574626964378173,
    0.16854858581661883,
    0.16571578237858084,
    0.16165061534431405,
    0.15710761574797746,
    0.15332698657774707,
    0.1498621911605063,
    0.14777845032969256,
    0.14585769016720432,
    0.142634115656869,
    0.14082330771374893,
    0.1372879378454302,
    0.1365557929421108,
    0.13643950549969516,
    0.13539442577367253,
    0.132106667042255,
    0.13057132756062811,
    0.13058157807402887,
    0.12745241943246596,
    0.12457671772318465,
    0.12399429464368884,
    0.12172957761345854,
    0.12144522913247732,
    0.1189399522220405,
    0.11807019527951335,
    0.11642911770026142,
    0.11502965983268819,
    0.11503286636286233,
    0.11325555267233582,
    0.10898261647225267,
    0.10279768336598893,
    0.09998222969020641,
    0.09907962710169009
  ],
  "memory_delta_mb": 19.8671875,
  "memory_mb": 2228.453125,
  "method_name": "gcn",
  "metrics": {
    "test": {
      "hits_at_10": 0.1850460834466533,
      "hits_at_100": 0.3861943922812925,
      "hits_at_50": 0.3117485808025211
    },
    "valid": {
      "hits_at_10": 0.2174122894614207,
      "hits_at_100": 0.43142933226815794,
      "hits_at_50": 0.35476998868251114
    }
  },
  "runtime_seconds": 146.91368467699795,
  "seed": 42,
  "status": "completed",
  "timestamp": "20260502_212442_gcn_scale_1_0_run_016",
  "tuning": {
    "grid": {
      "dropout": [
        0.0,
        0.2,
        0.5
      ],
      "hidden_channels": [
        128,
        256
      ],
      "learning_rate": [
        0.0005,
        0.001,
        0.005
      ],
      "num_layers": [
        2,
        3
      ]
    },
    "preset": "full",
    "run_index": 16,
    "selection_metric": "hits_at_50",
    "selection_score": 0.35476998868251114,
    "selection_split": "valid",
    "tuning_id": "20260502_212442_gcn_scale_1_0"
  }
}
