{
  "config": {
    "batch_size": 65536,
    "dropout": 0.5,
    "epochs": 50,
    "hidden_channels": 256,
    "learning_rate": 0.01,
    "num_layers": 3
  },
  "dataset_name": "ogbl-collab",
  "dataset_scale": 1.0,
  "device": "cuda",
  "experiment_config": {
    "dataset_name": "ogbl-collab",
    "dataset_scale": 1.0,
    "device": "cuda",
    "hyperparameters": {
      "batch_size": 65536,
      "dropout": 0.5,
      "epochs": 50,
      "hidden_channels": 256,
      "learning_rate": 0.01,
      "num_layers": 3
    },
    "ks": [
      10,
      50,
      100
    ],
    "method_name": "mlp",
    "save_result": false,
    "seed": 42
  },
  "losses": [
    1.1172151573134712,
    0.7279330745278174,
    0.6637074486564336,
    0.6207362952534158,
    0.5864344968761578,
    0.5470372212970362,
    0.5214867240595273,
    0.49167458202959474,
    0.48025461660932095,
    0.4574785268137319,
    0.4473138541150126,
    0.4302407474730396,
    0.4236672824111363,
    0.4112849813483133,
    0.40551086153933774,
    0.39654082277369673,
    0.38869164431757125,
    0.38347189062452475,
    0.37852797900494817,
    0.3831306575689653,
    0.3713021120075562,
    0.3665540863484684,
    0.36687714771601887,
    0.36547945403938037,
    0.36312395897667343,
    0.3597611538998577,
    0.3554167811535097,
    0.35248167331948715,
    0.3505971361655575,
    0.349533973551149,
    0.3473519971437848,
    0.3475663396719222,
    0.3454056434293362,
    0.3554172854265021,
    0.3441225164864275,
    0.34138264721822226,
    0.3422757227466272,
    0.3391243971127396,
    0.3417314831735739,
    0.33784518598366076,
    0.33608021982172437,
    0.3375031080704848,
    0.33692034135227966,
    0.3409030954066797,
    0.339157473792244,
    0.3333621165821026,
    0.33329595104729665,
    0.3309419793021158,
    0.33076467191889947,
    0.33490162215309754
  ],
  "memory_delta_mb": 4.21875,
  "memory_mb": 1859.57421875,
  "method_name": "mlp",
  "metrics": {
    "test": {
      "hits_at_10": 0.019771633318224006,
      "hits_at_100": 0.09182153726607524,
      "hits_at_50": 0.05033564290185413
    },
    "valid": {
      "hits_at_10": 0.021403368617269155,
      "hits_at_100": 0.12063111643698822,
      "hits_at_50": 0.06567472205578856
    }
  },
  "runtime_seconds": 29.486620003001008,
  "seed": 42,
  "status": "completed",
  "timestamp": "20260502_211032_mlp_scale_1_0_run_036",
  "tuning": {
    "grid": {
      "dropout": [
        0.0,
        0.2,
        0.5
      ],
      "hidden_channels": [
        128,
        256
      ],
      "learning_rate": [
        0.001,
        0.005,
        0.01
      ],
      "num_layers": [
        2,
        3
      ]
    },
    "preset": "full",
    "run_index": 36,
    "selection_metric": "hits_at_50",
    "selection_score": 0.06567472205578856,
    "selection_split": "valid",
    "tuning_id": "20260502_211032_mlp_scale_1_0"
  }
}
