{
  "config": {
    "batch_size": 65536,
    "dropout": 0.2,
    "epochs": 50,
    "hidden_channels": 128,
    "learning_rate": 0.01,
    "num_layers": 2
  },
  "dataset_name": "ogbl-collab",
  "dataset_scale": 1.0,
  "device": "cuda",
  "experiment_config": {
    "dataset_name": "ogbl-collab",
    "dataset_scale": 1.0,
    "device": "cuda",
    "hyperparameters": {
      "batch_size": 65536,
      "dropout": 0.2,
      "epochs": 50,
      "hidden_channels": 128,
      "learning_rate": 0.01,
      "num_layers": 2
    },
    "ks": [
      10,
      50,
      100
    ],
    "method_name": "mlp",
    "save_result": false,
    "seed": 42
  },
  "losses": [
    1.2147722761794228,
    0.8279766595251632,
    0.7378442315570749,
    0.7063450388093989,
    0.6875527623586131,
    0.6714574721230441,
    0.6542835227408135,
    0.6355847359235026,
    0.6180383220872528,
    0.6029238127581246,
    0.5921204329816585,
    0.5784715770292383,
    0.5670076918928036,
    0.5555091041671315,
    0.542816653882121,
    0.5330024684783766,
    0.5246107972546693,
    0.5136000399390351,
    0.5057679933305895,
    0.49835527524516016,
    0.4906410370322912,
    0.48335113239478894,
    0.47580401838841485,
    0.4695326987733301,
    0.4631119787480499,
    0.4575691635758318,
    0.4537100417849892,
    0.44800855600458145,
    0.44274431276855575,
    0.4389292742235058,
    0.43490065462486627,
    0.4314217118001171,
    0.42684625318067587,
    0.4232191174743862,
    0.4225865632191166,
    0.41701045940169623,
    0.41413088734974157,
    0.4121501551574711,
    0.4083231378697128,
    0.40562210608783533,
    0.4029888412951679,
    0.40230407293126375,
    0.39879391964044464,
    0.39604583847603336,
    0.39444941491298985,
    0.39139743402475374,
    0.39011586189168107,
    0.387210044541187,
    0.38563187900808976,
    0.383471465411812
  ],
  "memory_delta_mb": 4.2421875,
  "memory_mb": 1833.49609375,
  "method_name": "mlp",
  "metrics": {
    "test": {
      "hits_at_10": 0.014634462215890695,
      "hits_at_100": 0.06125752768244512,
      "hits_at_50": 0.0437522933799564
    },
    "valid": {
      "hits_at_10": 0.020005325877105386,
      "hits_at_100": 0.08461487251181679,
      "hits_at_50": 0.05721989215098862
    }
  },
  "runtime_seconds": 20.193803716996626,
  "seed": 42,
  "status": "completed",
  "timestamp": "20260502_211032_mlp_scale_1_0_run_017",
  "tuning": {
    "grid": {
      "dropout": [
        0.0,
        0.2,
        0.5
      ],
      "hidden_channels": [
        128,
        256
      ],
      "learning_rate": [
        0.001,
        0.005,
        0.01
      ],
      "num_layers": [
        2,
        3
      ]
    },
    "preset": "full",
    "run_index": 17,
    "selection_metric": "hits_at_50",
    "selection_score": 0.05721989215098862,
    "selection_split": "valid",
    "tuning_id": "20260502_211032_mlp_scale_1_0"
  }
}
