{
  "config": {
    "batch_size": 65536,
    "dropout": 0.0,
    "epochs": 50,
    "hidden_channels": 256,
    "learning_rate": 0.001,
    "num_layers": 3
  },
  "dataset_name": "ogbl-collab",
  "dataset_scale": 1.0,
  "device": "cuda",
  "experiment_config": {
    "dataset_name": "ogbl-collab",
    "dataset_scale": 1.0,
    "device": "cuda",
    "hyperparameters": {
      "batch_size": 65536,
      "dropout": 0.0,
      "epochs": 50,
      "hidden_channels": 256,
      "learning_rate": 0.001,
      "num_layers": 3
    },
    "ks": [
      10,
      50,
      100
    ],
    "method_name": "mlp",
    "save_result": false,
    "seed": 42
  },
  "losses": [
    1.3565307028991331,
    1.1179172155236805,
    0.8188358924602689,
    0.7367100710885223,
    0.709331137008013,
    0.6922603472300647,
    0.6785737018384239,
    0.6628067983924387,
    0.6463267171873834,
    0.6285130012921181,
    0.6131735450197957,
    0.5985899389980958,
    0.5813326977961332,
    0.5668380593371329,
    0.5532096291925567,
    0.538419902175444,
    0.5248914651843745,
    0.5132012743795772,
    0.5000917584585943,
    0.48837072072362664,
    0.4796987459754236,
    0.47101578604536715,
    0.46391050292714364,
    0.4559044197827019,
    0.44977028394177104,
    0.4428489047092769,
    0.43750329973645385,
    0.4337235419616503,
    0.42718844088329305,
    0.424272463782147,
    0.41820281485940214,
    0.4148108795909706,
    0.4097838248920065,
    0.40692753204391025,
    0.402901021486418,
    0.4018589475968311,
    0.3996146292031546,
    0.393340029432319,
    0.3887093163954977,
    0.38621253651569387,
    0.3842070757470602,
    0.38128600494044335,
    0.3788636862033148,
    0.37817238371002815,
    0.3762785791063689,
    0.3716433640710529,
    0.36913712994849796,
    0.36832474657520414,
    0.36495407066149943,
    0.3650687009249119
  ],
  "memory_delta_mb": 1.14453125,
  "memory_mb": 1799.640625,
  "method_name": "mlp",
  "metrics": {
    "test": {
      "hits_at_10": 0.019555785792915885,
      "hits_at_100": 0.07628051544389043,
      "hits_at_50": 0.050184549634138445
    },
    "valid": {
      "hits_at_10": 0.033636242593702154,
      "hits_at_100": 0.10959656480926702,
      "hits_at_50": 0.0771087144664137
    }
  },
  "runtime_seconds": 27.197698793002928,
  "seed": 42,
  "status": "completed",
  "timestamp": "20260502_211032_mlp_scale_1_0_run_008",
  "tuning": {
    "grid": {
      "dropout": [
        0.0,
        0.2,
        0.5
      ],
      "hidden_channels": [
        128,
        256
      ],
      "learning_rate": [
        0.001,
        0.005,
        0.01
      ],
      "num_layers": [
        2,
        3
      ]
    },
    "preset": "full",
    "run_index": 8,
    "selection_metric": "hits_at_50",
    "selection_score": 0.0771087144664137,
    "selection_split": "valid",
    "tuning_id": "20260502_211032_mlp_scale_1_0"
  }
}
