{
  "config": {
    "batch_size": 65536,
    "dropout": 0.5,
    "epochs": 50,
    "hidden_channels": 128,
    "learning_rate": 0.001,
    "num_layers": 3
  },
  "dataset_name": "ogbl-collab",
  "dataset_scale": 1.0,
  "device": "cuda",
  "experiment_config": {
    "dataset_name": "ogbl-collab",
    "dataset_scale": 1.0,
    "device": "cuda",
    "hyperparameters": {
      "batch_size": 65536,
      "dropout": 0.5,
      "epochs": 50,
      "hidden_channels": 128,
      "learning_rate": 0.001,
      "num_layers": 3
    },
    "ks": [
      10,
      50,
      100
    ],
    "method_name": "mlp",
    "save_result": false,
    "seed": 42
  },
  "losses": [
    1.3782931424402793,
    1.2956337878493958,
    1.0810572050612512,
    0.8686667804928917,
    0.7713965098622739,
    0.7270948577478739,
    0.6981903055471826,
    0.6774640325548927,
    0.659179974169419,
    0.6432028652794116,
    0.6308357392617349,
    0.6196738684627482,
    0.6087406770253315,
    0.597515210645945,
    0.5877502271369331,
    0.5788828401962244,
    0.5677394190107112,
    0.5589603833031676,
    0.5486447486604601,
    0.5407831839587501,
    0.5327935081114706,
    0.5246327735005237,
    0.5186447747573953,
    0.5123260282255425,
    0.5058700271770487,
    0.49924074737390467,
    0.49450043163061014,
    0.48925676764764175,
    0.4843850878938751,
    0.47926748849209316,
    0.4750530281334963,
    0.4710239828091319,
    0.4678826464213626,
    0.46455339630166737,
    0.46099644513082516,
    0.4567582554184567,
    0.4550474344549035,
    0.450919753193901,
    0.4497608231800052,
    0.4460323877599986,
    0.4431983365241312,
    0.4413667837861095,
    0.4383392867909244,
    0.4360357298454451,
    0.4341751261365425,
    0.4311480105799029,
    0.4291982614477963,
    0.4276126688128478,
    0.4249737764094551,
    0.42361098355562954
  ],
  "memory_delta_mb": 7.23828125,
  "memory_mb": 1838.52734375,
  "method_name": "mlp",
  "metrics": {
    "test": {
      "hits_at_10": 0.018411793908782836,
      "hits_at_100": 0.06106326490966781,
      "hits_at_50": 0.04329901357680934
    },
    "valid": {
      "hits_at_10": 0.02176952266826443,
      "hits_at_100": 0.07832368018107982,
      "hits_at_50": 0.05297583383263431
    }
  },
  "runtime_seconds": 22.75736994000181,
  "seed": 42,
  "status": "completed",
  "timestamp": "20260502_211032_mlp_scale_1_0_run_026",
  "tuning": {
    "grid": {
      "dropout": [
        0.0,
        0.2,
        0.5
      ],
      "hidden_channels": [
        128,
        256
      ],
      "learning_rate": [
        0.001,
        0.005,
        0.01
      ],
      "num_layers": [
        2,
        3
      ]
    },
    "preset": "full",
    "run_index": 26,
    "selection_metric": "hits_at_50",
    "selection_score": 0.05297583383263431,
    "selection_split": "valid",
    "tuning_id": "20260502_211032_mlp_scale_1_0"
  }
}
