{
  "config": {
    "batch_size": 65536,
    "dropout": 0.0,
    "epochs": 50,
    "hidden_channels": 256,
    "learning_rate": 0.01,
    "num_layers": 2
  },
  "dataset_name": "ogbl-collab",
  "dataset_scale": 1.0,
  "device": "cuda",
  "experiment_config": {
    "dataset_name": "ogbl-collab",
    "dataset_scale": 1.0,
    "device": "cuda",
    "hyperparameters": {
      "batch_size": 65536,
      "dropout": 0.0,
      "epochs": 50,
      "hidden_channels": 256,
      "learning_rate": 0.01,
      "num_layers": 2
    },
    "ks": [
      10,
      50,
      100
    ],
    "method_name": "mlp",
    "save_result": false,
    "seed": 42
  },
  "losses": [
    1.1337520394875014,
    0.7680568078948317,
    0.721843657345475,
    0.6959462933235522,
    0.6774514783552757,
    0.6555707926092396,
    0.6329200689933769,
    0.6090323558397666,
    0.5881476996575984,
    0.5660647784485153,
    0.5468884889260531,
    0.5311619729498335,
    0.5138650952988943,
    0.499629352037078,
    0.4870016970092265,
    0.47484077764046867,
    0.46436060274966906,
    0.45346846197612717,
    0.4423784209747267,
    0.4347533529399679,
    0.4226431298835177,
    0.41658042664900174,
    0.4109618676457441,
    0.4021628030908037,
    0.3935987580656787,
    0.3879046611377938,
    0.38364245815798126,
    0.380340561743334,
    0.37546041153779375,
    0.36859941233115323,
    0.36369110896755186,
    0.3619220975944438,
    0.3556983930199065,
    0.35182722921702086,
    0.34882648493058716,
    0.3481053681698397,
    0.3438496913513431,
    0.34057521590153206,
    0.33605879232420005,
    0.33410971057179106,
    0.3349821098805734,
    0.3311469283732677,
    0.32658693809447775,
    0.32506076595995825,
    0.3260953262381227,
    0.3230685786211577,
    0.3200141362193031,
    0.318186208456281,
    0.3175046123453254,
    0.3177254452386875
  ],
  "memory_delta_mb": 0.0,
  "memory_mb": 1799.69140625,
  "method_name": "mlp",
  "metrics": {
    "test": {
      "hits_at_10": 0.03190226424054048,
      "hits_at_100": 0.12700468389129918,
      "hits_at_50": 0.06270370610200954
    },
    "valid": {
      "hits_at_10": 0.05262632314759337,
      "hits_at_100": 0.16818121296851074,
      "hits_at_50": 0.0936522202250183
    }
  },
  "runtime_seconds": 21.724627377996512,
  "seed": 42,
  "status": "completed",
  "timestamp": "20260502_211032_mlp_scale_1_0_run_011",
  "tuning": {
    "grid": {
      "dropout": [
        0.0,
        0.2,
        0.5
      ],
      "hidden_channels": [
        128,
        256
      ],
      "learning_rate": [
        0.001,
        0.005,
        0.01
      ],
      "num_layers": [
        2,
        3
      ]
    },
    "preset": "full",
    "run_index": 11,
    "selection_metric": "hits_at_50",
    "selection_score": 0.0936522202250183,
    "selection_split": "valid",
    "tuning_id": "20260502_211032_mlp_scale_1_0"
  }
}
