{
  "config": {
    "batch_size": 65536,
    "dropout": 0.2,
    "epochs": 50,
    "hidden_channels": 128,
    "learning_rate": 0.001,
    "num_layers": 3
  },
  "dataset_name": "ogbl-collab",
  "dataset_scale": 1.0,
  "device": "cuda",
  "experiment_config": {
    "dataset_name": "ogbl-collab",
    "dataset_scale": 1.0,
    "device": "cuda",
    "hyperparameters": {
      "batch_size": 65536,
      "dropout": 0.2,
      "epochs": 50,
      "hidden_channels": 128,
      "learning_rate": 0.001,
      "num_layers": 3
    },
    "ks": [
      10,
      50,
      100
    ],
    "method_name": "mlp",
    "save_result": false,
    "seed": 42
  },
  "losses": [
    1.3770161480237182,
    1.2917548244955532,
    1.0748233170935246,
    0.8603475523653479,
    0.7664502709498869,
    0.7255379109384199,
    0.6976386266470401,
    0.6743808241208429,
    0.651505614829624,
    0.6307167907402554,
    0.6137719461657614,
    0.5975861605426591,
    0.5821106966834791,
    0.5677167193640161,
    0.5543695938226321,
    0.5429061699214789,
    0.529113385864125,
    0.5177182190972216,
    0.5048989581818223,
    0.49562639133928255,
    0.48562524924283906,
    0.47582196216064004,
    0.46839382455128986,
    0.46039705748868853,
    0.4532493377814678,
    0.44544594417896716,
    0.44023317267131007,
    0.4341485039571162,
    0.4289900118173895,
    0.4231531370439286,
    0.4176873366194382,
    0.413579223395904,
    0.4093456377812442,
    0.40493037527322934,
    0.400856437680776,
    0.3979371069515286,
    0.3948843654092203,
    0.3905752275999266,
    0.3899240542127371,
    0.38632087735618925,
    0.3840018826958898,
    0.382192325483534,
    0.3793927572566063,
    0.37693021179043473,
    0.37611335930733186,
    0.3728956530852628,
    0.37115596348234364,
    0.3697251809492915,
    0.36743676536042286,
    0.36669138770268894
  ],
  "memory_delta_mb": 4.0078125,
  "memory_mb": 1832.46484375,
  "method_name": "mlp",
  "metrics": {
    "test": {
      "hits_at_10": 0.01795851410563578,
      "hits_at_100": 0.07908653327289603,
      "hits_at_50": 0.04483153100649701
    },
    "valid": {
      "hits_at_10": 0.02594700752280141,
      "hits_at_100": 0.10661740230344185,
      "hits_at_50": 0.062162971839424805
    }
  },
  "runtime_seconds": 23.15579414900276,
  "seed": 42,
  "status": "completed",
  "timestamp": "20260502_211032_mlp_scale_1_0_run_014",
  "tuning": {
    "grid": {
      "dropout": [
        0.0,
        0.2,
        0.5
      ],
      "hidden_channels": [
        128,
        256
      ],
      "learning_rate": [
        0.001,
        0.005,
        0.01
      ],
      "num_layers": [
        2,
        3
      ]
    },
    "preset": "full",
    "run_index": 14,
    "selection_metric": "hits_at_50",
    "selection_score": 0.062162971839424805,
    "selection_split": "valid",
    "tuning_id": "20260502_211032_mlp_scale_1_0"
  }
}
