{
  "config": {
    "batch_size": 65536,
    "dropout": 0.2,
    "epochs": 50,
    "hidden_channels": 256,
    "learning_rate": 0.01,
    "num_layers": 3
  },
  "dataset_name": "ogbl-collab",
  "dataset_scale": 1.0,
  "device": "cuda",
  "experiment_config": {
    "dataset_name": "ogbl-collab",
    "dataset_scale": 1.0,
    "device": "cuda",
    "hyperparameters": {
      "batch_size": 65536,
      "dropout": 0.2,
      "epochs": 50,
      "hidden_channels": 256,
      "learning_rate": 0.01,
      "num_layers": 3
    },
    "ks": [
      10,
      50,
      100
    ],
    "method_name": "mlp",
    "save_result": false,
    "seed": 42
  },
  "losses": [
    1.0950820699196084,
    0.7485101006513781,
    0.6778150080157564,
    0.6387473770562452,
    0.6001305822953426,
    0.5603881908663486,
    0.5235181936529972,
    0.5340813149002346,
    0.5092605864829434,
    0.45810885265800827,
    0.4338401448745541,
    0.4169149387557685,
    0.4011931234142232,
    0.4010578120209728,
    0.38588183722117153,
    0.41077294904212824,
    0.3823950856938515,
    0.3608204819728152,
    0.35360574183779,
    0.35039030288470097,
    0.3447270608175428,
    0.3414814894000791,
    0.33729785359233416,
    0.3343869387289177,
    0.3335435295539898,
    0.3285566991705662,
    0.3300284833159945,
    0.3258308052127132,
    0.32468009656289715,
    0.32143776872657653,
    0.3187529359154757,
    0.31864402062225705,
    0.31843581886940653,
    0.31481800141792843,
    0.31499758966696734,
    0.31350091035374966,
    0.3125663714442515,
    0.3082877965365992,
    0.3096841014186245,
    0.30475666923102884,
    0.3037415311677067,
    0.3069417916834404,
    0.31001036763500606,
    0.30504701651074506,
    0.3014880381807028,
    0.29920700980158593,
    0.2985889359017068,
    0.2982892515809673,
    0.30067275609070915,
    0.29785410823627184
  ],
  "memory_delta_mb": 6.2265625,
  "memory_mb": 1835.515625,
  "method_name": "mlp",
  "metrics": {
    "test": {
      "hits_at_10": 0.029592695719743572,
      "hits_at_100": 0.1369336700554728,
      "hits_at_50": 0.0783310669343176
    },
    "valid": {
      "hits_at_10": 0.03984421809466747,
      "hits_at_100": 0.17753478463484454,
      "hits_at_50": 0.10909726383063711
    }
  },
  "runtime_seconds": 29.46073565199913,
  "seed": 42,
  "status": "completed",
  "timestamp": "20260502_211032_mlp_scale_1_0_run_024",
  "tuning": {
    "grid": {
      "dropout": [
        0.0,
        0.2,
        0.5
      ],
      "hidden_channels": [
        128,
        256
      ],
      "learning_rate": [
        0.001,
        0.005,
        0.01
      ],
      "num_layers": [
        2,
        3
      ]
    },
    "preset": "full",
    "run_index": 24,
    "selection_metric": "hits_at_50",
    "selection_score": 0.10909726383063711,
    "selection_split": "valid",
    "tuning_id": "20260502_211032_mlp_scale_1_0"
  }
}
