{
  "config": {
    "batch_size": 65536,
    "dropout": 0.5,
    "epochs": 50,
    "hidden_channels": 256,
    "learning_rate": 0.01,
    "num_layers": 2
  },
  "dataset_name": "ogbl-collab",
  "dataset_scale": 1.0,
  "device": "cuda",
  "experiment_config": {
    "dataset_name": "ogbl-collab",
    "dataset_scale": 1.0,
    "device": "cuda",
    "hyperparameters": {
      "batch_size": 65536,
      "dropout": 0.5,
      "epochs": 50,
      "hidden_channels": 256,
      "learning_rate": 0.01,
      "num_layers": 2
    },
    "ks": [
      10,
      50,
      100
    ],
    "method_name": "mlp",
    "save_result": false,
    "seed": 42
  },
  "losses": [
    1.1395786958745648,
    0.7719834876866584,
    0.7064626340662453,
    0.6726352027776747,
    0.6463703187867065,
    0.619215966021203,
    0.5969364402735491,
    0.578070436656318,
    0.5627730430914168,
    0.547233321120478,
    0.5342486666280986,
    0.5220649354924067,
    0.5103040824576245,
    0.4977582918073068,
    0.48828748394784777,
    0.47942598098630573,
    0.47066231423297583,
    0.4619900371119666,
    0.4534867362947635,
    0.4487308570767995,
    0.4412902324292443,
    0.4344273724865896,
    0.43116659707944094,
    0.4254613144195855,
    0.41939198145931084,
    0.41396708160929285,
    0.4106726569791021,
    0.40728809299985946,
    0.4047350603894318,
    0.4001999667623647,
    0.3965627241834823,
    0.3942803193078877,
    0.39042154839911813,
    0.38567476472866,
    0.3837230362537406,
    0.3802621729115189,
    0.3785360537029753,
    0.3758551166520272,
    0.3755173763093869,
    0.3717513118881706,
    0.36937938667439113,
    0.3674225804143616,
    0.3659879590486144,
    0.363497916880784,
    0.3629196421012239,
    0.3603231977616573,
    0.3580783350992552,
    0.3564722500688275,
    0.35691989647734,
    0.3553373475746889
  ],
  "memory_delta_mb": 4.24609375,
  "memory_mb": 1859.5859375,
  "method_name": "mlp",
  "metrics": {
    "test": {
      "hits_at_10": 0.02398066006173239,
      "hits_at_100": 0.07591357465086662,
      "hits_at_50": 0.04660148071402361
    },
    "valid": {
      "hits_at_10": 0.03175554224086279,
      "hits_at_100": 0.1058850942014513,
      "hits_at_50": 0.06445975634112243
    }
  },
  "runtime_seconds": 22.758703685998626,
  "seed": 42,
  "status": "completed",
  "timestamp": "20260502_211032_mlp_scale_1_0_run_035",
  "tuning": {
    "grid": {
      "dropout": [
        0.0,
        0.2,
        0.5
      ],
      "hidden_channels": [
        128,
        256
      ],
      "learning_rate": [
        0.001,
        0.005,
        0.01
      ],
      "num_layers": [
        2,
        3
      ]
    },
    "preset": "full",
    "run_index": 35,
    "selection_metric": "hits_at_50",
    "selection_score": 0.06445975634112243,
    "selection_split": "valid",
    "tuning_id": "20260502_211032_mlp_scale_1_0"
  }
}
