{
  "config": {
    "batch_size": 65536,
    "dropout": 0.5,
    "epochs": 50,
    "hidden_channels": 128,
    "learning_rate": 0.01,
    "num_layers": 2
  },
  "dataset_name": "ogbl-collab",
  "dataset_scale": 1.0,
  "device": "cuda",
  "experiment_config": {
    "dataset_name": "ogbl-collab",
    "dataset_scale": 1.0,
    "device": "cuda",
    "hyperparameters": {
      "batch_size": 65536,
      "dropout": 0.5,
      "epochs": 50,
      "hidden_channels": 128,
      "learning_rate": 0.01,
      "num_layers": 2
    },
    "ks": [
      10,
      50,
      100
    ],
    "method_name": "mlp",
    "save_result": false,
    "seed": 42
  },
  "losses": [
    1.2175739989665535,
    0.8363691524737263,
    0.7395402720774283,
    0.7033418688507335,
    0.680935106632615,
    0.66233687758159,
    0.645385584145399,
    0.631956271975316,
    0.6194000012731121,
    0.6091699304820205,
    0.6021043492990605,
    0.5911092247245358,
    0.5827450962546751,
    0.5740648889346855,
    0.5664240168321903,
    0.559163245497337,
    0.5515250885247952,
    0.5451025251285658,
    0.5396091551365001,
    0.5345704189275032,
    0.5284105102507368,
    0.5231012852427955,
    0.5174090608837703,
    0.5135360848495875,
    0.5085829025063664,
    0.5040676063002069,
    0.5012444987305325,
    0.49737079175239113,
    0.49304636605288304,
    0.48929753893538247,
    0.48574666039707987,
    0.4818566368569736,
    0.4786195012769198,
    0.47529973310920065,
    0.4744684312079452,
    0.4681788858009824,
    0.46627618861717784,
    0.4646699279017448,
    0.45976130576563273,
    0.45750303950401006,
    0.4546109364735659,
    0.45447371411350157,
    0.4513789791250556,
    0.44780999049254916,
    0.4466911299520994,
    0.44471854329406846,
    0.4422175869903922,
    0.4409911232654318,
    0.43858620257375247,
    0.4358108309215582
  ],
  "memory_delta_mb": 5.12109375,
  "memory_mb": 1846.92578125,
  "method_name": "mlp",
  "metrics": {
    "test": {
      "hits_at_10": 0.015433098059530748,
      "hits_at_100": 0.050443566664508194,
      "hits_at_50": 0.0361760452416413
    },
    "valid": {
      "hits_at_10": 0.01790826176685973,
      "hits_at_100": 0.062479195792557084,
      "hits_at_50": 0.043322681579122564
    }
  },
  "runtime_seconds": 20.05037350099883,
  "seed": 42,
  "status": "completed",
  "timestamp": "20260502_211032_mlp_scale_1_0_run_029",
  "tuning": {
    "grid": {
      "dropout": [
        0.0,
        0.2,
        0.5
      ],
      "hidden_channels": [
        128,
        256
      ],
      "learning_rate": [
        0.001,
        0.005,
        0.01
      ],
      "num_layers": [
        2,
        3
      ]
    },
    "preset": "full",
    "run_index": 29,
    "selection_metric": "hits_at_50",
    "selection_score": 0.043322681579122564,
    "selection_split": "valid",
    "tuning_id": "20260502_211032_mlp_scale_1_0"
  }
}
