{
  "config": {
    "batch_size": 65536,
    "dropout": 0.0,
    "epochs": 50,
    "hidden_channels": 128,
    "learning_rate": 0.001,
    "num_layers": 2
  },
  "dataset_name": "ogbl-collab",
  "dataset_scale": 1.0,
  "device": "cuda",
  "experiment_config": {
    "dataset_name": "ogbl-collab",
    "dataset_scale": 1.0,
    "device": "cuda",
    "hyperparameters": {
      "batch_size": 65536,
      "dropout": 0.0,
      "epochs": 50,
      "hidden_channels": 128,
      "learning_rate": 0.001,
      "num_layers": 2
    },
    "ks": [
      10,
      50,
      100
    ],
    "method_name": "mlp",
    "save_result": false,
    "seed": 42
  },
  "losses": [
    1.3756740187324534,
    1.3351667138034564,
    1.2724818508082527,
    1.1941073831158198,
    1.110379040009304,
    1.0309597380323547,
    0.9630205350294525,
    0.9082325276129681,
    0.8657024520283978,
    0.8327213264752674,
    0.8075431044815128,
    0.7889469964457256,
    0.772613202368526,
    0.7604048845432408,
    0.7511493280290202,
    0.7438715591099618,
    0.7356253864376815,
    0.7298152655534862,
    0.7239809348688752,
    0.7180945555237487,
    0.7132162917040185,
    0.7096621433550349,
    0.7045401037535054,
    0.7018148706926323,
    0.6965585334313864,
    0.693186988986286,
    0.689119472014689,
    0.6863324847177955,
    0.6830367029366574,
    0.6809439030554477,
    0.6754681774215685,
    0.6713358023486289,
    0.6678869713113595,
    0.6635800451284439,
    0.6604002881483572,
    0.6565261474335554,
    0.6516141467416456,
    0.649388600668394,
    0.6436598316928814,
    0.6405919823076858,
    0.6380731479457621,
    0.6345385519739309,
    0.631128515765134,
    0.627638479724898,
    0.6247079814494229,
    0.621112726781223,
    0.6190311993832996,
    0.6159131224542872,
    0.6123784791684649,
    0.6089196667387928
  ],
  "memory_delta_mb": 732.69921875,
  "memory_mb": 1766.44140625,
  "method_name": "mlp",
  "metrics": {
    "test": {
      "hits_at_10": 0.007792095663623217,
      "hits_at_100": 0.029614280472274386,
      "hits_at_50": 0.019102505989768828
    },
    "valid": {
      "hits_at_10": 0.011483922508488117,
      "hits_at_100": 0.035633446508221825,
      "hits_at_50": 0.021070501298182543
    }
  },
  "runtime_seconds": 20.260957678001432,
  "seed": 42,
  "status": "completed",
  "timestamp": "20260502_211032_mlp_scale_1_0_run_001",
  "tuning": {
    "grid": {
      "dropout": [
        0.0,
        0.2,
        0.5
      ],
      "hidden_channels": [
        128,
        256
      ],
      "learning_rate": [
        0.001,
        0.005,
        0.01
      ],
      "num_layers": [
        2,
        3
      ]
    },
    "preset": "full",
    "run_index": 1,
    "selection_metric": "hits_at_50",
    "selection_score": 0.021070501298182543,
    "selection_split": "valid",
    "tuning_id": "20260502_211032_mlp_scale_1_0"
  }
}
