{
  "config": {
    "batch_size": 65536,
    "dropout": 0.5,
    "epochs": 50,
    "hidden_channels": 128,
    "learning_rate": 0.005,
    "num_layers": 2
  },
  "dataset_name": "ogbl-collab",
  "dataset_scale": 1.0,
  "device": "cuda",
  "experiment_config": {
    "dataset_name": "ogbl-collab",
    "dataset_scale": 1.0,
    "device": "cuda",
    "hyperparameters": {
      "batch_size": 65536,
      "dropout": 0.5,
      "epochs": 50,
      "hidden_channels": 128,
      "learning_rate": 0.005,
      "num_layers": 2
    },
    "ks": [
      10,
      50,
      100
    ],
    "method_name": "mlp",
    "save_result": false,
    "seed": 42
  },
  "losses": [
    1.304255482503104,
    1.0238390923810616,
    0.8247444876731931,
    0.7545602250721105,
    0.7223266952446595,
    0.7019627207070795,
    0.6871288274372199,
    0.6745869226735437,
    0.6625701097910212,
    0.6508940386734868,
    0.6422195632366099,
    0.6314723374632383,
    0.623208958099424,
    0.6159353042649167,
    0.6084949448708006,
    0.6020168831955678,
    0.5969037131171513,
    0.5906752392695704,
    0.5845852396427793,
    0.5795778900006059,
    0.5733938128484992,
    0.5677933332173613,
    0.5614989607781988,
    0.5570166734323357,
    0.552185449004244,
    0.5463749880961588,
    0.542823058057573,
    0.5386050072797998,
    0.534132594284354,
    0.530339183866516,
    0.5260439744861151,
    0.5219858197114342,
    0.5193260213435256,
    0.5153669729375728,
    0.5124840720088842,
    0.5078512959606579,
    0.5056610618015512,
    0.5030179373547363,
    0.4987508768904921,
    0.49671014420435666,
    0.49323944914611656,
    0.4926065722611406,
    0.4885532425469903,
    0.4857127181595064,
    0.48396021605689765,
    0.4810761468051436,
    0.479394291408697,
    0.4772005871466125,
    0.474492522533809,
    0.47103187759733617
  ],
  "memory_delta_mb": 5.2109375,
  "memory_mb": 1837.51171875,
  "method_name": "mlp",
  "metrics": {
    "test": {
      "hits_at_10": 0.012519156467871096,
      "hits_at_100": 0.04157223337434436,
      "hits_at_50": 0.03002439077035982
    },
    "valid": {
      "hits_at_10": 0.013897210571866055,
      "hits_at_100": 0.05136142733506424,
      "hits_at_50": 0.036315824512349375
    }
  },
  "runtime_seconds": 20.13733286599745,
  "seed": 42,
  "status": "completed",
  "timestamp": "20260502_211032_mlp_scale_1_0_run_027",
  "tuning": {
    "grid": {
      "dropout": [
        0.0,
        0.2,
        0.5
      ],
      "hidden_channels": [
        128,
        256
      ],
      "learning_rate": [
        0.001,
        0.005,
        0.01
      ],
      "num_layers": [
        2,
        3
      ]
    },
    "preset": "full",
    "run_index": 27,
    "selection_metric": "hits_at_50",
    "selection_score": 0.036315824512349375,
    "selection_split": "valid",
    "tuning_id": "20260502_211032_mlp_scale_1_0"
  }
}
