{
  "config": {
    "batch_size": 65536,
    "dropout": 0.5,
    "epochs": 50,
    "hidden_channels": 256,
    "learning_rate": 0.001,
    "num_layers": 2
  },
  "dataset_name": "ogbl-collab",
  "dataset_scale": 1.0,
  "device": "cuda",
  "experiment_config": {
    "dataset_name": "ogbl-collab",
    "dataset_scale": 1.0,
    "device": "cuda",
    "hyperparameters": {
      "batch_size": 65536,
      "dropout": 0.5,
      "epochs": 50,
      "hidden_channels": 256,
      "learning_rate": 0.001,
      "num_layers": 2
    },
    "ks": [
      10,
      50,
      100
    ],
    "method_name": "mlp",
    "save_result": false,
    "seed": 42
  },
  "losses": [
    1.3699313185958595,
    1.308324267206852,
    1.2144649390300954,
    1.103963903303121,
    1.0012385421770391,
    0.9200214773102787,
    0.8602205545316493,
    0.8191597013181873,
    0.7900191076823514,
    0.7683475095338602,
    0.7526335539028876,
    0.7407694593604413,
    0.7293913118205038,
    0.7191659716815625,
    0.7111127022915746,
    0.7050945990449494,
    0.6962718790391986,
    0.6912513048675373,
    0.68319450266496,
    0.6774186093600325,
    0.6703307408301289,
    0.6641914908911426,
    0.6585143800093416,
    0.6523829007102395,
    0.6461973809547793,
    0.6395906762619653,
    0.6352260339773841,
    0.6287560726347073,
    0.6249299652301122,
    0.6191945901992838,
    0.6141931727929811,
    0.6091340298661757,
    0.605282122113778,
    0.6008355449270595,
    0.596964077855568,
    0.5927035507105436,
    0.5900825736188321,
    0.5849023704855777,
    0.5827618359414117,
    0.5791817740070637,
    0.5752565551541727,
    0.5731702019649242,
    0.56919873325268,
    0.5661470362807451,
    0.5637385227782259,
    0.5594516350909539,
    0.5570530936629038,
    0.5536859216257427,
    0.5506353664826398,
    0.5484331805461113
  ],
  "memory_delta_mb": 18.71484375,
  "memory_mb": 1828.3046875,
  "method_name": "mlp",
  "metrics": {
    "test": {
      "hits_at_10": 0.007943188931338902,
      "hits_at_100": 0.03324051889745084,
      "hits_at_50": 0.021476828768158172
    },
    "valid": {
      "hits_at_10": 0.010568537380999934,
      "hits_at_100": 0.04034351907329738,
      "hits_at_50": 0.023333999067971508
    }
  },
  "runtime_seconds": 22.807035999001528,
  "seed": 42,
  "status": "completed",
  "timestamp": "20260502_211032_mlp_scale_1_0_run_031",
  "tuning": {
    "grid": {
      "dropout": [
        0.0,
        0.2,
        0.5
      ],
      "hidden_channels": [
        128,
        256
      ],
      "learning_rate": [
        0.001,
        0.005,
        0.01
      ],
      "num_layers": [
        2,
        3
      ]
    },
    "preset": "full",
    "run_index": 31,
    "selection_metric": "hits_at_50",
    "selection_score": 0.023333999067971508,
    "selection_split": "valid",
    "tuning_id": "20260502_211032_mlp_scale_1_0"
  }
}
