{
  "config": {
    "batch_size": 65536,
    "dropout": 0.5,
    "epochs": 50,
    "hidden_channels": 256,
    "learning_rate": 0.005,
    "num_layers": 2
  },
  "dataset_name": "ogbl-collab",
  "dataset_scale": 1.0,
  "device": "cuda",
  "experiment_config": {
    "dataset_name": "ogbl-collab",
    "dataset_scale": 1.0,
    "device": "cuda",
    "hyperparameters": {
      "batch_size": 65536,
      "dropout": 0.5,
      "epochs": 50,
      "hidden_channels": 256,
      "learning_rate": 0.005,
      "num_layers": 2
    },
    "ks": [
      10,
      50,
      100
    ],
    "method_name": "mlp",
    "save_result": false,
    "seed": 42
  },
  "losses": [
    1.2561531623511641,
    0.9050456175331755,
    0.7584025794024858,
    0.7152144487025884,
    0.6914700900471428,
    0.6724866627720719,
    0.6542856934595829,
    0.637616493653137,
    0.621783121449238,
    0.6078010594956884,
    0.5964189431200889,
    0.5862116616270328,
    0.5754459380119956,
    0.5650628216816334,
    0.5557744140598518,
    0.5484491181939467,
    0.5383777691699978,
    0.5315637342981113,
    0.5221972652761517,
    0.5161730946041507,
    0.5087962219166097,
    0.5015904491327874,
    0.4954753143271064,
    0.490327417068338,
    0.48388618335484684,
    0.47784700027992355,
    0.4735634633454991,
    0.46790955444983345,
    0.46360989109186246,
    0.4591378435332111,
    0.454590749057609,
    0.44959193414002135,
    0.4457886119697064,
    0.4411978668800852,
    0.4377857282162902,
    0.43372796069476366,
    0.4317178052538816,
    0.4271713768469349,
    0.4253751735173265,
    0.42272613640614315,
    0.4194161793470075,
    0.4171619528934491,
    0.41384701747921754,
    0.41174058002462793,
    0.4094543006130624,
    0.40623907200362697,
    0.4041165292724277,
    0.4020922338387504,
    0.3988405638465526,
    0.3974441263347241
  ],
  "memory_delta_mb": 4.2265625,
  "memory_mb": 1841.55859375,
  "method_name": "mlp",
  "metrics": {
    "test": {
      "hits_at_10": 0.018476548166375274,
      "hits_at_100": 0.06145179045522243,
      "hits_at_50": 0.03710418960046623
    },
    "valid": {
      "hits_at_10": 0.025198056054856536,
      "hits_at_100": 0.08368284401837428,
      "hits_at_50": 0.050312895279941414
    }
  },
  "runtime_seconds": 22.739088073001767,
  "seed": 42,
  "status": "completed",
  "timestamp": "20260502_211032_mlp_scale_1_0_run_033",
  "tuning": {
    "grid": {
      "dropout": [
        0.0,
        0.2,
        0.5
      ],
      "hidden_channels": [
        128,
        256
      ],
      "learning_rate": [
        0.001,
        0.005,
        0.01
      ],
      "num_layers": [
        2,
        3
      ]
    },
    "preset": "full",
    "run_index": 33,
    "selection_metric": "hits_at_50",
    "selection_score": 0.050312895279941414,
    "selection_split": "valid",
    "tuning_id": "20260502_211032_mlp_scale_1_0"
  }
}
