{
  "config": {
    "batch_size": 65536,
    "dropout": 0.0,
    "epochs": 50,
    "hidden_channels": 256,
    "learning_rate": 0.001,
    "num_layers": 2
  },
  "dataset_name": "ogbl-collab",
  "dataset_scale": 1.0,
  "device": "cuda",
  "experiment_config": {
    "dataset_name": "ogbl-collab",
    "dataset_scale": 1.0,
    "device": "cuda",
    "hyperparameters": {
      "batch_size": 65536,
      "dropout": 0.0,
      "epochs": 50,
      "hidden_channels": 256,
      "learning_rate": 0.001,
      "num_layers": 2
    },
    "ks": [
      10,
      50,
      100
    ],
    "method_name": "mlp",
    "save_result": false,
    "seed": 42
  },
  "losses": [
    1.3693704150363928,
    1.3061953852236303,
    1.2093130992277876,
    1.0962298200884333,
    0.9912854164829388,
    0.9088664538206052,
    0.8500012843879974,
    0.8091169593805457,
    0.7811439792421394,
    0.7610132526046384,
    0.7469517171759221,
    0.737215272640701,
    0.7267270223406943,
    0.7191094392170914,
    0.7128831501517269,
    0.7070565849069138,
    0.6993072430166045,
    0.6936401382019353,
    0.6871561936946851,
    0.6803238908600928,
    0.6741018913228037,
    0.6685290008321589,
    0.6615614799322772,
    0.6566360432736629,
    0.6498542256971515,
    0.644766311934299,
    0.6384973400716427,
    0.6333349301752323,
    0.6283118413594313,
    0.6244244049453803,
    0.617652295942168,
    0.6122005772153536,
    0.6073301231554601,
    0.6019113404782296,
    0.597209462119754,
    0.5918398864722301,
    0.5855792184760885,
    0.5822825249327311,
    0.5757160174159653,
    0.5714420126728095,
    0.5675471688965489,
    0.5627665817427184,
    0.5581578240595009,
    0.5535793240164177,
    0.5493846318939618,
    0.5448429537822511,
    0.5415520872183119,
    0.537921960146592,
    0.5333585207728414,
    0.5294581433747466
  ],
  "memory_delta_mb": 2.16796875,
  "memory_mb": 1797.37109375,
  "method_name": "mlp",
  "metrics": {
    "test": {
      "hits_at_10": 0.009259858835718449,
      "hits_at_100": 0.03419024800880658,
      "hits_at_50": 0.02408858382438645
    },
    "valid": {
      "hits_at_10": 0.013630916716596764,
      "hits_at_100": 0.04217428932827375,
      "hits_at_50": 0.03000798881565808
    }
  },
  "runtime_seconds": 21.69069427899376,
  "seed": 42,
  "status": "completed",
  "timestamp": "20260502_211032_mlp_scale_1_0_run_007",
  "tuning": {
    "grid": {
      "dropout": [
        0.0,
        0.2,
        0.5
      ],
      "hidden_channels": [
        128,
        256
      ],
      "learning_rate": [
        0.001,
        0.005,
        0.01
      ],
      "num_layers": [
        2,
        3
      ]
    },
    "preset": "full",
    "run_index": 7,
    "selection_metric": "hits_at_50",
    "selection_score": 0.03000798881565808,
    "selection_split": "valid",
    "tuning_id": "20260502_211032_mlp_scale_1_0"
  }
}
