{
  "config": {
    "batch_size": 65536,
    "dropout": 0.2,
    "epochs": 50,
    "hidden_channels": 256,
    "learning_rate": 0.01,
    "num_layers": 2
  },
  "dataset_name": "ogbl-collab",
  "dataset_scale": 1.0,
  "device": "cuda",
  "experiment_config": {
    "dataset_name": "ogbl-collab",
    "dataset_scale": 1.0,
    "device": "cuda",
    "hyperparameters": {
      "batch_size": 65536,
      "dropout": 0.2,
      "epochs": 50,
      "hidden_channels": 256,
      "learning_rate": 0.01,
      "num_layers": 2
    },
    "ks": [
      10,
      50,
      100
    ],
    "method_name": "mlp",
    "save_result": false,
    "seed": 42
  },
  "losses": [
    1.1348509459198648,
    0.7723448111708827,
    0.7109112720453945,
    0.6813879921161682,
    0.6595273209740118,
    0.6353978635954098,
    0.6102255797530387,
    0.5865143503323252,
    0.5663017172439291,
    0.5482335061069754,
    0.5320821829581742,
    0.5163315331564662,
    0.5028721847152137,
    0.48712691483321596,
    0.4755881748290523,
    0.46486984555461636,
    0.45343346920767535,
    0.443034722735438,
    0.4334269146998954,
    0.4272633709597678,
    0.4165865137387964,
    0.40938882515838537,
    0.4047498085762632,
    0.39874749125146736,
    0.3922124593673604,
    0.3858844512713632,
    0.3824184108361533,
    0.376907703637788,
    0.3761010239654078,
    0.37074082534877606,
    0.36620840918996234,
    0.3618940437068517,
    0.35931490666843746,
    0.35756940717332564,
    0.354726182174616,
    0.34935673775323994,
    0.3477135248604085,
    0.3435763087933328,
    0.34396993289978595,
    0.33995412500796235,
    0.3379261312961865,
    0.33607803292184174,
    0.33429834628199556,
    0.3325951129970221,
    0.3316914119432242,
    0.3297242929975105,
    0.3277772384784123,
    0.32623365592609627,
    0.32534906906675287,
    0.32360985312484647
  ],
  "memory_delta_mb": 4.0546875,
  "memory_mb": 1833.515625,
  "method_name": "mlp",
  "metrics": {
    "test": {
      "hits_at_10": 0.02300934619784584,
      "hits_at_100": 0.11120464503874464,
      "hits_at_50": 0.06173239223812299
    },
    "valid": {
      "hits_at_10": 0.03280407429598562,
      "hits_at_100": 0.14749350908727782,
      "hits_at_50": 0.08707809067305772
    }
  },
  "runtime_seconds": 22.87265495199972,
  "seed": 42,
  "status": "completed",
  "timestamp": "20260502_211032_mlp_scale_1_0_run_023",
  "tuning": {
    "grid": {
      "dropout": [
        0.0,
        0.2,
        0.5
      ],
      "hidden_channels": [
        128,
        256
      ],
      "learning_rate": [
        0.001,
        0.005,
        0.01
      ],
      "num_layers": [
        2,
        3
      ]
    },
    "preset": "full",
    "run_index": 23,
    "selection_metric": "hits_at_50",
    "selection_score": 0.08707809067305772,
    "selection_split": "valid",
    "tuning_id": "20260502_211032_mlp_scale_1_0"
  }
}
