{
  "config": {
    "batch_size": 65536,
    "dropout": 0.5,
    "epochs": 50,
    "hidden_channels": 128,
    "learning_rate": 0.001,
    "num_layers": 2
  },
  "dataset_name": "ogbl-collab",
  "dataset_scale": 1.0,
  "device": "cuda",
  "experiment_config": {
    "dataset_name": "ogbl-collab",
    "dataset_scale": 1.0,
    "device": "cuda",
    "hyperparameters": {
      "batch_size": 65536,
      "dropout": 0.5,
      "epochs": 50,
      "hidden_channels": 128,
      "learning_rate": 0.001,
      "num_layers": 2
    },
    "ks": [
      10,
      50,
      100
    ],
    "method_name": "mlp",
    "save_result": false,
    "seed": 42
  },
  "losses": [
    1.3762861590987656,
    1.3374232163618547,
    1.2768183333959413,
    1.201408830847151,
    1.1207970780770744,
    1.0445943068341474,
    0.9791951056361271,
    0.926112991629441,
    0.883814477077874,
    0.8510429195096846,
    0.8254277818210163,
    0.8041866590334303,
    0.7875640273499814,
    0.7737383181386359,
    0.762088713829851,
    0.7515413052895086,
    0.7435858406125918,
    0.7354869332540274,
    0.7285197794257238,
    0.7225919500891803,
    0.7173560179961918,
    0.7114739166174616,
    0.7059835691466553,
    0.7015458181734647,
    0.6970366060128979,
    0.6918035219687281,
    0.6881845868422487,
    0.6835311295886582,
    0.678501351535168,
    0.6745597467902763,
    0.6696459947939791,
    0.6647142873098945,
    0.6610012082097886,
    0.6574647010966345,
    0.6531348019702952,
    0.6485398857226069,
    0.6453445459368795,
    0.6427205251569529,
    0.638513647069582,
    0.6366083114474923,
    0.6328303589802436,
    0.6310297258500492,
    0.6272303060279573,
    0.6242239343949885,
    0.6212480436574545,
    0.6192751813272085,
    0.6174257371265016,
    0.6149973762523389,
    0.6125496178188528,
    0.6084017843508618
  ],
  "memory_delta_mb": 5.2265625,
  "memory_mb": 1835.515625,
  "method_name": "mlp",
  "metrics": {
    "test": {
      "hits_at_10": 0.006453841006712858,
      "hits_at_100": 0.030952535129184743,
      "hits_at_50": 0.020138574111247816
    },
    "valid": {
      "hits_at_10": 0.008471473270754277,
      "hits_at_100": 0.03548365621463285,
      "hits_at_50": 0.022185606817122696
    }
  },
  "runtime_seconds": 20.06917102499574,
  "seed": 42,
  "status": "completed",
  "timestamp": "20260502_211032_mlp_scale_1_0_run_025",
  "tuning": {
    "grid": {
      "dropout": [
        0.0,
        0.2,
        0.5
      ],
      "hidden_channels": [
        128,
        256
      ],
      "learning_rate": [
        0.001,
        0.005,
        0.01
      ],
      "num_layers": [
        2,
        3
      ]
    },
    "preset": "full",
    "run_index": 25,
    "selection_metric": "hits_at_50",
    "selection_score": 0.022185606817122696,
    "selection_split": "valid",
    "tuning_id": "20260502_211032_mlp_scale_1_0"
  }
}
