{
  "config": {
    "batch_size": 65536,
    "dropout": 0.2,
    "epochs": 50,
    "hidden_channels": 128,
    "learning_rate": 0.005,
    "num_layers": 2
  },
  "dataset_name": "ogbl-collab",
  "dataset_scale": 1.0,
  "device": "cuda",
  "experiment_config": {
    "dataset_name": "ogbl-collab",
    "dataset_scale": 1.0,
    "device": "cuda",
    "hyperparameters": {
      "batch_size": 65536,
      "dropout": 0.2,
      "epochs": 50,
      "hidden_channels": 128,
      "learning_rate": 0.005,
      "num_layers": 2
    },
    "ks": [
      10,
      50,
      100
    ],
    "method_name": "mlp",
    "save_result": false,
    "seed": 42
  },
  "losses": [
    1.3022403310068946,
    1.015892515204318,
    0.8148440130842491,
    0.747718028250082,
    0.7172201192685996,
    0.6990942583670748,
    0.6858836376666578,
    0.6736498997366375,
    0.6612815779892807,
    0.6471176817745513,
    0.6355548975046377,
    0.6222614874344379,
    0.6114811120906724,
    0.6023962006402512,
    0.5930645632594926,
    0.5848257053148462,
    0.5781505963738302,
    0.5698763393462563,
    0.5622065580598583,
    0.5549667077971913,
    0.5473848651012553,
    0.5400004079003604,
    0.531928030143064,
    0.5256620246097558,
    0.5194041233964238,
    0.5129189372955651,
    0.5077141547701476,
    0.5021503786731762,
    0.49602519611342943,
    0.49155316228194634,
    0.4862358230624195,
    0.48072512941155704,
    0.4767778640315702,
    0.4712984114424792,
    0.46812831202192673,
    0.46305925641772616,
    0.459470338961532,
    0.45581771619262174,
    0.4511599989514135,
    0.44833328125699373,
    0.4449446059622313,
    0.4434291735018343,
    0.4388622678442858,
    0.4355938555339652,
    0.4333257811526561,
    0.43000132793171575,
    0.427761750996202,
    0.42560832449856206,
    0.42279139702462043,
    0.4188920659598854
  ],
  "memory_delta_mb": 17.8515625,
  "memory_mb": 1819.21484375,
  "method_name": "mlp",
  "metrics": {
    "test": {
      "hits_at_10": 0.013555224589350084,
      "hits_at_100": 0.05655205163072805,
      "hits_at_50": 0.034211832761337393
    },
    "valid": {
      "hits_at_10": 0.016576792490513283,
      "hits_at_100": 0.0765761267558751,
      "hits_at_50": 0.043322681579122564
    }
  },
  "runtime_seconds": 20.30377576399769,
  "seed": 42,
  "status": "completed",
  "timestamp": "20260502_211032_mlp_scale_1_0_run_015",
  "tuning": {
    "grid": {
      "dropout": [
        0.0,
        0.2,
        0.5
      ],
      "hidden_channels": [
        128,
        256
      ],
      "learning_rate": [
        0.001,
        0.005,
        0.01
      ],
      "num_layers": [
        2,
        3
      ]
    },
    "preset": "full",
    "run_index": 15,
    "selection_metric": "hits_at_50",
    "selection_score": 0.043322681579122564,
    "selection_split": "valid",
    "tuning_id": "20260502_211032_mlp_scale_1_0"
  }
}
