{
  "config": {
    "batch_size": 65536,
    "dropout": 0.0,
    "epochs": 50,
    "hidden_channels": 128,
    "learning_rate": 0.001,
    "num_layers": 3
  },
  "dataset_name": "ogbl-collab",
  "dataset_scale": 1.0,
  "device": "cuda",
  "experiment_config": {
    "dataset_name": "ogbl-collab",
    "dataset_scale": 1.0,
    "device": "cuda",
    "hyperparameters": {
      "batch_size": 65536,
      "dropout": 0.0,
      "epochs": 50,
      "hidden_channels": 128,
      "learning_rate": 0.001,
      "num_layers": 3
    },
    "ks": [
      10,
      50,
      100
    ],
    "method_name": "mlp",
    "save_result": false,
    "seed": 42
  },
  "losses": [
    1.3773046360549936,
    1.296198835226135,
    1.0766687459522133,
    0.8470635493542337,
    0.7539208537977881,
    0.725344411515651,
    0.7121192061962525,
    0.7019461777761522,
    0.6944431542277687,
    0.6837354691250066,
    0.6721331213963933,
    0.659896902177119,
    0.6437492847793668,
    0.6290715839897256,
    0.6151065839165488,
    0.6009892398080007,
    0.5862855345042808,
    0.574954074328175,
    0.5627057115874965,
    0.5511866217324614,
    0.5402562953104696,
    0.5300969547949472,
    0.5194627429392806,
    0.5096700665349502,
    0.5001194716672304,
    0.49327264610734234,
    0.4853751709543933,
    0.47907831035258547,
    0.4731221557065309,
    0.4697353942919531,
    0.46311809416088434,
    0.4584550277882744,
    0.45423466818450836,
    0.45051274015659176,
    0.44708100439320336,
    0.44378572167182745,
    0.4404219507512679,
    0.4382008284973706,
    0.43506746213203007,
    0.4317238946020821,
    0.4302046255904481,
    0.42832868225324244,
    0.4258780945190323,
    0.4253965383161587,
    0.4221842659953307,
    0.4194798274352163,
    0.4186903198181673,
    0.4172947668542471,
    0.4150682212722738,
    0.41377724163423785
  ],
  "memory_delta_mb": 4.08203125,
  "memory_mb": 1795.99609375,
  "method_name": "mlp",
  "metrics": {
    "test": {
      "hits_at_10": 0.012907682013425716,
      "hits_at_100": 0.04457251397612726,
      "hits_at_50": 0.03198860325066373
    },
    "valid": {
      "hits_at_10": 0.02504826576126756,
      "hits_at_100": 0.06635710005991612,
      "hits_at_50": 0.04906464283336662
    }
  },
  "runtime_seconds": 21.62107245099469,
  "seed": 42,
  "status": "completed",
  "timestamp": "20260502_211032_mlp_scale_1_0_run_002",
  "tuning": {
    "grid": {
      "dropout": [
        0.0,
        0.2,
        0.5
      ],
      "hidden_channels": [
        128,
        256
      ],
      "learning_rate": [
        0.001,
        0.005,
        0.01
      ],
      "num_layers": [
        2,
        3
      ]
    },
    "preset": "full",
    "run_index": 2,
    "selection_metric": "hits_at_50",
    "selection_score": 0.04906464283336662,
    "selection_split": "valid",
    "tuning_id": "20260502_211032_mlp_scale_1_0"
  }
}
