{
  "config": {
    "batch_size": 65536,
    "dropout": 0.0,
    "epochs": 50,
    "hidden_channels": 256,
    "learning_rate": 0.005,
    "num_layers": 2
  },
  "dataset_name": "ogbl-collab",
  "dataset_scale": 1.0,
  "device": "cuda",
  "experiment_config": {
    "dataset_name": "ogbl-collab",
    "dataset_scale": 1.0,
    "device": "cuda",
    "hyperparameters": {
      "batch_size": 65536,
      "dropout": 0.0,
      "epochs": 50,
      "hidden_channels": 256,
      "learning_rate": 0.005,
      "num_layers": 2
    },
    "ks": [
      10,
      50,
      100
    ],
    "method_name": "mlp",
    "save_result": false,
    "seed": 42
  },
  "losses": [
    1.2524811051192226,
    0.8920298830817067,
    0.7575630686669199,
    0.7237640494270435,
    0.7069598736555628,
    0.6921377029559135,
    0.6783447237824881,
    0.662675461674129,
    0.6479387619195447,
    0.6319629256172051,
    0.6177136366914517,
    0.6052538769296987,
    0.5904391588418668,
    0.5775963894218747,
    0.5655730527513997,
    0.5529168969885709,
    0.5402647668464033,
    0.5294260620785338,
    0.5190538119703663,
    0.5071392191026911,
    0.4978426653101064,
    0.49048753805341994,
    0.48075775870356774,
    0.47230428727921026,
    0.4637116171200448,
    0.45596859077835467,
    0.44840631428359895,
    0.4409387838486897,
    0.4342779628404576,
    0.42832001862491464,
    0.42094760518833174,
    0.41616288248750116,
    0.4114963680236103,
    0.40614761302064495,
    0.4011328460434646,
    0.39675012676720456,
    0.3919211597757318,
    0.389771675276973,
    0.3845238989815791,
    0.3817099540576313,
    0.38019964936725414,
    0.3768530118912434,
    0.3735460302278375,
    0.3711104245303588,
    0.36785905773124045,
    0.3653656940207068,
    0.36295994796506165,
    0.36120031554365867,
    0.35866582549228226,
    0.3574110198630726
  ],
  "memory_delta_mb": 2.015625,
  "memory_mb": 1810.65234375,
  "method_name": "mlp",
  "metrics": {
    "test": {
      "hits_at_10": 0.020829286192233808,
      "hits_at_100": 0.07733816831790023,
      "hits_at_50": 0.05324958449351378
    },
    "valid": {
      "hits_at_10": 0.03548365621463285,
      "hits_at_100": 0.11066174023034418,
      "hits_at_50": 0.08163571000599161
    }
  },
  "runtime_seconds": 21.68970794800407,
  "seed": 42,
  "status": "completed",
  "timestamp": "20260502_211032_mlp_scale_1_0_run_009",
  "tuning": {
    "grid": {
      "dropout": [
        0.0,
        0.2,
        0.5
      ],
      "hidden_channels": [
        128,
        256
      ],
      "learning_rate": [
        0.001,
        0.005,
        0.01
      ],
      "num_layers": [
        2,
        3
      ]
    },
    "preset": "full",
    "run_index": 9,
    "selection_metric": "hits_at_50",
    "selection_score": 0.08163571000599161,
    "selection_split": "valid",
    "tuning_id": "20260502_211032_mlp_scale_1_0"
  }
}
