{
  "config": {
    "batch_size": 65536,
    "dropout": 0.2,
    "epochs": 200,
    "hidden_channels": 256,
    "learning_rate": 0.005,
    "num_layers": 3
  },
  "dataset_name": "ogbl-collab",
  "dataset_scale": 0.5,
  "device": "cuda",
  "experiment_config": {
    "dataset_name": "ogbl-collab",
    "dataset_scale": 0.5,
    "device": "cuda",
    "hyperparameters": {
      "batch_size": 65536,
      "dropout": 0.2,
      "epochs": 200,
      "hidden_channels": 256,
      "learning_rate": 0.005,
      "num_layers": 3
    },
    "ks": [
      10,
      50,
      100
    ],
    "method_name": "gcn",
    "save_result": true,
    "seed": 42
  },
  "losses": [
    1.3590199945294614,
    1.085985379652873,
    0.8591572201441294,
    0.6171455481329162,
    0.5268085889403076,
    0.437313233352904,
    0.3722552942138256,
    0.3855725493262705,
    0.36400854430678786,
    0.2962866405325365,
    0.2568333234397988,
    0.23258839865476155,
    0.2248675109115821,
    0.1961952242406334,
    0.17760778901077232,
    0.16533330712324026,
    0.15562682452273524,
    0.16342666667526295,
    0.13914949002188984,
    0.1308513267779821,
    0.12118255466786228,
    0.12162563767152552,
    0.13199587161132728,
    0.25689084835862036,
    0.16247343826287192,
    0.12007050751124798,
    0.11118627764717066,
    0.1062517335971087,
    0.10329381969620786,
    0.0889888336532617,
    0.08764876079210591,
    0.09522406046099846,
    0.1057390624466897,
    0.08615248236197212,
    0.07987919386690762,
    0.07649838685479199,
    0.07939616164578826,
    0.08126857811460614,
    0.0839701007169117,
    0.07221905538935383,
    0.06865963248415845,
    0.06449340147165208,
    0.06546082048835275,
    0.06731224799917275,
    0.07499279856291251,
    0.07605292727210188,
    0.0686293204704799,
    0.061935849728729876,
    0.05722202417141998,
    0.05574467469708567,
    0.054823416775287306,
    0.054123503339744465,
    0.06633158793865065,
    0.22737388618000173,
    0.15739095596152106,
    0.19231180437317794,
    0.13014333659874613,
    0.08869788193630669,
    0.0715833191277637,
    0.06331173492069922,
    0.05818033540022353,
    0.05592003901732217,
    0.052826812876976485,
    0.05134138940687243,
    0.052330157377065256,
    0.050681524286717114,
    0.04851371216521444,
    0.04737063492884054,
    0.0489640884912868,
    0.04779999583666574,
    0.045939607102541406,
    0.06281774262478507,
    0.07324301756309697,
    0.05723781177384668,
    0.050816300059436346,
    0.04732813492711504,
    0.04466586625942165,
    0.04332732813769174,
    0.0440308769895444,
    0.042795811045719764,
    0.041288318332581474,
    0.04092978913984791,
    0.039999273946602736,
    0.040078949689172944,
    0.041124805037942545,
    0.0422488661395227,
    0.03956690570809546,
    0.03921857414176807,
    0.03941985136011328,
    0.0397327254006275,
    0.03921538860995542,
    0.03992820892137833,
    0.03817338970741405,
    0.03726979560191412,
    0.03706282947870418,
    0.03763876394074505,
    0.0367278650183926,
    0.03622553117959057,
    0.038181323618629366,
    0.03630728830439599,
    0.03546755368985693,
    0.03588169171363995,
    0.036044042387114256,
    0.03461652122116209,
    0.033623366640170314,
    0.03359384827997338,
    0.05028972969529893,
    0.21557727060176712,
    0.12892004029148912,
    0.08813542427459463,
    0.08589736251418291,
    0.06595947041992878,
    0.052249230742239174,
    0.04633288143225076,
    0.0436658493862998,
    0.040897057471352576,
    0.039587428041151625,
    0.03910680983584873,
    0.037450716253970555,
    0.03687143445032445,
    0.035548840223974885,
    0.03508775805080563,
    0.03485951406380151,
    0.03442117418728387,
    0.0346401883784606,
    0.03429918248250017,
    0.03328244554496238,
    0.03272162369305393,
    0.033409467014443306,
    0.032000790963799146,
    0.03160832708770642,
    0.03234305635160311,
    0.031234179312564978,
    0.03132287247816115,
    0.033089787946755024,
    0.03148877241693413,
    0.031134322663321168,
    0.030507590172426137,
    0.03034823984484257,
    0.030278666614300172,
    0.030233354653244206,
    0.03009263232132668,
    0.029669626436715255,
    0.029505300456082365,
    0.02905007772791979,
    0.028265110017144997,
    0.029018072687247903,
    0.02962700631177734,
    0.028091882097264223,
    0.027877264592154807,
    0.028163925083539678,
    0.02798163638029898,
    0.02800049527219719,
    0.029254535880115756,
    0.02719583252285729,
    0.027295462832750163,
    0.02757017792582884,
    0.028460782113391713,
    0.02873951368353659,
    0.027351076237224343,
    0.02881286604054297,
    0.02884292680870342,
    0.027736390443235795,
    0.026450695804213113,
    0.026160836547952558,
    0.02617151573881873,
    0.025960556414627477,
    0.02506023336302115,
    0.02584576584382039,
    0.025737301158689593,
    0.025540609488922388,
    0.02566539026914834,
    0.0256875479184779,
    0.02519535468509493,
    0.025053781260445586,
    0.024892667474099368,
    0.02503447108936808,
    0.024805194854985353,
    0.024663598024784825,
    0.029287808982784335,
    0.025995470379861843,
    0.0261913228492751,
    0.025264483187302216,
    0.02440423678909321,
    0.02457766095395139,
    0.024512503883335514,
    0.025719961293882227,
    0.024911244716196948,
    0.023766273528222016,
    0.023538862916150923,
    0.022899779625897742,
    0.02384498472487725,
    0.024949316481522908,
    0.023757256221809235,
    0.023212747458993033,
    0.023745226979814085,
    0.02348566938854769,
    0.023274476486001953,
    0.02287754493986927,
    0.022389809268859723
  ],
  "memory_delta_mb": 1.91015625,
  "memory_mb": 2192.4140625,
  "method_name": "gcn",
  "metrics": {
    "test": {
      "hits_at_10": 0.24108010101664185,
      "hits_at_100": 0.4843186772863649,
      "hits_at_50": 0.4225647002957111
    },
    "valid": {
      "hits_at_10": 0.3065708008787697,
      "hits_at_100": 0.5592503827974169,
      "hits_at_50": 0.5002995805871779
    }
  },
  "runtime_seconds": 410.51946153806057,
  "seed": 42,
  "status": "completed",
  "timestamp": "20260530_104336"
}
