{
  "config": {
    "batch_size": 65536,
    "dropout": 0.0,
    "epochs": 200,
    "hidden_channels": 256,
    "learning_rate": 0.01,
    "num_layers": 3
  },
  "dataset_name": "ogbl-collab",
  "dataset_scale": 0.1,
  "device": "cuda",
  "experiment_config": {
    "dataset_name": "ogbl-collab",
    "dataset_scale": 0.1,
    "device": "cuda",
    "hyperparameters": {
      "batch_size": 65536,
      "dropout": 0.0,
      "epochs": 200,
      "hidden_channels": 256,
      "learning_rate": 0.01,
      "num_layers": 3
    },
    "ks": [
      10,
      50,
      100
    ],
    "method_name": "mlp",
    "save_result": true,
    "seed": 456
  },
  "losses": [
    1.3935269412524847,
    1.377546924698682,
    1.3174344574786856,
    1.1918338590367727,
    1.1227649801211483,
    1.0344204438298386,
    0.9499269038159491,
    0.8986473728250464,
    0.8503257518253236,
    0.8274156095538652,
    0.823627533260928,
    0.8104704755053539,
    0.7794515592381273,
    0.7606106866114285,
    0.7586268611968582,
    0.7551710764580538,
    0.7459246281454023,
    0.7347674028234755,
    0.7282387961464111,
    0.7247083360227453,
    0.7217495915483394,
    0.7203509092887017,
    0.7125995452903183,
    0.7034524315327948,
    0.7032650882852709,
    0.6993299741527819,
    0.6957479753408727,
    0.6920490614538111,
    0.6847602782846584,
    0.6803928128721898,
    0.676813910228495,
    0.6718462365344252,
    0.6653695201728186,
    0.6635844285471648,
    0.6537463356594129,
    0.646886886908734,
    0.6372747900806398,
    0.6354686875742894,
    0.6257906236628743,
    0.6248294297199274,
    0.6170590469645189,
    0.6120688806280401,
    0.601328233165356,
    0.6021984701377837,
    0.603767205163281,
    0.603919908734083,
    0.5893788423081612,
    0.5909696157356441,
    0.5866632956988554,
    0.5734780229567107,
    0.5849138131391799,
    0.598438809863949,
    0.5641131250428909,
    0.5746395736395628,
    0.5582491085661878,
    0.5631091563732264,
    0.5553869381513483,
    0.5431722735217154,
    0.5552147099299516,
    0.5667498284055351,
    0.545471270404079,
    0.5348133590793566,
    0.547255667953221,
    0.5231095795028613,
    0.5243564968578062,
    0.5182193822606133,
    0.5112879730768318,
    0.5197512493607329,
    0.5929185280711499,
    0.6023059648187665,
    0.5865863233060308,
    0.5575863430581016,
    0.5429391855502178,
    0.5333724891768881,
    0.5282361159261556,
    0.5121796082370503,
    0.5060530833421301,
    0.5019346213993906,
    0.4922087595102457,
    0.48568931948486,
    0.4800483067088958,
    0.4839787799490756,
    0.479884306933355,
    0.4712027272217187,
    0.4708925486915232,
    0.4603921200876134,
    0.46081083942943896,
    0.45345055812653134,
    0.45723529280882586,
    0.44863755128208826,
    0.44993748563193653,
    0.44520965175851906,
    0.44284735895144484,
    0.4436806638822377,
    0.43827244347477734,
    0.43060067277778463,
    0.43464052000905584,
    0.4465428943589749,
    0.46458509653929275,
    0.450309298838334,
    0.42472191459880543,
    0.4314208732648315,
    0.4167971447698488,
    0.42638804721956636,
    0.41764119414421574,
    0.411000554804826,
    0.4137183305057606,
    0.42784595275965615,
    0.43347937630199657,
    0.41574117683847667,
    0.39928915131148185,
    0.4011082801360432,
    0.39896256630998306,
    0.40680357814416507,
    0.44083977358157506,
    0.4469477437889347,
    0.40388913436890617,
    0.431233527655719,
    0.4085806918447039,
    0.3966665133417454,
    0.40594996773409514,
    0.38871029519781014,
    0.39733870380995795,
    0.3809320842553467,
    0.3885411503860339,
    0.3807622419716591,
    0.37597045671504586,
    0.3794526612706567,
    0.3856333188772313,
    0.3987382646444862,
    0.4109531631954935,
    0.38074763337597534,
    0.38044282709398086,
    0.40289290112310844,
    0.37176502340294204,
    0.3910933443640668,
    0.3686615873705587,
    0.38384193638385056,
    0.36664129611412627,
    0.3676235918790237,
    0.36284692521025713,
    0.38101509726030836,
    0.35781513197438913,
    0.37196679066739147,
    0.3650832984148306,
    0.35632117027459087,
    0.3662888196314328,
    0.35551763487036087,
    0.3529484873898616,
    0.3649510802719046,
    0.3733079613865213,
    0.35853956828089667,
    0.3502283524376994,
    0.354938472719129,
    0.3512936086328292,
    0.3434039860532856,
    0.35817177289567886,
    0.3810483331709315,
    0.3682829728295778,
    0.34665803572870807,
    0.35840096346754985,
    0.3432631497258049,
    0.3521614402776496,
    0.34449187439920986,
    0.34848508520272137,
    0.3587679585768094,
    0.3386432877736896,
    0.34277637688835877,
    0.34316477047457283,
    0.3332264435032964,
    0.33779443234140794,
    0.3351255418821467,
    0.3345341061689912,
    0.33279921710908245,
    0.337212360272764,
    0.36111906393202886,
    0.45402551949223885,
    0.396674678745345,
    0.4322270907719148,
    0.40393737483573605,
    0.39801717531003145,
    0.3831887810458047,
    0.38500761858258586,
    0.3717282155359233,
    0.36337387075249683,
    0.3597785437093437,
    0.3509876155963477,
    0.3453949882588735,
    0.34648642517380784,
    0.3398231146017724,
    0.3348748551695145,
    0.3370716576428416,
    0.3324623823036983,
    0.3296016291895419,
    0.32537880156575144,
    0.32551306053824836,
    0.3274691969834941,
    0.3244200766058774,
    0.321283360168298,
    0.32206030209314923
  ],
  "memory_delta_mb": 1.0,
  "memory_mb": 1816.9453125,
  "method_name": "mlp",
  "metrics": {
    "test": {
      "hits_at_10": 0.017397310539834662,
      "hits_at_100": 0.07880593148999547,
      "hits_at_50": 0.04219819119773792
    },
    "valid": {
      "hits_at_10": 0.024066307169962053,
      "hits_at_100": 0.10944677451567805,
      "hits_at_50": 0.06084814592903269
    }
  },
  "runtime_seconds": 10.868228240055032,
  "seed": 456,
  "status": "completed",
  "timestamp": "20260530_141024"
}
