{
  "config": {
    "batch_size": 65536,
    "dropout": 0.0,
    "epochs": 200,
    "hidden_channels": 256,
    "learning_rate": 0.01,
    "num_layers": 3
  },
  "dataset_name": "ogbl-collab",
  "dataset_scale": 0.5,
  "device": "cuda",
  "experiment_config": {
    "dataset_name": "ogbl-collab",
    "dataset_scale": 0.5,
    "device": "cuda",
    "hyperparameters": {
      "batch_size": 65536,
      "dropout": 0.0,
      "epochs": 200,
      "hidden_channels": 256,
      "learning_rate": 0.01,
      "num_layers": 3
    },
    "ks": [
      10,
      50,
      100
    ],
    "method_name": "mlp",
    "save_result": true,
    "seed": 456
  },
  "losses": [
    1.3056194281199767,
    0.9155269583252474,
    0.7830290328358601,
    0.744160435151878,
    0.7214928511043904,
    0.703687675122271,
    0.6871734477817016,
    0.6685886453980512,
    0.6416977816483926,
    0.630378247267476,
    0.6015502847365741,
    0.5824254614758787,
    0.5616579819612003,
    0.6024936897455323,
    0.5759603623643603,
    0.5387994003249471,
    0.5176775137136391,
    0.5006650200266469,
    0.4847401994481159,
    0.4733287100389319,
    0.4949288623885898,
    0.4785112459267455,
    0.4663405606976977,
    0.4433491562312194,
    0.44989326744906183,
    0.43637041300372925,
    0.4193513589444707,
    0.40544080880957806,
    0.39579650646266085,
    0.38679727134716624,
    0.3879353461879787,
    0.38304912156719695,
    0.3696925910773161,
    0.38461800824731884,
    0.3681652771780659,
    0.3681433417466003,
    0.3913618261620811,
    0.39551737305930057,
    0.3647735865477521,
    0.3497656039926461,
    0.3441334521771731,
    0.33872369488470344,
    0.3485125707677464,
    0.358439109764375,
    0.34812886507210905,
    0.34569404525536956,
    0.35018723134105373,
    0.3534949727792125,
    0.3337804756945559,
    0.32930407402310474,
    0.3244976191416705,
    0.32141651413950545,
    0.32044582175116876,
    0.3208847703162576,
    0.3175342061364866,
    0.3153054220555629,
    0.3189846255270638,
    0.3229439326291216,
    0.31491150397134104,
    0.3118222103694214,
    0.32216958057863293,
    0.3126657020711509,
    0.31390347633662447,
    0.3121576168313833,
    0.3061494188253989,
    0.308600184764885,
    0.3112868326643376,
    0.3083178010470221,
    0.3030204053709094,
    0.3003017133206965,
    0.3079997875816778,
    0.30260517400401626,
    0.3068545762894837,
    0.3032052903415129,
    0.3040062675169504,
    0.29659515281159105,
    0.29511868586366335,
    0.2952940161803684,
    0.3152123294551292,
    0.3057955806901198,
    0.29972108041846274,
    0.29590615365969847,
    0.29534918214218914,
    0.29433784647809835,
    0.29380350697340357,
    0.2919624715745513,
    0.29392310560152207,
    0.29064036207693983,
    0.3111489972730203,
    0.2984207816361853,
    0.2929216564244165,
    0.290639537858,
    0.28736163217415733,
    0.28767384594992046,
    0.2925923632429625,
    0.29066135930361786,
    0.2844605709103548,
    0.28826986815749905,
    0.293141721606403,
    0.2882335273092334,
    0.28429937276063455,
    0.28476548402476193,
    0.28472855183532186,
    0.2850194617410835,
    0.28546921791365154,
    0.28646368594665894,
    0.28180764720943846,
    0.28275665449457466,
    0.2876688913947842,
    0.28784153618781355,
    0.2846443400501314,
    0.28014907745477796,
    0.2771262780768583,
    0.280811369033075,
    0.2808045167677456,
    0.2824045668797066,
    0.27809742370723456,
    0.2856403333122769,
    0.3183041102501884,
    0.3069641885447156,
    0.2998310315211146,
    0.2845270772526226,
    0.27830789844327564,
    0.2727533493217658,
    0.2733739140222483,
    0.27286449969210175,
    0.2719081897308694,
    0.29277883220513545,
    0.29855899177302975,
    0.2862063317238581,
    0.2790529750356057,
    0.2730619044754471,
    0.2710913758533926,
    0.26981972563122497,
    0.27130672633816766,
    0.27004779373079674,
    0.2686248969856906,
    0.26898943017406063,
    0.2675189617525893,
    0.27336189101834474,
    0.2707895378724963,
    0.27018225346816094,
    0.268733862345816,
    0.26750126757368936,
    0.2709709141491563,
    0.26674191093242045,
    0.2653611971982958,
    0.2717735087276684,
    0.2686980135670426,
    0.26731132826376086,
    0.265763414643848,
    0.2741155374961025,
    0.2697775783829696,
    0.2669865776008707,
    0.26496862845124264,
    0.27018917160772127,
    0.27071457282343914,
    0.2683167256773842,
    0.2676675365520191,
    0.2652466998510189,
    0.2614685266947434,
    0.2673439837759066,
    0.26266782546114736,
    0.26128407449149677,
    0.26682836226169454,
    0.26525550000608034,
    0.265771197885388,
    0.2657904196245272,
    0.2678241844866797,
    0.2672850054220381,
    0.26161023157491875,
    0.26128733262453013,
    0.26237935952852015,
    0.26466338555519053,
    0.26222643206180385,
    0.26241635476112063,
    0.26148562598344444,
    0.2591290468687551,
    0.2745614946281822,
    0.2674629885096196,
    0.2614743279132503,
    0.262909084636743,
    0.2622146843658303,
    0.259997794093175,
    0.25817887723945965,
    0.2569329243581505,
    0.2606553297597951,
    0.2634942343961176,
    0.25878888963039365,
    0.2667030871528375,
    0.2590658778587201,
    0.2589660755304453,
    0.256515828069756,
    0.2560150117326199,
    0.25767476656038296,
    0.25822290776370516,
    0.29241315571461607,
    0.2707784794746974,
    0.2708830433883162,
    0.26791052162981505
  ],
  "memory_delta_mb": 1.9921875,
  "memory_mb": 1801.2578125,
  "method_name": "mlp",
  "metrics": {
    "test": {
      "hits_at_10": 0.038507198514969025,
      "hits_at_100": 0.22430874830020073,
      "hits_at_50": 0.14852468216451897
    },
    "valid": {
      "hits_at_10": 0.058584648159243725,
      "hits_at_100": 0.2745822515145463,
      "hits_at_50": 0.19364556287863657
    }
  },
  "runtime_seconds": 52.8252686340129,
  "seed": 456,
  "status": "completed",
  "timestamp": "20260530_102855"
}
