{
  "config": {
    "batch_size": 65536,
    "dropout": 0.2,
    "epochs": 200,
    "hidden_channels": 256,
    "learning_rate": 0.005,
    "num_layers": 3
  },
  "dataset_name": "ogbl-collab",
  "dataset_scale": 0.5,
  "device": "cuda",
  "experiment_config": {
    "dataset_name": "ogbl-collab",
    "dataset_scale": 0.5,
    "device": "cuda",
    "hyperparameters": {
      "batch_size": 65536,
      "dropout": 0.2,
      "epochs": 200,
      "hidden_channels": 256,
      "learning_rate": 0.005,
      "num_layers": 3
    },
    "ks": [
      10,
      50,
      100
    ],
    "method_name": "gcn",
    "save_result": true,
    "seed": 123
  },
  "losses": [
    1.3466412111756016,
    1.1137639419458292,
    0.9275890676744882,
    0.7918173930326166,
    0.6229230425983325,
    0.4959198999957674,
    0.4194024941840212,
    0.36354162781750304,
    0.32474715973500273,
    0.28732744025661083,
    0.35935946620622455,
    0.3272241467549951,
    0.2870583371782512,
    0.2635025828973133,
    0.23795824313740627,
    0.21146748297515716,
    0.20448538157110785,
    0.16913336703731596,
    0.15424910182600232,
    0.14407481412909848,
    0.14578057595301366,
    0.12533962609916638,
    0.12190871282686594,
    0.1093299653862968,
    0.1197723372134818,
    0.10809841488226182,
    0.1157030422454752,
    0.10116954234185548,
    0.09722036694797921,
    0.08649261871609557,
    0.08981602711364454,
    0.08897899293645416,
    0.09532525412703215,
    0.09553035768888449,
    0.08758576249099043,
    0.08054519009268106,
    0.07455584311239259,
    0.07483482890481355,
    0.07246350722552217,
    0.08104252133382331,
    0.07642402918187367,
    0.07121732307251726,
    0.06647791395919773,
    0.06316069402790081,
    0.06596463626363049,
    0.08202741873756983,
    0.0746530100266158,
    0.06532458235852118,
    0.060164386509725915,
    0.056630099925539634,
    0.056179156214347506,
    0.06518882131858765,
    0.07810950322784743,
    0.06991636035648915,
    0.05991945501978705,
    0.05505471317431567,
    0.05142594577677096,
    0.04929587447621704,
    0.049949321024998744,
    0.07291394473830885,
    0.1229297022864392,
    0.0800788767500416,
    0.069773449477444,
    0.06158490637855342,
    0.05353846463606323,
    0.051281579230813376,
    0.04729209539148276,
    0.047388222809023633,
    0.04553301025716215,
    0.04420133694297971,
    0.04395012450009346,
    0.043230624941535484,
    0.043541320879265426,
    0.04175107163436813,
    0.041403042213168664,
    0.04060281514977889,
    0.0407818652950083,
    0.04533834237135911,
    0.06738163519128598,
    0.06796317432672934,
    0.05170324810331108,
    0.044429522427205416,
    0.04219878160283199,
    0.04047824844567534,
    0.039233477285335584,
    0.03771003281678212,
    0.038147593325913325,
    0.03703823885954834,
    0.03695163218460844,
    0.03685828017699093,
    0.03629255108185842,
    0.03684463062007967,
    0.03815386472503416,
    0.03493276544457883,
    0.035630993009269155,
    0.034486306273760856,
    0.03441558440869817,
    0.034968688109264345,
    0.03423727660765252,
    0.03328776416766436,
    0.03323955029295422,
    0.03754403948467059,
    0.03635438555504539,
    0.03436406691471433,
    0.032213561257187,
    0.03100744832272484,
    0.03147476836947493,
    0.03351189533159425,
    0.03109765554814117,
    0.031326392416866675,
    0.031684817829169626,
    0.03222179906618465,
    0.03258801972222559,
    0.031457623034715755,
    0.030275331676536718,
    0.030785081081918724,
    0.030360810074431862,
    0.030461746198713575,
    0.03372490568602266,
    0.14733514223681676,
    0.3076016894184988,
    0.17426653394041688,
    0.11917670587610117,
    0.08370975881240371,
    0.06068735785346899,
    0.05168153695090788,
    0.04518542005355682,
    0.04219613689209182,
    0.03982983384030616,
    0.03844370822860574,
    0.036874535048329035,
    0.03536615075040248,
    0.03637669271231648,
    0.03420821843036217,
    0.03435856660945928,
    0.03356554797790603,
    0.03325980597045171,
    0.03214085613673485,
    0.03183717309687967,
    0.03150058316409339,
    0.031276400044760067,
    0.03092860844711797,
    0.030348610304812947,
    0.02982020556266707,
    0.029418538650763038,
    0.03004447167555809,
    0.031229645631744102,
    0.03037070650926653,
    0.02962890137429373,
    0.028504565498977376,
    0.02772180640592996,
    0.027885602395471155,
    0.02756153886437529,
    0.028044426585114562,
    0.027335176023467692,
    0.027513879224565652,
    0.028068397088377543,
    0.027854324388234906,
    0.028194977663072964,
    0.02759417214885533,
    0.02698057480178286,
    0.02673792640905817,
    0.027093176196342564,
    0.026334875277463317,
    0.02539657133513465,
    0.026074096405154044,
    0.025341466331857097,
    0.02554604201241663,
    0.02547589207693787,
    0.025362293235651145,
    0.025991107677686177,
    0.026050103700392856,
    0.025083248388027276,
    0.025285554712025954,
    0.024538258686546965,
    0.02473805178063954,
    0.024410637615413636,
    0.02431710125016657,
    0.024844882464254727,
    0.02574297376668731,
    0.02503562864961254,
    0.02466192304379947,
    0.0241731289278229,
    0.023764475000036304,
    0.023980467781873786,
    0.023398139015629916,
    0.023448763675634986,
    0.02452778934598739,
    0.024064587896939296,
    0.023471462320862026,
    0.023639936898221116,
    0.023331880291334223,
    0.02441314499735849,
    0.0238517375701261,
    0.023726444290186565,
    0.02314872077388115,
    0.023570687833236556,
    0.02267129678018093,
    0.022396890865053226,
    0.023012130560792432
  ],
  "memory_delta_mb": 8.84375,
  "memory_mb": 2187.4765625,
  "method_name": "gcn",
  "metrics": {
    "test": {
      "hits_at_10": 0.24351917805262363,
      "hits_at_100": 0.47941893846187056,
      "hits_at_50": 0.4163267068143064
    },
    "valid": {
      "hits_at_10": 0.31056520870780907,
      "hits_at_100": 0.5582184941082484,
      "hits_at_50": 0.49462419279675124
    }
  },
  "runtime_seconds": 410.56728276098147,
  "seed": 123,
  "status": "completed",
  "timestamp": "20260530_105027"
}
