{
  "config": {
    "batch_size": 65536,
    "dropout": 0.0,
    "epochs": 200,
    "hidden_channels": 256,
    "learning_rate": 0.01,
    "num_layers": 3
  },
  "dataset_name": "ogbl-collab",
  "dataset_scale": 0.5,
  "device": "cuda",
  "experiment_config": {
    "dataset_name": "ogbl-collab",
    "dataset_scale": 0.5,
    "device": "cuda",
    "hyperparameters": {
      "batch_size": 65536,
      "dropout": 0.0,
      "epochs": 200,
      "hidden_channels": 256,
      "learning_rate": 0.01,
      "num_layers": 3
    },
    "ks": [
      10,
      50,
      100
    ],
    "method_name": "mlp",
    "save_result": true,
    "seed": 123
  },
  "losses": [
    1.3067663447228097,
    0.9097762402077835,
    0.7733803945843315,
    0.7359666904151914,
    0.7124157752174853,
    0.6897107942218315,
    0.6613512188821523,
    0.6437391677843397,
    0.6348362050137811,
    0.60280670749294,
    0.5733471660035234,
    0.579470542370633,
    0.5757259292431597,
    0.565757321404197,
    0.536066918321293,
    0.5146795629721796,
    0.4975747426124164,
    0.48266413551251697,
    0.477510418237605,
    0.5775665758081657,
    0.4957829239478337,
    0.46350156004864435,
    0.4483876924921856,
    0.4363476399360456,
    0.4257571474687549,
    0.4154477088262673,
    0.40655385245816233,
    0.3959420671368798,
    0.41929072977946025,
    0.39400322334024745,
    0.3828662846691754,
    0.39240166501003887,
    0.37160946992699834,
    0.37451681580218216,
    0.3675272290283599,
    0.3657320872012539,
    0.36104752120408623,
    0.35767904741349865,
    0.36430534889621813,
    0.35241478013597105,
    0.3487438064940583,
    0.3435172722800294,
    0.37740126593124196,
    0.35857260029541044,
    0.384510898258824,
    0.3872162103999748,
    0.3564743416755509,
    0.3430977851210152,
    0.3343606775458091,
    0.33114171678956844,
    0.3287215559918091,
    0.32738807465157027,
    0.3261359660918415,
    0.3243453745434919,
    0.323139840055739,
    0.3268669715557176,
    0.3236797943559672,
    0.32152602149529025,
    0.32012811468315683,
    0.3238905267462155,
    0.31969644576827255,
    0.3166625547633432,
    0.32882140598248655,
    0.3201969309391163,
    0.31586976694332686,
    0.3103914612960008,
    0.31796680718757114,
    0.3133762601019135,
    0.31228578657437905,
    0.3148594292796577,
    0.30980711820052276,
    0.31143180485423466,
    0.3068308196091736,
    0.3110288196264316,
    0.30825120402829964,
    0.3052531187983033,
    0.30277338600847264,
    0.3003933437826723,
    0.3345535309698777,
    0.33566031608900376,
    0.33664944513902795,
    0.3101215700849669,
    0.30414939979776945,
    0.30030017431909456,
    0.2969969471135657,
    0.296847682498905,
    0.29596513547007947,
    0.29515562715143456,
    0.2987811178486541,
    0.2966356080157365,
    0.2960713916969524,
    0.2957086753420246,
    0.29206103924832805,
    0.2894967704876796,
    0.2947124420170123,
    0.2953269329269876,
    0.2908771043359443,
    0.2897754981530709,
    0.2899273799406848,
    0.29351204676743503,
    0.2892388505820942,
    0.2872632978470758,
    0.2886210629222366,
    0.2855584576863919,
    0.31050089289625826,
    0.2982853366897301,
    0.2892483032633635,
    0.28854996122449583,
    0.29026462261195113,
    0.2861697978453388,
    0.2823182659007896,
    0.2792555776251312,
    0.2787926655690274,
    0.31137461235481384,
    0.31359815044271766,
    0.2964668097788933,
    0.2922336533686131,
    0.29011191781401907,
    0.29436517277865504,
    0.2874413088502397,
    0.27940057600139395,
    0.27769747364562,
    0.27774106152798644,
    0.27792850931005575,
    0.27654988461102226,
    0.2762244637250291,
    0.27708763020562405,
    0.27942868342898675,
    0.2783893649267489,
    0.27481026593248004,
    0.2737899823024513,
    0.271347069192058,
    0.28280910008348675,
    0.2767715386617319,
    0.27846601471288057,
    0.27578076361129267,
    0.27125485617856215,
    0.27558657695584465,
    0.27310744605457155,
    0.2714250249903041,
    0.28255794382023997,
    0.27315979470573354,
    0.2716137951431432,
    0.27030825640074274,
    0.2689446135226804,
    0.2760638463568664,
    0.2727640365290273,
    0.26995635441738997,
    0.2665607446055049,
    0.2878730730460493,
    0.27403731538947695,
    0.2698017939787841,
    0.27569181125747044,
    0.27304259603079334,
    0.27036304948304957,
    0.272334472808104,
    0.27685780063353066,
    0.2705266317664912,
    0.26977334712059164,
    0.2688090266719641,
    0.26646313500122554,
    0.2639460500021498,
    0.27502458644032657,
    0.2677138879985852,
    0.26543602966355306,
    0.2688642364843884,
    0.27233816743506095,
    0.26744125267019025,
    0.2705864590981489,
    0.27008571051126645,
    0.26307357502752127,
    0.2642921676273394,
    0.27323322124921506,
    0.26573956815083216,
    0.26173757161356703,
    0.26540207851338027,
    0.26266258862580794,
    0.2608895007707417,
    0.2616702315846879,
    0.2627268729360653,
    0.2611116149987592,
    0.2719076957578535,
    0.2678378238452892,
    0.26095929584669864,
    0.26719397071815565,
    0.26554950769725316,
    0.2638925029579722,
    0.2613083308809733,
    0.26037144527863815,
    0.25817182886428736,
    0.26409323804455664,
    0.258842864112426,
    0.25604286578976776,
    0.2748148687686885,
    0.2620586798945346,
    0.26165209289233476,
    0.2667960008815042,
    0.26378577274381726,
    0.25723404586528487,
    0.25480513427638046
  ],
  "memory_delta_mb": 1.9921875,
  "memory_mb": 1801.2578125,
  "method_name": "mlp",
  "metrics": {
    "test": {
      "hits_at_10": 0.04560858209760625,
      "hits_at_100": 0.237497032096527,
      "hits_at_50": 0.14971184355371367
    },
    "valid": {
      "hits_at_10": 0.07023500432727514,
      "hits_at_100": 0.2861826775847147,
      "hits_at_50": 0.1906664003728114
    }
  },
  "runtime_seconds": 52.741487695951946,
  "seed": 123,
  "status": "completed",
  "timestamp": "20260530_102802"
}
