{
  "config": {
    "batch_size": 65536,
    "dropout": 0.2,
    "epochs": 200,
    "hidden_channels": 256,
    "learning_rate": 0.005,
    "num_layers": 3
  },
  "dataset_name": "ogbl-collab",
  "dataset_scale": 0.1,
  "device": "cuda",
  "experiment_config": {
    "dataset_name": "ogbl-collab",
    "dataset_scale": 0.1,
    "device": "cuda",
    "hyperparameters": {
      "batch_size": 65536,
      "dropout": 0.2,
      "epochs": 200,
      "hidden_channels": 256,
      "learning_rate": 0.005,
      "num_layers": 3
    },
    "ks": [
      10,
      50,
      100
    ],
    "method_name": "gcn",
    "save_result": true,
    "seed": 456
  },
  "losses": [
    1.380497981485765,
    1.403635097315362,
    1.3804801341196309,
    1.3724077999569078,
    1.3595304068372094,
    1.3496927957590197,
    1.384660244475369,
    1.3368585628830474,
    1.3149640948236263,
    1.275268768235971,
    1.181887896301273,
    1.1913367887170334,
    1.0744278973434258,
    1.0166832387394276,
    0.970243246163744,
    0.8673899216438785,
    0.8321286661909725,
    0.7610632833980138,
    0.7131528902643283,
    0.6820292950980784,
    0.6258054680064163,
    0.5684161440823947,
    0.5144159165402769,
    0.48173216271706804,
    0.4588892501603505,
    0.4461437376493069,
    0.41246551475746934,
    0.40906975347624397,
    0.38495502361161965,
    0.3576984910409185,
    0.33901241580891267,
    0.3217873294171696,
    0.3101877462282056,
    0.30410880605499385,
    0.2761087888484541,
    0.2680247458015445,
    0.2613023124562234,
    0.25382130753624443,
    0.24726076156683263,
    0.21744958798493358,
    0.23808626154834425,
    0.23645313985929817,
    0.19636158063526873,
    0.26654594117592856,
    0.9832878859538239,
    0.47136750637405644,
    0.3717734867246151,
    0.3630785370812324,
    0.2855372188488727,
    0.2698407943851544,
    0.2434161986597854,
    0.25821631496216796,
    0.3098648867793759,
    0.2028766034767275,
    0.27554747652731487,
    0.18112056970907214,
    0.27093749382579696,
    0.20425097904829248,
    0.2306040439627552,
    0.5799595800359499,
    0.47965607642343866,
    0.3040832484758293,
    0.3262030451277842,
    0.30519677356847913,
    0.223864910955405,
    0.31304915891258445,
    0.31732240347207885,
    0.2460805278615356,
    0.22839480532342496,
    0.2308597050961392,
    0.2111149687275602,
    0.20233359517327631,
    0.19745629370505763,
    0.18629161204251263,
    0.1757191214799416,
    0.2002721105137883,
    0.189665427501812,
    0.16168186509067292,
    0.16674506994729169,
    0.2164215502772419,
    0.18091537902312324,
    0.16848939306991995,
    0.16149116617305442,
    0.1889778893997204,
    0.22889102953474494,
    0.229621273527785,
    0.1588502287864685,
    0.19696317470956862,
    0.22199318752815683,
    0.1751209001787382,
    0.1393413510444808,
    0.15165808360343883,
    0.1654317819645253,
    0.17388597794133365,
    0.1590587925787853,
    0.13844830237278768,
    0.12953787096788508,
    0.136995785546047,
    0.128522150745187,
    0.12337626930495102,
    0.13060337680413175,
    0.12631163525757538,
    0.1284915982555895,
    0.12150365482643105,
    0.11086636406790638,
    0.12317819118772742,
    0.15271078537291613,
    0.145085506972974,
    0.12016590792033455,
    0.10730607419767521,
    0.08901202847117065,
    0.08036024758105595,
    0.07780113004675339,
    0.0832944197002412,
    0.09984863768005678,
    0.14923646635041832,
    0.14735459345381233,
    0.09313648222220075,
    0.0877337207950803,
    0.11937876992007561,
    0.11305987720136945,
    0.1195740475983349,
    0.11073161308056455,
    0.20124488599510887,
    0.12535569230999374,
    0.14579321855258853,
    0.16758656245598452,
    0.1371338661273044,
    0.30653232563406924,
    0.27111573507174,
    0.20812632414866564,
    0.13329212672192958,
    0.10992403202623635,
    0.09934166323405116,
    0.08470341505606885,
    0.1214699600852884,
    0.14774241124749268,
    0.16912484198023833,
    0.11767751989930161,
    0.08241979674419209,
    0.09041838462326161,
    0.09426609714320838,
    0.0711452667917956,
    0.06868170006744512,
    0.06821774087789723,
    0.0667788201546751,
    0.058472020858751445,
    0.06471764473636729,
    0.05874101072132757,
    0.056260639955287094,
    0.06256729874324365,
    0.05555651424990816,
    0.0545448851025007,
    0.0593696047224875,
    0.05127070936037911,
    0.04532076453575297,
    0.044514322632670245,
    0.04463075208165866,
    0.042251528808191066,
    0.040672974155761675,
    0.0420892259927607,
    0.04094048724902945,
    0.04067520486382622,
    0.040565698510789824,
    0.0383162767660587,
    0.04005744455007898,
    0.036775955930841944,
    0.03906057606643987,
    0.03860753955382952,
    0.03668363993568561,
    0.03527687273717054,
    0.03625280863689682,
    0.04095590740655863,
    0.04824658414413494,
    0.037829941740981254,
    0.039199532238026975,
    0.04146293803270974,
    0.037030494368744636,
    0.03952928913971187,
    0.0393340337125305,
    0.033932534152687946,
    0.04131259004023081,
    0.03178261707351133,
    0.033201387992410646,
    0.03210829235384277,
    0.03172776071330813,
    0.03524267739846548,
    0.03373372592207312,
    0.03122105198323418,
    0.030447448264858172,
    0.031101578300774015,
    0.029661957651255396,
    0.03018716723864267,
    0.036198628359726176,
    0.0438698238151509,
    0.032018040984427926,
    0.03483748739337017,
    0.05393623906159632,
    0.05933172531875559,
    0.0542262583571654
  ],
  "memory_delta_mb": 2.140625,
  "memory_mb": 2183.7734375,
  "method_name": "gcn",
  "metrics": {
    "test": {
      "hits_at_10": 0.09238274083187636,
      "hits_at_100": 0.26374409117399467,
      "hits_at_50": 0.185995812558009
    },
    "valid": {
      "hits_at_10": 0.11385726649357567,
      "hits_at_100": 0.3044737367685241,
      "hits_at_50": 0.21704613541042542
    }
  },
  "runtime_seconds": 50.878832079004496,
  "seed": 456,
  "status": "completed",
  "timestamp": "20260530_103646"
}
