{
  "config": {
    "batch_size": 65536,
    "dropout": 0.2,
    "epochs": 200,
    "hidden_channels": 256,
    "learning_rate": 0.005,
    "num_layers": 3
  },
  "dataset_name": "ogbl-collab",
  "dataset_scale": 1.0,
  "device": "cuda",
  "experiment_config": {
    "dataset_name": "ogbl-collab",
    "dataset_scale": 1.0,
    "device": "cuda",
    "hyperparameters": {
      "batch_size": 65536,
      "dropout": 0.2,
      "epochs": 200,
      "hidden_channels": 256,
      "learning_rate": 0.005,
      "num_layers": 3
    },
    "ks": [
      10,
      50,
      100
    ],
    "method_name": "gcn",
    "save_result": true,
    "seed": 123
  },
  "losses": [
    1.1738373572109349,
    0.7831296230820599,
    0.5075885732768998,
    0.37897728872100706,
    0.3078828214770395,
    0.25419595416314505,
    0.24463417236403362,
    0.3079101080098066,
    0.1955500417259702,
    0.178245083224802,
    0.1488548342412286,
    0.14072909706867032,
    0.12751378764988733,
    0.11995424807728067,
    0.1145614159476124,
    0.10798909983235644,
    0.11157620283251603,
    0.10531800332388383,
    0.09388840608805193,
    0.09339581052691232,
    0.09183456226544098,
    0.08433062852268974,
    0.11643731366182548,
    0.10052747679884128,
    0.07944733381492987,
    0.07934485196690944,
    0.07450809727355275,
    0.07094615171447018,
    0.06902934993421365,
    0.07232459274774282,
    0.06468371945186768,
    0.07265948648912496,
    0.06743405912586058,
    0.06293664559197358,
    0.05967283641379884,
    0.059836503696868604,
    0.18801581038653,
    0.16281330212633485,
    0.09045496798292783,
    0.07099718509604575,
    0.06415815349625333,
    0.06218745144557708,
    0.060540111298185796,
    0.06031890342677787,
    0.05685907396842468,
    0.055457468218336685,
    0.05596242093600368,
    0.05337964787911729,
    0.05338448126319072,
    0.0525673049430994,
    0.05543935684528039,
    0.051876612948144336,
    0.050945215129522346,
    0.048861368645199965,
    0.04938646533476777,
    0.04747989341620523,
    0.04831280990147112,
    0.04738895163502529,
    0.046011638176590604,
    0.046862738573093934,
    0.04612642360639522,
    0.0451127402451052,
    0.04814445646438809,
    0.04482251891048991,
    0.04378493861160827,
    0.04398166872904865,
    0.0421983464254735,
    0.04255639841900073,
    0.06319859620511833,
    0.2545781838138952,
    0.18368834980302037,
    0.0904025023945567,
    0.06620029272455115,
    0.05791339996050067,
    0.05385159093153203,
    0.05019973047551565,
    0.04998393522317001,
    0.047551138754450724,
    0.047307695162870055,
    0.04840651121547445,
    0.04437352856700609,
    0.043378210058588815,
    0.042743611065290656,
    0.04242357356056305,
    0.042058846768036104,
    0.04233354703317332,
    0.0408575004266437,
    0.0400786360102587,
    0.03978545306033953,
    0.039657570993614714,
    0.03928725022182377,
    0.03814585291054631,
    0.03834397318194541,
    0.039786226328983806,
    0.038133766123512436,
    0.03747815475254197,
    0.03731109890809344,
    0.0369448122136633,
    0.03691388548256093,
    0.03693478300769181,
    0.03818942664458723,
    0.0362447937626289,
    0.035737705314496944,
    0.035584416664972744,
    0.03555011129507717,
    0.0357738059762431,
    0.0351103187243419,
    0.03441130382613215,
    0.03400096399957513,
    0.033683844319882944,
    0.03376460818779602,
    0.033563580761070244,
    0.034019828549987134,
    0.0339989753508604,
    0.03376270414402928,
    0.033183027633867816,
    0.032809830080435504,
    0.03289824088610007,
    0.033422607702883696,
    0.03426625151775429,
    0.03359747994174798,
    0.0319220770600484,
    0.031741494364895165,
    0.03346524551556662,
    0.03287524651257322,
    0.0314914321039952,
    0.031054015439059505,
    0.03052776817431663,
    0.03062376717598381,
    0.0310094017438361,
    0.031633286639063354,
    0.03098003121931824,
    0.03023986981112554,
    0.030585673024577917,
    0.03046632562400592,
    0.031147907046552716,
    0.03019796954971306,
    0.02937574119070579,
    0.029241756729675137,
    0.02903574052032536,
    0.02955150694346807,
    0.029431903571933992,
    0.028979706208094952,
    0.02913300544710024,
    0.028660449779787246,
    0.03036493809947042,
    0.029921584798895163,
    0.028151025469171902,
    0.028330038461277362,
    0.027674808075556025,
    0.027770526677788447,
    0.027712394092552557,
    0.028936717705516295,
    0.02759685340567241,
    0.027228458817016743,
    0.026764869151551695,
    0.027585090440619058,
    0.0286731835355075,
    0.027983261532539223,
    0.026707889545508363,
    0.026991019898539952,
    0.027386659243113804,
    0.02726263263244145,
    0.02651697396512939,
    0.026455839524672703,
    0.026182344458820794,
    0.02638442874249143,
    0.02662981313242803,
    0.02613174181482224,
    0.026061229170516703,
    0.026555303627178024,
    0.025196226155055863,
    0.02635500747710024,
    0.025526815143687338,
    0.025729427178780066,
    0.07451703056374542,
    0.3421847212526443,
    0.21320334107910854,
    0.09736198335490172,
    0.06427864573843432,
    0.052879807613537146,
    0.04673623584262512,
    0.0428981602854473,
    0.041080527828358714,
    0.037862449774891546,
    0.03595478786250842,
    0.03477871439237857,
    0.034267440336399904,
    0.03335772450787898,
    0.033051050395049096,
    0.03175574505531657,
    0.031642021980490036,
    0.030488638824726806,
    0.029838582177282354,
    0.02970951378238772,
    0.02927190157846657,
    0.028965149755419826,
    0.028799295192649958,
    0.028206072245974916,
    0.028789784111502927
  ],
  "memory_delta_mb": 22.7890625,
  "memory_mb": 2224.75390625,
  "method_name": "gcn",
  "metrics": {
    "test": {
      "hits_at_10": 0.3320382481814846,
      "hits_at_100": 0.5406117118867232,
      "hits_at_50": 0.4619137041593818
    },
    "valid": {
      "hits_at_10": 0.4056321150389455,
      "hits_at_100": 0.6233939151854071,
      "hits_at_50": 0.5452033819319619
    }
  },
  "runtime_seconds": 1143.6918208641,
  "seed": 123,
  "status": "completed",
  "timestamp": "20260530_113526"
}
