{
  "config": {
    "batch_size": 65536,
    "dropout": 0.2,
    "epochs": 200,
    "hidden_channels": 256,
    "learning_rate": 0.005,
    "num_layers": 3
  },
  "dataset_name": "ogbl-collab",
  "dataset_scale": 1.0,
  "device": "cuda",
  "experiment_config": {
    "dataset_name": "ogbl-collab",
    "dataset_scale": 1.0,
    "device": "cuda",
    "hyperparameters": {
      "batch_size": 65536,
      "dropout": 0.2,
      "epochs": 200,
      "hidden_channels": 256,
      "learning_rate": 0.005,
      "num_layers": 3
    },
    "ks": [
      10,
      50,
      100
    ],
    "method_name": "gcn",
    "save_result": true,
    "seed": 42
  },
  "losses": [
    1.1938252528157194,
    0.8467884539507572,
    0.598168988372798,
    0.4174904771773514,
    0.34993728939553087,
    0.3600529861989374,
    0.2570177945922401,
    0.21408007994414938,
    0.19069774561165045,
    0.20314728544635208,
    0.17149377089355028,
    0.14845919558663404,
    0.13126650317872327,
    0.13366579783796803,
    0.12495822312069434,
    0.1107868559033869,
    0.10397803660782694,
    0.10116011929805514,
    0.09811190675650769,
    0.11458527649472298,
    0.10899179471300603,
    0.08842988765017525,
    0.0832578599423045,
    0.08169513300097068,
    0.08034903675598132,
    0.0803070349047714,
    0.11045199807714833,
    0.08960477870723955,
    0.07527244600118059,
    0.07164054304310892,
    0.06796600539668289,
    0.0702953918208166,
    0.0677965533460968,
    0.06899514935771757,
    0.06358356048791491,
    0.06245741990029294,
    0.06075203201753052,
    0.06088718349572835,
    0.05783689110379079,
    0.06673428599431021,
    0.06028919361339203,
    0.05611196761695248,
    0.055755049836254504,
    0.0549342022116672,
    0.05415884222349829,
    0.05625970821582354,
    0.053018192357685026,
    0.05237504905926989,
    0.05485586236047544,
    0.09780529218933984,
    0.10448542008959064,
    0.06687225934555202,
    0.054582984419849996,
    0.05183481055357707,
    0.050080300929469815,
    0.04972431892741863,
    0.04832170979516037,
    0.04715853885474067,
    0.04659018340364753,
    0.04644028741560517,
    0.0451816311997304,
    0.044929878519646464,
    0.04633806388519927,
    0.0442801277289962,
    0.04368976339318336,
    0.043557785415203595,
    0.04306826809154318,
    0.04229842006498144,
    0.04175648577894376,
    0.041758259893310855,
    0.04090598252973085,
    0.04535892276050716,
    0.04129356899167078,
    0.042072382098037535,
    0.048918227278165034,
    0.10576218119696676,
    0.056956133536889386,
    0.045874996471739204,
    0.04237561886449287,
    0.04157701384350452,
    0.039601291115852394,
    0.039058692372170446,
    0.038419904245868386,
    0.03795441324783954,
    0.0373256425387332,
    0.036706434245007045,
    0.03707378181439963,
    0.03598108321723731,
    0.03600094586421018,
    0.03544331648463391,
    0.03557642446997473,
    0.03560810557633727,
    0.03598460816793399,
    0.03514895167902157,
    0.03455088371760193,
    0.03474567812478511,
    0.03461178494580913,
    0.034138358592012294,
    0.03385087688907439,
    0.03423684382938892,
    0.03281384156267962,
    0.03273272855553429,
    0.03260810790543877,
    0.032572255871808904,
    0.03287092180396554,
    0.03313107227385023,
    0.03224459372303041,
    0.03320045840629624,
    0.032358930469363965,
    0.03325263416410459,
    0.03865060307909048,
    0.03260434843936202,
    0.031529991723462096,
    0.03142229379937318,
    0.030854793779491393,
    0.030482420500758896,
    0.03116720154211043,
    0.030310703351535236,
    0.03010422148786183,
    0.029487273743651895,
    0.029944078631209656,
    0.03162786032990709,
    0.030885398215377783,
    0.029367232855784627,
    0.03009243266602328,
    0.02970826826949183,
    0.030145097592736675,
    0.029162031090978962,
    0.028905881414975586,
    0.028641190808408646,
    0.02830710526685028,
    0.028037231078409972,
    0.028036578404062786,
    0.02777642835266235,
    0.0890887504442509,
    0.2592082930806765,
    0.1763749744141768,
    0.08236765902888882,
    0.059877696950149675,
    0.05235743617281833,
    0.04528523112937533,
    0.042250741281708214,
    0.04102804139053001,
    0.0392106455945699,
    0.038385408936682706,
    0.0363139479035546,
    0.03508188393248655,
    0.03424969789344676,
    0.033498735985075134,
    0.03300807568990745,
    0.03251447833779192,
    0.032572673872652474,
    0.03228054891541506,
    0.031599296113563054,
    0.030865136152925857,
    0.030604824607006777,
    0.03066612740172423,
    0.030106295213519194,
    0.031238198525504003,
    0.030043056198110662,
    0.02914196619757582,
    0.02879541475125797,
    0.02935183773757496,
    0.029152100496353396,
    0.028653118920089118,
    0.027830543932685633,
    0.02744752539475733,
    0.02720315565914014,
    0.02744330883441214,
    0.02711178653556855,
    0.027838640067748072,
    0.027761998117373073,
    0.027325349017954813,
    0.027252159946042576,
    0.02729271681199828,
    0.027067459912305213,
    0.026847310940512934,
    0.02677078706279328,
    0.026672750252849278,
    0.0260652009989304,
    0.02510086970161117,
    0.025522957963934712,
    0.025574625549520037,
    0.02541963292234533,
    0.025032985064403872,
    0.025067290145515286,
    0.025432542701757314,
    0.024487542713593,
    0.02552521339610728,
    0.025106899071820187,
    0.02472697613451514,
    0.02506718209550892,
    0.025086267120116256,
    0.02477987154842986,
    0.02455566148380993,
    0.02481292898857158,
    0.024838283653566346,
    0.024580317307230058,
    0.024217663769275796,
    0.025156414235494542
  ],
  "memory_delta_mb": 31.12890625,
  "memory_mb": 2211.8671875,
  "method_name": "gcn",
  "metrics": {
    "test": {
      "hits_at_10": 0.26721923633145545,
      "hits_at_100": 0.5409354831746854,
      "hits_at_50": 0.4657126206048048
    },
    "valid": {
      "hits_at_10": 0.3313361294188137,
      "hits_at_100": 0.6248585313893882,
      "hits_at_50": 0.5483489780973304
    }
  },
  "runtime_seconds": 1144.1076181440149,
  "seed": 42,
  "status": "completed",
  "timestamp": "20260530_111622"
}
