{
  "config": {
    "batch_size": 65536,
    "dropout": 0.0,
    "epochs": 50,
    "hidden_channels": 256,
    "learning_rate": 0.0005,
    "num_layers": 3
  },
  "dataset_name": "ogbl-collab",
  "dataset_scale": 1.0,
  "device": "cuda",
  "experiment_config": {
    "dataset_name": "ogbl-collab",
    "dataset_scale": 1.0,
    "device": "cuda",
    "hyperparameters": {
      "batch_size": 65536,
      "dropout": 0.0,
      "epochs": 50,
      "hidden_channels": 256,
      "learning_rate": 0.0005,
      "num_layers": 3
    },
    "ks": [
      10,
      50,
      100
    ],
    "method_name": "gcn",
    "save_result": false,
    "seed": 42
  },
  "losses": [
    1.313315861845426,
    1.1705764551388356,
    0.9763658056048434,
    0.7744726130397982,
    0.5394225757495356,
    0.494515059914059,
    0.4194535602485316,
    0.3804128101605075,
    0.3703867729854501,
    0.34899134565988216,
    0.3310134248438364,
    0.31828058241664653,
    0.30841022220016073,
    0.30007045338100236,
    0.292851871461491,
    0.28375937739203905,
    0.27718896409894866,
    0.26488153354688143,
    0.25169210005009457,
    0.24257054536646902,
    0.23445313539383128,
    0.28276265930103106,
    0.26079327539780567,
    0.24729438646045268,
    0.2421318371624087,
    0.22543489656104668,
    0.2147756838289919,
    0.20931059927971557,
    0.20314401461389336,
    0.19915725241683258,
    0.19511299519052713,
    0.18926902453236363,
    0.1849806754844426,
    0.1798558113523725,
    0.17420112058128379,
    0.1699604579375424,
    0.16435253914153986,
    0.16113428647913894,
    0.1577932664967777,
    0.14778545891412417,
    0.15012514700305413,
    0.146345082070449,
    0.14372736867088481,
    0.14143106507580344,
    0.1396454030523722,
    0.13745812017034945,
    0.1346909669334265,
    0.13245321468552565,
    0.13000198361600138,
    0.1292534733177085
  ],
  "memory_delta_mb": 19.87109375,
  "memory_mb": 2228.453125,
  "method_name": "gcn",
  "metrics": {
    "test": {
      "hits_at_10": 0.14368969759761704,
      "hits_at_100": 0.40516738975587646,
      "hits_at_50": 0.32029614280472274
    },
    "valid": {
      "hits_at_10": 0.17621995872445242,
      "hits_at_100": 0.4630683709473404,
      "hits_at_50": 0.3723953132281473
    }
  },
  "runtime_seconds": 279.0221775290047,
  "seed": 42,
  "status": "completed",
  "timestamp": "20260502_212442_gcn_scale_1_0_run_008",
  "tuning": {
    "grid": {
      "dropout": [
        0.0,
        0.2,
        0.5
      ],
      "hidden_channels": [
        128,
        256
      ],
      "learning_rate": [
        0.0005,
        0.001,
        0.005
      ],
      "num_layers": [
        2,
        3
      ]
    },
    "preset": "full",
    "run_index": 8,
    "selection_metric": "hits_at_50",
    "selection_score": 0.3723953132281473,
    "selection_split": "valid",
    "tuning_id": "20260502_212442_gcn_scale_1_0"
  }
}
