{
  "config": {
    "batch_size": 65536,
    "dropout": 0.2,
    "epochs": 50,
    "hidden_channels": 256,
    "learning_rate": 0.001,
    "num_layers": 3
  },
  "dataset_name": "ogbl-collab",
  "dataset_scale": 1.0,
  "device": "cuda",
  "experiment_config": {
    "dataset_name": "ogbl-collab",
    "dataset_scale": 1.0,
    "device": "cuda",
    "hyperparameters": {
      "batch_size": 65536,
      "dropout": 0.2,
      "epochs": 50,
      "hidden_channels": 256,
      "learning_rate": 0.001,
      "num_layers": 3
    },
    "ks": [
      10,
      50,
      100
    ],
    "method_name": "gcn",
    "save_result": false,
    "seed": 42
  },
  "losses": [
    1.2629124363470647,
    0.9773561422567233,
    0.6974993630713051,
    0.4660854873395063,
    0.3878250392306561,
    0.3349907275828938,
    0.29974736598410395,
    0.2723678059954752,
    0.2507010686109926,
    0.2407924513306078,
    0.22425914259676227,
    0.2110403024321998,
    0.2021072705448573,
    0.20871612821945693,
    0.2045428682469707,
    0.19697718786075794,
    0.2855570871608835,
    0.25815034793676583,
    0.18425298202957593,
    0.2476501630720862,
    0.2155554167682924,
    0.20459702158262152,
    0.1735709036238749,
    0.14229328247391432,
    0.13437644770719714,
    0.1277273604754161,
    0.11493308920761781,
    0.11688932627901048,
    0.11084822249701982,
    0.11186966559481663,
    0.11201896540825931,
    0.11287086576170091,
    0.11428959753453437,
    0.11173870240936824,
    0.11481763485286134,
    0.11266484344576692,
    0.10939252901044026,
    0.10624903111582541,
    0.09380063651566249,
    0.08664688978110002,
    0.08451868638583865,
    0.08138114044803171,
    0.08065814315569139,
    0.07822458541482596,
    0.07682869201025666,
    0.07505750447586593,
    0.07408280237057144,
    0.07443170244123729,
    0.07391870245815466,
    0.08243102753298837
  ],
  "memory_delta_mb": 18.8671875,
  "memory_mb": 2228.453125,
  "method_name": "gcn",
  "metrics": {
    "test": {
      "hits_at_10": 0.11653607891385526,
      "hits_at_100": 0.36845172570096485,
      "hits_at_50": 0.2838179110276501
    },
    "valid": {
      "hits_at_10": 0.14844218094667466,
      "hits_at_100": 0.4195459689767659,
      "hits_at_50": 0.3277078756407696
    }
  },
  "runtime_seconds": 287.1802730240015,
  "seed": 42,
  "status": "completed",
  "timestamp": "20260502_212442_gcn_scale_1_0_run_022",
  "tuning": {
    "grid": {
      "dropout": [
        0.0,
        0.2,
        0.5
      ],
      "hidden_channels": [
        128,
        256
      ],
      "learning_rate": [
        0.0005,
        0.001,
        0.005
      ],
      "num_layers": [
        2,
        3
      ]
    },
    "preset": "full",
    "run_index": 22,
    "selection_metric": "hits_at_50",
    "selection_score": 0.3277078756407696,
    "selection_split": "valid",
    "tuning_id": "20260502_212442_gcn_scale_1_0"
  }
}
