{
  "config": {
    "batch_size": 65536,
    "dropout": 0.2,
    "epochs": 50,
    "hidden_channels": 256,
    "learning_rate": 0.005,
    "num_layers": 3
  },
  "dataset_name": "ogbl-collab",
  "dataset_scale": 1.0,
  "device": "cuda",
  "experiment_config": {
    "dataset_name": "ogbl-collab",
    "dataset_scale": 1.0,
    "device": "cuda",
    "hyperparameters": {
      "batch_size": 65536,
      "dropout": 0.2,
      "epochs": 50,
      "hidden_channels": 256,
      "learning_rate": 0.005,
      "num_layers": 3
    },
    "ks": [
      10,
      50,
      100
    ],
    "method_name": "gcn",
    "save_result": false,
    "seed": 42
  },
  "losses": [
    1.193784553684535,
    0.8854706347995087,
    0.6619155419533541,
    0.4516037455938505,
    0.3471103060584138,
    0.28432213272113227,
    0.23445802536181667,
    0.21678812474719408,
    0.1824608206468292,
    0.15579672673182854,
    0.15553147451045363,
    0.1384990577555894,
    0.13736374630082768,
    0.11165337406005395,
    0.12668453813465055,
    0.11463068860330491,
    0.09706536482069686,
    0.09332168039063013,
    0.1161328733598228,
    0.13609934647802518,
    0.10589714146250698,
    0.08547978929174531,
    0.08658526535538909,
    0.07958274463890228,
    0.07711904119898147,
    0.07589503963479403,
    0.07400721722671465,
    0.07307313203233116,
    0.06985700961513928,
    0.06943264826546063,
    0.0665748765525789,
    0.06728855384744378,
    0.0652724207557493,
    0.05993372646460105,
    0.08223509587453694,
    0.10872568528272267,
    0.0696644289288723,
    0.06167468313384983,
    0.05780351430514675,
    0.056733479313342966,
    0.0558233962938314,
    0.056172073693311696,
    0.05454364768838194,
    0.0533087759887787,
    0.053189211729298275,
    0.052206453461799265,
    0.07138804580971196,
    0.07787946391623436,
    0.055787969009166154,
    0.05048254311909722
  ],
  "memory_delta_mb": 17.8671875,
  "memory_mb": 2245.4453125,
  "method_name": "gcn",
  "metrics": {
    "test": {
      "hits_at_10": 0.22802132573550044,
      "hits_at_100": 0.48893781432795874,
      "hits_at_50": 0.4031815925230417
    },
    "valid": {
      "hits_at_10": 0.28147260501963917,
      "hits_at_100": 0.5631948605285934,
      "hits_at_50": 0.47603355302576394
    }
  },
  "runtime_seconds": 286.73027348199685,
  "seed": 42,
  "status": "completed",
  "timestamp": "20260502_212442_gcn_scale_1_0_run_024",
  "tuning": {
    "grid": {
      "dropout": [
        0.0,
        0.2,
        0.5
      ],
      "hidden_channels": [
        128,
        256
      ],
      "learning_rate": [
        0.0005,
        0.001,
        0.005
      ],
      "num_layers": [
        2,
        3
      ]
    },
    "preset": "full",
    "run_index": 24,
    "selection_metric": "hits_at_50",
    "selection_score": 0.47603355302576394,
    "selection_split": "valid",
    "tuning_id": "20260502_212442_gcn_scale_1_0"
  }
}
