{
  "config": {
    "batch_size": 65536,
    "dropout": 0.0,
    "epochs": 50,
    "hidden_channels": 128,
    "learning_rate": 0.0005,
    "num_layers": 2
  },
  "dataset_name": "ogbl-collab",
  "dataset_scale": 1.0,
  "device": "cuda",
  "experiment_config": {
    "dataset_name": "ogbl-collab",
    "dataset_scale": 1.0,
    "device": "cuda",
    "hyperparameters": {
      "batch_size": 65536,
      "dropout": 0.0,
      "epochs": 50,
      "hidden_channels": 128,
      "learning_rate": 0.0005,
      "num_layers": 2
    },
    "ks": [
      10,
      50,
      100
    ],
    "method_name": "gcn",
    "save_result": false,
    "seed": 42
  },
  "losses": [
    1.340031831161117,
    1.2608238983960234,
    1.2076020477153457,
    1.0898963175100682,
    0.9368778681448351,
    0.7458308336625682,
    0.6022111991946703,
    0.5278476789594556,
    0.4983917763240683,
    0.4771390682688934,
    0.4607119155475764,
    0.4452437098441627,
    0.4322907694973532,
    0.4201114992648946,
    0.40911615167651066,
    0.3973061260661325,
    0.3873763942148834,
    0.37930941220767367,
    0.3728083706816543,
    0.3649662732881857,
    0.3599829858145092,
    0.35634091285782804,
    0.3507623899634246,
    0.3449525921102256,
    0.3400378477716035,
    0.33290604824635034,
    0.3281694914945281,
    0.32289362650800896,
    0.3151087151468139,
    0.3100205070136991,
    0.303046510435763,
    0.29767217616691993,
    0.29327426831358105,
    0.2890594401909308,
    0.2846446087193371,
    0.2823964805665155,
    0.27759076115080566,
    0.27452106854520764,
    0.2725401917537954,
    0.26729612214185045,
    0.2665822289812482,
    0.26831831329673983,
    0.2772896750815438,
    0.2742890959760058,
    0.2718217605843636,
    0.2688409782088756,
    0.2667073610712511,
    0.26423867623526776,
    0.26155148073776846,
    0.2609194296561652
  ],
  "memory_delta_mb": 356.9921875,
  "memory_mb": 2194.3515625,
  "method_name": "gcn",
  "metrics": {
    "test": {
      "hits_at_10": 0.10544151611301776,
      "hits_at_100": 0.2640894472144877,
      "hits_at_50": 0.2007813680416154
    },
    "valid": {
      "hits_at_10": 0.11121097130683709,
      "hits_at_100": 0.282770787564077,
      "hits_at_50": 0.21707942214233406
    }
  },
  "runtime_seconds": 98.32270709799923,
  "seed": 42,
  "status": "completed",
  "timestamp": "20260502_212442_gcn_scale_1_0_run_001",
  "tuning": {
    "grid": {
      "dropout": [
        0.0,
        0.2,
        0.5
      ],
      "hidden_channels": [
        128,
        256
      ],
      "learning_rate": [
        0.0005,
        0.001,
        0.005
      ],
      "num_layers": [
        2,
        3
      ]
    },
    "preset": "full",
    "run_index": 1,
    "selection_metric": "hits_at_50",
    "selection_score": 0.21707942214233406,
    "selection_split": "valid",
    "tuning_id": "20260502_212442_gcn_scale_1_0"
  }
}
