{
  "config": {
    "batch_size": 65536,
    "dropout": 0.2,
    "epochs": 50,
    "hidden_channels": 256,
    "learning_rate": 0.0005,
    "num_layers": 2
  },
  "dataset_name": "ogbl-collab",
  "dataset_scale": 1.0,
  "device": "cuda",
  "experiment_config": {
    "dataset_name": "ogbl-collab",
    "dataset_scale": 1.0,
    "device": "cuda",
    "hyperparameters": {
      "batch_size": 65536,
      "dropout": 0.2,
      "epochs": 50,
      "hidden_channels": 256,
      "learning_rate": 0.0005,
      "num_layers": 2
    },
    "ks": [
      10,
      50,
      100
    ],
    "method_name": "gcn",
    "save_result": false,
    "seed": 42
  },
  "losses": [
    1.3038037748934983,
    1.2204263168337621,
    1.1034504846417086,
    0.9016647014828366,
    0.6643325355856191,
    0.5421627171112062,
    0.4844333266846355,
    0.4475275242985388,
    0.4164400813245812,
    0.39282650053841855,
    0.37451793967943287,
    0.3601548709762552,
    0.3461248259747426,
    0.3337815790729595,
    0.32232461982950367,
    0.3107878407141756,
    0.2998208684137418,
    0.29410278933673156,
    0.2866017874698245,
    0.2794344411130487,
    0.2726781909615823,
    0.26535723460684235,
    0.26012182956128704,
    0.2553295314861796,
    0.24944251979470267,
    0.24278258786231227,
    0.23843392734096666,
    0.23354422481040463,
    0.227798844783208,
    0.22182230408041648,
    0.21823021156537864,
    0.21349419567460373,
    0.21005008097357603,
    0.20621502090676816,
    0.2019420195281143,
    0.19868794455175173,
    0.19515871931844334,
    0.19294643232676204,
    0.1878495780863912,
    0.18568724059122918,
    0.181783142989633,
    0.1805671315771535,
    0.1783394760562072,
    0.17525363769872035,
    0.1730691402397723,
    0.17007806581672075,
    0.16824062331227255,
    0.16578756041441955,
    0.16377211753148607,
    0.16163907384396672
  ],
  "memory_delta_mb": 17.86328125,
  "memory_mb": 2227.44921875,
  "method_name": "gcn",
  "metrics": {
    "test": {
      "hits_at_10": 0.11139890781152194,
      "hits_at_100": 0.31541798873275917,
      "hits_at_50": 0.2246109348356321
    },
    "valid": {
      "hits_at_10": 0.12341055855136143,
      "hits_at_100": 0.34591571799480725,
      "hits_at_50": 0.2481525863790693
    }
  },
  "runtime_seconds": 194.72089164400677,
  "seed": 42,
  "status": "completed",
  "timestamp": "20260502_212442_gcn_scale_1_0_run_019",
  "tuning": {
    "grid": {
      "dropout": [
        0.0,
        0.2,
        0.5
      ],
      "hidden_channels": [
        128,
        256
      ],
      "learning_rate": [
        0.0005,
        0.001,
        0.005
      ],
      "num_layers": [
        2,
        3
      ]
    },
    "preset": "full",
    "run_index": 19,
    "selection_metric": "hits_at_50",
    "selection_score": 0.2481525863790693,
    "selection_split": "valid",
    "tuning_id": "20260502_212442_gcn_scale_1_0"
  }
}
