{
  "config": {
    "batch_size": 65536,
    "dropout": 0.0,
    "epochs": 50,
    "hidden_channels": 256,
    "learning_rate": 0.001,
    "num_layers": 2
  },
  "dataset_name": "ogbl-collab",
  "dataset_scale": 1.0,
  "device": "cuda",
  "experiment_config": {
    "dataset_name": "ogbl-collab",
    "dataset_scale": 1.0,
    "device": "cuda",
    "hyperparameters": {
      "batch_size": 65536,
      "dropout": 0.0,
      "epochs": 50,
      "hidden_channels": 256,
      "learning_rate": 0.001,
      "num_layers": 2
    },
    "ks": [
      10,
      50,
      100
    ],
    "method_name": "gcn",
    "save_result": false,
    "seed": 42
  },
  "losses": [
    1.276534021093839,
    1.1225255833128536,
    0.8420680288444067,
    0.589854151814003,
    0.5500350640750299,
    0.4905826220562927,
    0.4059674700520537,
    0.3605222232862956,
    0.3955100593993465,
    0.3412227290259919,
    0.3152519647148964,
    0.30270949263031544,
    0.2922178405958481,
    0.28343687988473554,
    0.2761988589130904,
    0.2680484979271734,
    0.2602708270785873,
    0.2535163573884708,
    0.24661420126525443,
    0.24039090082559905,
    0.23513994149647025,
    0.23086158294903977,
    0.22645719753894444,
    0.2206306764039202,
    0.2165786288793275,
    0.21246101230158768,
    0.2083285669431097,
    0.2049563623866739,
    0.20010541457096143,
    0.19734276519733313,
    0.19394792096060445,
    0.18998251587644563,
    0.18756904766030638,
    0.18438301877089242,
    0.18070716560595687,
    0.17810309228376503,
    0.17455087553370016,
    0.1737237192901507,
    0.1707441465388922,
    0.16737935928384556,
    0.1645178109949252,
    0.16251566548919702,
    0.16090618860752606,
    0.15908272004814458,
    0.15685596704458363,
    0.15454908253427202,
    0.1526382974374754,
    0.1499639270632109,
    0.14730021277030625,
    0.1466513993216045
  ],
  "memory_delta_mb": 18.86328125,
  "memory_mb": 2227.44921875,
  "method_name": "gcn",
  "metrics": {
    "test": {
      "hits_at_10": 0.11983854605106953,
      "hits_at_100": 0.3379308856223963,
      "hits_at_50": 0.2572254959096894
    },
    "valid": {
      "hits_at_10": 0.14017042806737234,
      "hits_at_100": 0.3838958791025897,
      "hits_at_50": 0.29786632048465483
    }
  },
  "runtime_seconds": 190.02305862199864,
  "seed": 42,
  "status": "completed",
  "timestamp": "20260502_212442_gcn_scale_1_0_run_009",
  "tuning": {
    "grid": {
      "dropout": [
        0.0,
        0.2,
        0.5
      ],
      "hidden_channels": [
        128,
        256
      ],
      "learning_rate": [
        0.0005,
        0.001,
        0.005
      ],
      "num_layers": [
        2,
        3
      ]
    },
    "preset": "full",
    "run_index": 9,
    "selection_metric": "hits_at_50",
    "selection_score": 0.29786632048465483,
    "selection_split": "valid",
    "tuning_id": "20260502_212442_gcn_scale_1_0"
  }
}
