{
  "config": {
    "batch_size": 65536,
    "dropout": 0.5,
    "epochs": 50,
    "hidden_channels": 128,
    "learning_rate": 0.005,
    "num_layers": 2
  },
  "dataset_name": "ogbl-collab",
  "dataset_scale": 1.0,
  "device": "cuda",
  "experiment_config": {
    "dataset_name": "ogbl-collab",
    "dataset_scale": 1.0,
    "device": "cuda",
    "hyperparameters": {
      "batch_size": 65536,
      "dropout": 0.5,
      "epochs": 50,
      "hidden_channels": 128,
      "learning_rate": 0.005,
      "num_layers": 2
    },
    "ks": [
      10,
      50,
      100
    ],
    "method_name": "gcn",
    "save_result": false,
    "seed": 42
  },
  "losses": [
    1.2071284559007665,
    0.7823540253556039,
    0.46039837362738256,
    0.3394677539784114,
    0.27274299474238567,
    0.23567551639869136,
    0.21375384912403514,
    0.1936905039934622,
    0.18136826579910073,
    0.1714549459837028,
    0.16199566905380203,
    0.1543904751869746,
    0.1501691540861655,
    0.1423063561172336,
    0.13564686096393638,
    0.1334392363245394,
    0.1263558202390337,
    0.12070897103751423,
    0.12024371641003508,
    0.11890621039844494,
    0.11584718448134346,
    0.10923793330735886,
    0.1056755446192177,
    0.10796680560620782,
    0.10515600467156859,
    0.10001092882864264,
    0.09862410041672452,
    0.09806251206393901,
    0.09574924949338769,
    0.09379790677846321,
    0.09448204499699456,
    0.09082832069931468,
    0.09257501997481933,
    0.0895274948619704,
    0.08743888171100467,
    0.08583958219842255,
    0.08566487291826945,
    0.08470434474231886,
    0.08466691417803415,
    0.0839572259637505,
    0.08207418417263647,
    0.08136329073231231,
    0.08189663502921034,
    0.07954245708759435,
    0.07931481194344173,
    0.07914019278166322,
    0.07853779185344545,
    0.07843865971500975,
    0.07726230976347517,
    0.07729368532460182
  ],
  "memory_delta_mb": 18.8671875,
  "memory_mb": 2228.453125,
  "method_name": "gcn",
  "metrics": {
    "test": {
      "hits_at_10": 0.21956010274342205,
      "hits_at_100": 0.404303999654644,
      "hits_at_50": 0.3269010770791513
    },
    "valid": {
      "hits_at_10": 0.26264895812529127,
      "hits_at_100": 0.45800878769722386,
      "hits_at_50": 0.3786865055588842
    }
  },
  "runtime_seconds": 100.3600407269987,
  "seed": 42,
  "status": "completed",
  "timestamp": "20260502_212442_gcn_scale_1_0_run_029",
  "tuning": {
    "grid": {
      "dropout": [
        0.0,
        0.2,
        0.5
      ],
      "hidden_channels": [
        128,
        256
      ],
      "learning_rate": [
        0.0005,
        0.001,
        0.005
      ],
      "num_layers": [
        2,
        3
      ]
    },
    "preset": "full",
    "run_index": 29,
    "selection_metric": "hits_at_50",
    "selection_score": 0.3786865055588842,
    "selection_split": "valid",
    "tuning_id": "20260502_212442_gcn_scale_1_0"
  }
}
