{
  "config": {
    "batch_size": 65536,
    "dropout": 0.5,
    "epochs": 50,
    "hidden_channels": 256,
    "learning_rate": 0.005,
    "num_layers": 2
  },
  "dataset_name": "ogbl-collab",
  "dataset_scale": 1.0,
  "device": "cuda",
  "experiment_config": {
    "dataset_name": "ogbl-collab",
    "dataset_scale": 1.0,
    "device": "cuda",
    "hyperparameters": {
      "batch_size": 65536,
      "dropout": 0.5,
      "epochs": 50,
      "hidden_channels": 256,
      "learning_rate": 0.005,
      "num_layers": 2
    },
    "ks": [
      10,
      50,
      100
    ],
    "method_name": "gcn",
    "save_result": false,
    "seed": 42
  },
  "losses": [
    1.2276158850790997,
    0.7824122301019965,
    0.48789019078001217,
    0.34965506594491086,
    0.2784010825393252,
    0.23832376578880318,
    0.20179046995516137,
    0.1784834130235917,
    0.16665616848329795,
    0.15672057389086488,
    0.14970628280714232,
    0.13919081716556436,
    0.1349875440272191,
    0.12304913287309377,
    0.12006247415922534,
    0.11898086569729091,
    0.10868376480522515,
    0.11213548922913619,
    0.104880090218654,
    0.10140896420411921,
    0.1027183569773244,
    0.09477541167240298,
    0.08913123437984603,
    0.08806146753624848,
    0.08816701791363374,
    0.09187749789852906,
    0.08727252170770765,
    0.0823626996170729,
    0.07969624837163686,
    0.07804115024240901,
    0.07861771121998914,
    0.07708955744729672,
    0.07507923506998924,
    0.07446846854518578,
    0.07540709502868354,
    0.07460385327588592,
    0.0716602514617263,
    0.06988866552092017,
    0.06807036155933581,
    0.06813941715482408,
    0.06685945581918859,
    0.06623121775800712,
    0.06613595251998822,
    0.06632675086017482,
    0.06410585495544838,
    0.06518409232520832,
    0.06322584570180438,
    0.06455182033318134,
    0.06301606211412807,
    0.06286214841191748
  ],
  "memory_delta_mb": 17.8671875,
  "memory_mb": 2227.453125,
  "method_name": "gcn",
  "metrics": {
    "test": {
      "hits_at_10": 0.20324202983012798,
      "hits_at_100": 0.40579334757927,
      "hits_at_50": 0.31097152971141184
    },
    "valid": {
      "hits_at_10": 0.24800279608548031,
      "hits_at_100": 0.46178683176885693,
      "hits_at_50": 0.36548831635710005
    }
  },
  "runtime_seconds": 199.01721481300046,
  "seed": 42,
  "status": "completed",
  "timestamp": "20260502_212442_gcn_scale_1_0_run_035",
  "tuning": {
    "grid": {
      "dropout": [
        0.0,
        0.2,
        0.5
      ],
      "hidden_channels": [
        128,
        256
      ],
      "learning_rate": [
        0.0005,
        0.001,
        0.005
      ],
      "num_layers": [
        2,
        3
      ]
    },
    "preset": "full",
    "run_index": 35,
    "selection_metric": "hits_at_50",
    "selection_score": 0.36548831635710005,
    "selection_split": "valid",
    "tuning_id": "20260502_212442_gcn_scale_1_0"
  }
}
