{
  "config": {
    "batch_size": 65536,
    "dropout": 0.5,
    "epochs": 50,
    "hidden_channels": 256,
    "learning_rate": 0.001,
    "num_layers": 3
  },
  "dataset_name": "ogbl-collab",
  "dataset_scale": 1.0,
  "device": "cuda",
  "experiment_config": {
    "dataset_name": "ogbl-collab",
    "dataset_scale": 1.0,
    "device": "cuda",
    "hyperparameters": {
      "batch_size": 65536,
      "dropout": 0.5,
      "epochs": 50,
      "hidden_channels": 256,
      "learning_rate": 0.001,
      "num_layers": 3
    },
    "ks": [
      10,
      50,
      100
    ],
    "method_name": "gcn",
    "save_result": false,
    "seed": 42
  },
  "losses": [
    1.2601001594098513,
    0.8725581067427866,
    0.4327833414185336,
    0.2636913519679639,
    0.23854564218647653,
    0.19338558627018637,
    0.15296557537977867,
    0.13297328194666863,
    0.11718519639653907,
    0.10775603128829198,
    0.10095444825913971,
    0.09675528411921644,
    0.0911409499768073,
    0.08843027983599042,
    0.08363307048985298,
    0.08146970217534684,
    0.0781562223757559,
    0.07590406950775351,
    0.07484818343840588,
    0.07624783700116076,
    0.07233924150415558,
    0.06835609673473007,
    0.06746971690464028,
    0.06539083006039335,
    0.06453816916808991,
    0.061455569850795394,
    0.062094965373432245,
    0.06059108835124327,
    0.058908954427056064,
    0.05839222792890157,
    0.05633714674179664,
    0.056515408823938025,
    0.05489508872976184,
    0.054437960716294476,
    0.05355634911944837,
    0.05374379274214124,
    0.05496100605164343,
    0.05457163572801816,
    0.05399783315920228,
    0.05082135321560575,
    0.05104871647506943,
    0.052003284696875256,
    0.050664595456230574,
    0.05063528127181378,
    0.048609825323048805,
    0.04681042549652505,
    0.04752791653894115,
    0.04580143014547953,
    0.046287262585848775,
    0.04760249934568506
  ],
  "memory_delta_mb": 17.86328125,
  "memory_mb": 2227.44921875,
  "method_name": "gcn",
  "metrics": {
    "test": {
      "hits_at_10": 0.17667119946469814,
      "hits_at_100": 0.3835394677200026,
      "hits_at_50": 0.2935094649139848
    },
    "valid": {
      "hits_at_10": 0.2100892084415152,
      "hits_at_100": 0.4210938020105186,
      "hits_at_50": 0.3276912322748153
    }
  },
  "runtime_seconds": 294.1365544609944,
  "seed": 42,
  "status": "completed",
  "timestamp": "20260502_212442_gcn_scale_1_0_run_034",
  "tuning": {
    "grid": {
      "dropout": [
        0.0,
        0.2,
        0.5
      ],
      "hidden_channels": [
        128,
        256
      ],
      "learning_rate": [
        0.0005,
        0.001,
        0.005
      ],
      "num_layers": [
        2,
        3
      ]
    },
    "preset": "full",
    "run_index": 34,
    "selection_metric": "hits_at_50",
    "selection_score": 0.3276912322748153,
    "selection_split": "valid",
    "tuning_id": "20260502_212442_gcn_scale_1_0"
  }
}
