{
  "config": {
    "batch_size": 65536,
    "dropout": 0.2,
    "epochs": 50,
    "hidden_channels": 256,
    "learning_rate": 0.0005,
    "num_layers": 3
  },
  "dataset_name": "ogbl-collab",
  "dataset_scale": 1.0,
  "device": "cuda",
  "experiment_config": {
    "dataset_name": "ogbl-collab",
    "dataset_scale": 1.0,
    "device": "cuda",
    "hyperparameters": {
      "batch_size": 65536,
      "dropout": 0.2,
      "epochs": 50,
      "hidden_channels": 256,
      "learning_rate": 0.0005,
      "num_layers": 3
    },
    "ks": [
      10,
      50,
      100
    ],
    "method_name": "gcn",
    "save_result": false,
    "seed": 42
  },
  "losses": [
    1.3137381995421864,
    1.1605952310102223,
    0.9400307002412637,
    0.6743047845108304,
    0.4695968163818546,
    0.4062277386726982,
    0.35776097180980754,
    0.3212491897225086,
    0.29316400126443376,
    0.2675851311443888,
    0.2491011091674989,
    0.23173829333680354,
    0.2194423772396199,
    0.20317197460252825,
    0.1946915153477569,
    0.18390975347905728,
    0.17704061165195245,
    0.17098335243357948,
    0.16579463458305935,
    0.15778986261052755,
    0.15480062380541115,
    0.1481738020553795,
    0.14596025575044586,
    0.1444988540459389,
    0.14103020450775736,
    0.13572852829189708,
    0.1378149441398502,
    0.13480394025275574,
    0.13366381142298925,
    0.13450101936904846,
    0.13253730894974594,
    0.12676135247474468,
    0.1296568999601149,
    0.13090585481212055,
    0.12999083808010561,
    0.12862677371498726,
    0.12623780937525692,
    0.1250314641881112,
    0.12819762397728177,
    0.12626036133513263,
    0.12848132017642844,
    0.12396271011589718,
    0.12471882270054654,
    0.12575960886701645,
    0.12673346155936135,
    0.12603913956821483,
    0.12770798557072296,
    0.12568729353191965,
    0.1261298626704574,
    0.12212012088864527
  ],
  "memory_delta_mb": 18.8671875,
  "memory_mb": 2228.453125,
  "method_name": "gcn",
  "metrics": {
    "test": {
      "hits_at_10": 0.10770791512875305,
      "hits_at_100": 0.2950203975911416,
      "hits_at_50": 0.22342377344643743
    },
    "valid": {
      "hits_at_10": 0.12071433326675987,
      "hits_at_100": 0.32131682311430665,
      "hits_at_50": 0.24622195592836696
    }
  },
  "runtime_seconds": 287.1832333029961,
  "seed": 42,
  "status": "completed",
  "timestamp": "20260502_212442_gcn_scale_1_0_run_020",
  "tuning": {
    "grid": {
      "dropout": [
        0.0,
        0.2,
        0.5
      ],
      "hidden_channels": [
        128,
        256
      ],
      "learning_rate": [
        0.0005,
        0.001,
        0.005
      ],
      "num_layers": [
        2,
        3
      ]
    },
    "preset": "full",
    "run_index": 20,
    "selection_metric": "hits_at_50",
    "selection_score": 0.24622195592836696,
    "selection_split": "valid",
    "tuning_id": "20260502_212442_gcn_scale_1_0"
  }
}
