{
  "config": {
    "batch_size": 65536,
    "dropout": 0.2,
    "epochs": 50,
    "hidden_channels": 128,
    "learning_rate": 0.0005,
    "num_layers": 2
  },
  "dataset_name": "ogbl-collab",
  "dataset_scale": 1.0,
  "device": "cuda",
  "experiment_config": {
    "dataset_name": "ogbl-collab",
    "dataset_scale": 1.0,
    "device": "cuda",
    "hyperparameters": {
      "batch_size": 65536,
      "dropout": 0.2,
      "epochs": 50,
      "hidden_channels": 128,
      "learning_rate": 0.0005,
      "num_layers": 2
    },
    "ks": [
      10,
      50,
      100
    ],
    "method_name": "gcn",
    "save_result": false,
    "seed": 42
  },
  "losses": [
    1.3397875394618406,
    1.2612258784067583,
    1.2068236063195807,
    1.0899115854039325,
    0.9359046652360701,
    0.7445199004116634,
    0.6037060815037685,
    0.5267297558049355,
    0.4849102366661894,
    0.4549914303211037,
    0.4317482974057562,
    0.411980889590977,
    0.39921277912754444,
    0.38416612351467627,
    0.37323367694200454,
    0.3624402762204704,
    0.3530345355423843,
    0.3450608735541525,
    0.3350432685038909,
    0.324513090273051,
    0.3155238985664886,
    0.3061212410566089,
    0.29868099663897746,
    0.2898327804240473,
    0.2833005551731937,
    0.27737922586276015,
    0.2701459539767181,
    0.2678336818337706,
    0.263601490721666,
    0.2585399985416139,
    0.2561670820543015,
    0.25097221207509396,
    0.24785519829039462,
    0.24479839316447952,
    0.24095250588112915,
    0.23767973713297413,
    0.23392341471647993,
    0.23156648554534956,
    0.23049325307802498,
    0.22657341594726182,
    0.22322734208975342,
    0.21985578203216016,
    0.21884807892622488,
    0.2156326623237402,
    0.21433491521063758,
    0.21191279518779313,
    0.20820041860942098,
    0.20787042890460242,
    0.20535893893927623,
    0.2025235865518667
  ],
  "memory_delta_mb": 18.86328125,
  "memory_mb": 2227.44921875,
  "method_name": "gcn",
  "metrics": {
    "test": {
      "hits_at_10": 0.1102765006799197,
      "hits_at_100": 0.27211897515594985,
      "hits_at_50": 0.20848712469511538
    },
    "valid": {
      "hits_at_10": 0.12004859862858665,
      "hits_at_100": 0.29695093535716666,
      "hits_at_50": 0.22924572265494975
    }
  },
  "runtime_seconds": 101.69090919200244,
  "seed": 42,
  "status": "completed",
  "timestamp": "20260502_212442_gcn_scale_1_0_run_013",
  "tuning": {
    "grid": {
      "dropout": [
        0.0,
        0.2,
        0.5
      ],
      "hidden_channels": [
        128,
        256
      ],
      "learning_rate": [
        0.0005,
        0.001,
        0.005
      ],
      "num_layers": [
        2,
        3
      ]
    },
    "preset": "full",
    "run_index": 13,
    "selection_metric": "hits_at_50",
    "selection_score": 0.22924572265494975,
    "selection_split": "valid",
    "tuning_id": "20260502_212442_gcn_scale_1_0"
  }
}
