{
  "config": {
    "batch_size": 65536,
    "dropout": 0.5,
    "epochs": 50,
    "hidden_channels": 256,
    "learning_rate": 0.0005,
    "num_layers": 3
  },
  "dataset_name": "ogbl-collab",
  "dataset_scale": 1.0,
  "device": "cuda",
  "experiment_config": {
    "dataset_name": "ogbl-collab",
    "dataset_scale": 1.0,
    "device": "cuda",
    "hyperparameters": {
      "batch_size": 65536,
      "dropout": 0.5,
      "epochs": 50,
      "hidden_channels": 256,
      "learning_rate": 0.0005,
      "num_layers": 3
    },
    "ks": [
      10,
      50,
      100
    ],
    "method_name": "gcn",
    "save_result": false,
    "seed": 42
  },
  "losses": [
    1.3143181963849502,
    1.1446942496200982,
    0.8090577976433562,
    0.43470400644639695,
    0.2765375107507266,
    0.2109612102952813,
    0.1790718126348076,
    0.15964053351728036,
    0.14223044327792878,
    0.13295611262524493,
    0.12236405854102711,
    0.11395858297044688,
    0.10726946852395912,
    0.10230531679968743,
    0.09684160763444428,
    0.0940150932529909,
    0.08989884551663598,
    0.08703761344750073,
    0.08481016327541749,
    0.08312848385334183,
    0.08095043378585715,
    0.0790040958361924,
    0.07776167989495014,
    0.07564063926750896,
    0.0746448525046617,
    0.07208354203209393,
    0.07116841175227322,
    0.06959176412626454,
    0.06806917366595588,
    0.06685402984478814,
    0.06850669306837538,
    0.06426621103436339,
    0.06277660517109843,
    0.061783700424683514,
    0.06078573258652149,
    0.0606374105987994,
    0.06101336402858011,
    0.0658998607061005,
    0.0585410933075086,
    0.057235453813726286,
    0.05632327707240326,
    0.056429255143340434,
    0.05612906103720562,
    0.05541167560972621,
    0.054101407289919946,
    0.05359094878349868,
    0.05267521356712696,
    0.05246414794482545,
    0.05234364672028193,
    0.05172024436827179
  ],
  "memory_delta_mb": 18.86328125,
  "memory_mb": 2228.44921875,
  "method_name": "gcn",
  "metrics": {
    "test": {
      "hits_at_10": 0.1586263463489391,
      "hits_at_100": 0.34870167713527167,
      "hits_at_50": 0.27811953635951564
    },
    "valid": {
      "hits_at_10": 0.18858597962852008,
      "hits_at_100": 0.37930231009919446,
      "hits_at_50": 0.3052559749683776
    }
  },
  "runtime_seconds": 287.24690986500354,
  "seed": 42,
  "status": "completed",
  "timestamp": "20260502_212442_gcn_scale_1_0_run_032",
  "tuning": {
    "grid": {
      "dropout": [
        0.0,
        0.2,
        0.5
      ],
      "hidden_channels": [
        128,
        256
      ],
      "learning_rate": [
        0.0005,
        0.001,
        0.005
      ],
      "num_layers": [
        2,
        3
      ]
    },
    "preset": "full",
    "run_index": 32,
    "selection_metric": "hits_at_50",
    "selection_score": 0.3052559749683776,
    "selection_split": "valid",
    "tuning_id": "20260502_212442_gcn_scale_1_0"
  }
}
