{
  "config": {
    "batch_size": 65536,
    "dropout": 0.2,
    "epochs": 50,
    "hidden_channels": 256,
    "learning_rate": 0.005,
    "num_layers": 2
  },
  "dataset_name": "ogbl-collab",
  "dataset_scale": 1.0,
  "device": "cuda",
  "experiment_config": {
    "dataset_name": "ogbl-collab",
    "dataset_scale": 1.0,
    "device": "cuda",
    "hyperparameters": {
      "batch_size": 65536,
      "dropout": 0.2,
      "epochs": 50,
      "hidden_channels": 256,
      "learning_rate": 0.005,
      "num_layers": 2
    },
    "ks": [
      10,
      50,
      100
    ],
    "method_name": "gcn",
    "save_result": false,
    "seed": 42
  },
  "losses": [
    1.2314060908962208,
    0.8094268442953435,
    0.5165589423967494,
    0.44489047496176615,
    0.3504325027572394,
    0.29892279706326097,
    0.26329424523932915,
    0.24949611366978683,
    0.23184474734146582,
    0.2109896339264822,
    0.1912719520459133,
    0.17895671248982756,
    0.18610314856010707,
    0.17263468108026803,
    0.15149759838475715,
    0.14428914724416161,
    0.13583534451620977,
    0.13194929134847636,
    0.12467328259822763,
    0.12471794693425466,
    0.11576739714269338,
    0.10999051873223283,
    0.10236728335381079,
    0.10457836212810274,
    0.098094921158905,
    0.09049635710941306,
    0.0875640789771517,
    0.08938793309522598,
    0.08456957646682803,
    0.08874552979572606,
    0.1171856250265352,
    0.10163660503577024,
    0.08492524657271738,
    0.07611828477929287,
    0.0733937188657756,
    0.07215999337912693,
    0.07323955110451201,
    0.07167446669521675,
    0.06793155141248423,
    0.06723214884666116,
    0.0699821864198485,
    0.07474242722472528,
    0.06547612346083459,
    0.0641106771144628,
    0.06353749670189776,
    0.06185382884867495,
    0.06109048925723848,
    0.06087242379260197,
    0.06327045036708855,
    0.07561064718486468
  ],
  "memory_delta_mb": 17.86328125,
  "memory_mb": 2227.44921875,
  "method_name": "gcn",
  "metrics": {
    "test": {
      "hits_at_10": 0.20792592112931424,
      "hits_at_100": 0.4513803449243454,
      "hits_at_50": 0.3800643225625418
    },
    "valid": {
      "hits_at_10": 0.2560748285733307,
      "hits_at_100": 0.5178916184009054,
      "hits_at_50": 0.44297982824046334
    }
  },
  "runtime_seconds": 194.00232320400391,
  "seed": 42,
  "status": "completed",
  "timestamp": "20260502_212442_gcn_scale_1_0_run_023",
  "tuning": {
    "grid": {
      "dropout": [
        0.0,
        0.2,
        0.5
      ],
      "hidden_channels": [
        128,
        256
      ],
      "learning_rate": [
        0.0005,
        0.001,
        0.005
      ],
      "num_layers": [
        2,
        3
      ]
    },
    "preset": "full",
    "run_index": 23,
    "selection_metric": "hits_at_50",
    "selection_score": 0.44297982824046334,
    "selection_split": "valid",
    "tuning_id": "20260502_212442_gcn_scale_1_0"
  }
}
