{
  "config": {
    "batch_size": 65536,
    "dropout": 0.5,
    "epochs": 50,
    "hidden_channels": 256,
    "learning_rate": 0.001,
    "num_layers": 2
  },
  "dataset_name": "ogbl-collab",
  "dataset_scale": 1.0,
  "device": "cuda",
  "experiment_config": {
    "dataset_name": "ogbl-collab",
    "dataset_scale": 1.0,
    "device": "cuda",
    "hyperparameters": {
      "batch_size": 65536,
      "dropout": 0.5,
      "epochs": 50,
      "hidden_channels": 256,
      "learning_rate": 0.001,
      "num_layers": 2
    },
    "ks": [
      10,
      50,
      100
    ],
    "method_name": "gcn",
    "save_result": false,
    "seed": 42
  },
  "losses": [
    1.2726164537417102,
    1.0920251105531293,
    0.7828478846837679,
    0.5271094107893333,
    0.3848073638770805,
    0.31322656002390314,
    0.27412190541492526,
    0.2518774086891676,
    0.23355951324982713,
    0.22015174166499102,
    0.20648658649453977,
    0.19696621129713365,
    0.18790624558835442,
    0.17869916157021273,
    0.1869088887764113,
    0.1758187615239173,
    0.1678575206424841,
    0.1631831762898564,
    0.1572287600516071,
    0.15324529371600973,
    0.14955570548072653,
    0.14466788525917645,
    0.1397192163047542,
    0.13722580612304935,
    0.13454275963911752,
    0.1318931053234279,
    0.1288098166384736,
    0.1254114921966804,
    0.12362307884932702,
    0.12149740470792826,
    0.11631413971747422,
    0.11015544816642478,
    0.1092945562594186,
    0.10555165495148837,
    0.10273181022552984,
    0.10120586563626577,
    0.10053706324192238,
    0.0981574779656445,
    0.09491651750211814,
    0.09374546596908678,
    0.09141412108951254,
    0.09115695551088392,
    0.09172182073713876,
    0.09024424607836264,
    0.08706649045511108,
    0.0847906310959425,
    0.08426245350788537,
    0.0838436363804793,
    0.09236428242543268,
    0.08425600709209538
  ],
  "memory_delta_mb": 18.8671875,
  "memory_mb": 2228.453125,
  "method_name": "gcn",
  "metrics": {
    "test": {
      "hits_at_10": 0.13110578687215352,
      "hits_at_100": 0.3240518897450841,
      "hits_at_50": 0.2425910336937987
    },
    "valid": {
      "hits_at_10": 0.15616470274948405,
      "hits_at_100": 0.36047866320484656,
      "hits_at_50": 0.2762465881099794
    }
  },
  "runtime_seconds": 194.4820965109975,
  "seed": 42,
  "status": "completed",
  "timestamp": "20260502_212442_gcn_scale_1_0_run_033",
  "tuning": {
    "grid": {
      "dropout": [
        0.0,
        0.2,
        0.5
      ],
      "hidden_channels": [
        128,
        256
      ],
      "learning_rate": [
        0.0005,
        0.001,
        0.005
      ],
      "num_layers": [
        2,
        3
      ]
    },
    "preset": "full",
    "run_index": 33,
    "selection_metric": "hits_at_50",
    "selection_score": 0.2762465881099794,
    "selection_split": "valid",
    "tuning_id": "20260502_212442_gcn_scale_1_0"
  }
}
