{
  "config": {
    "batch_size": 65536,
    "dropout": 0.5,
    "epochs": 50,
    "hidden_channels": 128,
    "learning_rate": 0.001,
    "num_layers": 3
  },
  "dataset_name": "ogbl-collab",
  "dataset_scale": 1.0,
  "device": "cuda",
  "experiment_config": {
    "dataset_name": "ogbl-collab",
    "dataset_scale": 1.0,
    "device": "cuda",
    "hyperparameters": {
      "batch_size": 65536,
      "dropout": 0.5,
      "epochs": 50,
      "hidden_channels": 128,
      "learning_rate": 0.001,
      "num_layers": 3
    },
    "ks": [
      10,
      50,
      100
    ],
    "method_name": "gcn",
    "save_result": false,
    "seed": 42
  },
  "losses": [
    1.2980839620568312,
    1.0918977916193577,
    0.6932898794106759,
    0.3905261603076774,
    0.2893066055701172,
    0.23592251623901608,
    0.20350999782609333,
    0.18245782423625762,
    0.168880055176215,
    0.15764284753842875,
    0.14980926642305056,
    0.14305714170767594,
    0.13689236862799312,
    0.1327839521196763,
    0.12809902588994596,
    0.12479615748165308,
    0.12023510738448416,
    0.1177747917443861,
    0.11379333251251701,
    0.11035195795341102,
    0.10691868710724059,
    0.10380344977528903,
    0.10152836712368477,
    0.09805056082859734,
    0.09524356126140222,
    0.09469099310282046,
    0.09243097272611277,
    0.08970775978280776,
    0.08768116305758576,
    0.08636152539123762,
    0.08447936813028782,
    0.0833508508178188,
    0.08212354938712986,
    0.08138599281586541,
    0.08066503664486388,
    0.07935067305265388,
    0.0777609188083968,
    0.0771293002060739,
    0.07630835179718211,
    0.07598713424741901,
    0.07482453464376054,
    0.07359310235531959,
    0.07390180324376579,
    0.07206089532988483,
    0.07240190084633107,
    0.07167085605766152,
    0.07104633242510731,
    0.07049872877519853,
    0.069114596881885,
    0.06897921849359258
  ],
  "memory_delta_mb": 18.86328125,
  "memory_mb": 2228.44921875,
  "method_name": "gcn",
  "metrics": {
    "test": {
      "hits_at_10": 0.16702281508342506,
      "hits_at_100": 0.3631634613309158,
      "hits_at_50": 0.2806665371581515
    },
    "valid": {
      "hits_at_10": 0.19782304773317355,
      "hits_at_100": 0.4010551894015046,
      "hits_at_50": 0.3143266094134878
    }
  },
  "runtime_seconds": 144.83370734300115,
  "seed": 42,
  "status": "completed",
  "timestamp": "20260502_212442_gcn_scale_1_0_run_028",
  "tuning": {
    "grid": {
      "dropout": [
        0.0,
        0.2,
        0.5
      ],
      "hidden_channels": [
        128,
        256
      ],
      "learning_rate": [
        0.0005,
        0.001,
        0.005
      ],
      "num_layers": [
        2,
        3
      ]
    },
    "preset": "full",
    "run_index": 28,
    "selection_metric": "hits_at_50",
    "selection_score": 0.3143266094134878,
    "selection_split": "valid",
    "tuning_id": "20260502_212442_gcn_scale_1_0"
  }
}
