{
  "config": {
    "batch_size": 65536,
    "dropout": 0.0,
    "epochs": 50,
    "hidden_channels": 128,
    "learning_rate": 0.0005,
    "num_layers": 3
  },
  "dataset_name": "ogbl-collab",
  "dataset_scale": 1.0,
  "device": "cuda",
  "experiment_config": {
    "dataset_name": "ogbl-collab",
    "dataset_scale": 1.0,
    "device": "cuda",
    "hyperparameters": {
      "batch_size": 65536,
      "dropout": 0.0,
      "epochs": 50,
      "hidden_channels": 128,
      "learning_rate": 0.0005,
      "num_layers": 3
    },
    "ks": [
      10,
      50,
      100
    ],
    "method_name": "gcn",
    "save_result": false,
    "seed": 42
  },
  "losses": [
    1.3364617144587954,
    1.2232361079444865,
    1.125575292673523,
    0.9677668608034542,
    0.8314266906283488,
    0.702195337637468,
    0.5432422627672336,
    0.480754765802741,
    0.5061856815310032,
    0.4442995093131948,
    0.40767799365290885,
    0.39086467029019006,
    0.37705572623217287,
    0.3659879053840511,
    0.35485663718933264,
    0.3439040299902683,
    0.3360469685475422,
    0.3304468962458834,
    0.3247635727402081,
    0.3187604638672746,
    0.3143485220048489,
    0.3098586618270206,
    0.3046191666227907,
    0.2969668771407169,
    0.29124940204546274,
    0.28444246702365805,
    0.2790783206719946,
    0.2746706270223761,
    0.26863567508749253,
    0.26526985878478304,
    0.2609474102685637,
    0.25577037143808706,
    0.25197983745115354,
    0.24683601448822842,
    0.24272298073053028,
    0.2383652447374981,
    0.23374341036347332,
    0.23116690879749943,
    0.22869211535969064,
    0.22393531414909185,
    0.2206690743405458,
    0.21758729052247683,
    0.21440322948082566,
    0.21162141265326095,
    0.20903945477285696,
    0.20642765202367924,
    0.20303716562793475,
    0.19983023246854217,
    0.19576282300240078,
    0.19436613899559138
  ],
  "memory_delta_mb": 18.8671875,
  "memory_mb": 2227.390625,
  "method_name": "gcn",
  "metrics": {
    "test": {
      "hits_at_10": 0.117140451984718,
      "hits_at_100": 0.30253189147186427,
      "hits_at_50": 0.23387079367135055
    },
    "valid": {
      "hits_at_10": 0.13577657945542906,
      "hits_at_100": 0.33950802210239,
      "hits_at_50": 0.2674089607882298
    }
  },
  "runtime_seconds": 140.74454726200202,
  "seed": 42,
  "status": "completed",
  "timestamp": "20260502_212442_gcn_scale_1_0_run_002",
  "tuning": {
    "grid": {
      "dropout": [
        0.0,
        0.2,
        0.5
      ],
      "hidden_channels": [
        128,
        256
      ],
      "learning_rate": [
        0.0005,
        0.001,
        0.005
      ],
      "num_layers": [
        2,
        3
      ]
    },
    "preset": "full",
    "run_index": 2,
    "selection_metric": "hits_at_50",
    "selection_score": 0.2674089607882298,
    "selection_split": "valid",
    "tuning_id": "20260502_212442_gcn_scale_1_0"
  }
}
