{
  "config": {
    "batch_size": 65536,
    "dropout": 0.0,
    "epochs": 50,
    "hidden_channels": 256,
    "learning_rate": 0.005,
    "num_layers": 3
  },
  "dataset_name": "ogbl-collab",
  "dataset_scale": 1.0,
  "device": "cuda",
  "experiment_config": {
    "dataset_name": "ogbl-collab",
    "dataset_scale": 1.0,
    "device": "cuda",
    "hyperparameters": {
      "batch_size": 65536,
      "dropout": 0.0,
      "epochs": 50,
      "hidden_channels": 256,
      "learning_rate": 0.005,
      "num_layers": 3
    },
    "ks": [
      10,
      50,
      100
    ],
    "method_name": "gcn",
    "save_result": false,
    "seed": 42
  },
  "losses": [
    1.1844197636769467,
    0.8215022799696647,
    0.6294551919915418,
    0.44738405981114737,
    0.36249029341719585,
    0.356038941904278,
    0.3003150502458362,
    0.2704661367848795,
    0.2905515418469861,
    0.24514284855096538,
    0.2034046652499944,
    0.20102318491626806,
    0.16561005868095954,
    0.17709378539874482,
    0.1513536788537175,
    0.1405591341772429,
    0.14979163397232573,
    0.13160853896783323,
    0.11832572409452284,
    0.11715969384833906,
    0.12699830512418958,
    0.11764973359088632,
    0.10000332128884112,
    0.14510285347889287,
    0.11197869079999173,
    0.09450452969910421,
    0.10834122067218883,
    0.1082171952023529,
    0.09018029900793907,
    0.0843451008056721,
    0.08548486674944875,
    0.08075588712017867,
    0.10317900603916146,
    0.08417892058958151,
    0.07738663967909454,
    0.08953548455071375,
    0.08668470275492741,
    0.07273533832536198,
    0.07161194592909344,
    0.09011958848018624,
    0.07604514261704877,
    0.07094699153053469,
    0.06489682436953274,
    0.0783594246866307,
    0.07782789727784802,
    0.06760055900262787,
    0.07279523348375999,
    0.07227206394478598,
    0.060036757574898986,
    0.05664791896712446
  ],
  "memory_delta_mb": 19.8671875,
  "memory_mb": 2228.453125,
  "method_name": "gcn",
  "metrics": {
    "test": {
      "hits_at_10": 0.23725959981868808,
      "hits_at_100": 0.4565822702842712,
      "hits_at_50": 0.3606812147898724
    },
    "valid": {
      "hits_at_10": 0.29483722788096667,
      "hits_at_100": 0.5296085480327541,
      "hits_at_50": 0.43011450635776577
    }
  },
  "runtime_seconds": 281.3086084250026,
  "seed": 42,
  "status": "completed",
  "timestamp": "20260502_212442_gcn_scale_1_0_run_012",
  "tuning": {
    "grid": {
      "dropout": [
        0.0,
        0.2,
        0.5
      ],
      "hidden_channels": [
        128,
        256
      ],
      "learning_rate": [
        0.0005,
        0.001,
        0.005
      ],
      "num_layers": [
        2,
        3
      ]
    },
    "preset": "full",
    "run_index": 12,
    "selection_metric": "hits_at_50",
    "selection_score": 0.43011450635776577,
    "selection_split": "valid",
    "tuning_id": "20260502_212442_gcn_scale_1_0"
  }
}
