{
  "config": {
    "batch_size": 65536,
    "dropout": 0.2,
    "epochs": 50,
    "hidden_channels": 256,
    "learning_rate": 0.001,
    "num_layers": 2
  },
  "dataset_name": "ogbl-collab",
  "dataset_scale": 1.0,
  "device": "cuda",
  "experiment_config": {
    "dataset_name": "ogbl-collab",
    "dataset_scale": 1.0,
    "device": "cuda",
    "hyperparameters": {
      "batch_size": 65536,
      "dropout": 0.2,
      "epochs": 50,
      "hidden_channels": 256,
      "learning_rate": 0.001,
      "num_layers": 2
    },
    "ks": [
      10,
      50,
      100
    ],
    "method_name": "gcn",
    "save_result": false,
    "seed": 42
  },
  "losses": [
    1.2753243782705659,
    1.113687094744171,
    0.8271362760573463,
    0.5870770523376836,
    0.5262437806991914,
    0.4359809614129953,
    0.3866418931746637,
    0.35528959527327675,
    0.32932022106490455,
    0.30977798048085387,
    0.29499490537327916,
    0.28382876208450747,
    0.2724816626788115,
    0.26086105063731985,
    0.24999281354692507,
    0.23981132318711895,
    0.2299387292004632,
    0.22449855419736864,
    0.21820609287425263,
    0.2108554619117587,
    0.20376868731695377,
    0.19692702997061745,
    0.19028254255000243,
    0.18653444661790167,
    0.18071954171960306,
    0.175936931080463,
    0.17402029330647742,
    0.16975308264181635,
    0.1639865576228662,
    0.15894961997224152,
    0.15569229256487285,
    0.1525592377347203,
    0.1507949422544028,
    0.14768262225656623,
    0.14497275297772577,
    0.1416889616628457,
    0.13898651991939928,
    0.1390530147493784,
    0.1356494185841627,
    0.13322483088306175,
    0.13152875450110046,
    0.13086336209096583,
    0.12941742891845334,
    0.12835854712471562,
    0.12711412836851202,
    0.12485520035975922,
    0.12310229974376484,
    0.12102750781417054,
    0.12047811198970024,
    0.11824835787790262
  ],
  "memory_delta_mb": 18.86328125,
  "memory_mb": 2228.44921875,
  "method_name": "gcn",
  "metrics": {
    "test": {
      "hits_at_10": 0.11275874722096312,
      "hits_at_100": 0.313022081201839,
      "hits_at_50": 0.23421614971184354
    },
    "valid": {
      "hits_at_10": 0.1278543372611677,
      "hits_at_100": 0.3501264895812529,
      "hits_at_50": 0.26135077558085346
    }
  },
  "runtime_seconds": 194.0781264269972,
  "seed": 42,
  "status": "completed",
  "timestamp": "20260502_212442_gcn_scale_1_0_run_021",
  "tuning": {
    "grid": {
      "dropout": [
        0.0,
        0.2,
        0.5
      ],
      "hidden_channels": [
        128,
        256
      ],
      "learning_rate": [
        0.0005,
        0.001,
        0.005
      ],
      "num_layers": [
        2,
        3
      ]
    },
    "preset": "full",
    "run_index": 21,
    "selection_metric": "hits_at_50",
    "selection_score": 0.26135077558085346,
    "selection_split": "valid",
    "tuning_id": "20260502_212442_gcn_scale_1_0"
  }
}
