{
  "config": {
    "batch_size": 65536,
    "dropout": 0.0,
    "epochs": 50,
    "hidden_channels": 128,
    "learning_rate": 0.001,
    "num_layers": 3
  },
  "dataset_name": "ogbl-collab",
  "dataset_scale": 1.0,
  "device": "cuda",
  "experiment_config": {
    "dataset_name": "ogbl-collab",
    "dataset_scale": 1.0,
    "device": "cuda",
    "hyperparameters": {
      "batch_size": 65536,
      "dropout": 0.0,
      "epochs": 50,
      "hidden_channels": 128,
      "learning_rate": 0.001,
      "num_layers": 3
    },
    "ks": [
      10,
      50,
      100
    ],
    "method_name": "gcn",
    "save_result": false,
    "seed": 42
  },
  "losses": [
    1.295869398402508,
    1.130517373250011,
    0.9242526998917463,
    0.7748021518021838,
    0.5520716794843317,
    0.43676822703060025,
    0.3899899088612031,
    0.3654601778562514,
    0.3468000743013363,
    0.40336315489056185,
    0.3521433978501302,
    0.3327922246457222,
    0.3009366015012323,
    0.2948619753307051,
    0.3017853248666257,
    0.2691717539077227,
    0.26125287972851063,
    0.31831025641462996,
    0.2623841952719159,
    0.24923872342972536,
    0.24454369989835373,
    0.24482829568008047,
    0.23848025389785218,
    0.23262606080535883,
    0.2273426707163609,
    0.2215321496528051,
    0.21628389168081197,
    0.21086725062620365,
    0.20542669364460678,
    0.20085111764786706,
    0.1968136042105647,
    0.19188681614473654,
    0.18786560247401612,
    0.1834787248690355,
    0.17841902522507488,
    0.17395304498654796,
    0.1688446549349661,
    0.16562758543713935,
    0.16225223580688092,
    0.1573559815324427,
    0.153751692845076,
    0.14945269724812404,
    0.14641791699865758,
    0.14356991147223394,
    0.1414754306802576,
    0.1379905254707237,
    0.13525888750350296,
    0.13286147711930257,
    0.12871492838060253,
    0.1238843084735665
  ],
  "memory_delta_mb": 19.8671875,
  "memory_mb": 2228.390625,
  "method_name": "gcn",
  "metrics": {
    "test": {
      "hits_at_10": 0.1370847633231885,
      "hits_at_100": 0.3886550540698051,
      "hits_at_50": 0.2939627447171318
    },
    "valid": {
      "hits_at_10": 0.15791225617468876,
      "hits_at_100": 0.44462752146994206,
      "hits_at_50": 0.3376106783835963
    }
  },
  "runtime_seconds": 140.70813018199988,
  "seed": 42,
  "status": "completed",
  "timestamp": "20260502_212442_gcn_scale_1_0_run_004",
  "tuning": {
    "grid": {
      "dropout": [
        0.0,
        0.2,
        0.5
      ],
      "hidden_channels": [
        128,
        256
      ],
      "learning_rate": [
        0.0005,
        0.001,
        0.005
      ],
      "num_layers": [
        2,
        3
      ]
    },
    "preset": "full",
    "run_index": 4,
    "selection_metric": "hits_at_50",
    "selection_score": 0.3376106783835963,
    "selection_split": "valid",
    "tuning_id": "20260502_212442_gcn_scale_1_0"
  }
}
