{
  "config": {
    "batch_size": 65536,
    "dropout": 0.0,
    "epochs": 50,
    "hidden_channels": 256,
    "learning_rate": 0.001,
    "num_layers": 3
  },
  "dataset_name": "ogbl-collab",
  "dataset_scale": 1.0,
  "device": "cuda",
  "experiment_config": {
    "dataset_name": "ogbl-collab",
    "dataset_scale": 1.0,
    "device": "cuda",
    "hyperparameters": {
      "batch_size": 65536,
      "dropout": 0.0,
      "epochs": 50,
      "hidden_channels": 256,
      "learning_rate": 0.001,
      "num_layers": 3
    },
    "ks": [
      10,
      50,
      100
    ],
    "method_name": "gcn",
    "save_result": false,
    "seed": 42
  },
  "losses": [
    1.2648340900367907,
    1.0041124911498416,
    0.7363411000428296,
    0.4806711706705233,
    0.4775136804118472,
    0.3955038043474309,
    0.33414178718345733,
    0.30322131818868353,
    0.3618256547507372,
    0.2943590715416975,
    0.24929259629598235,
    0.23225341096333832,
    0.36141170725636235,
    0.231677447376057,
    0.19361309826151418,
    0.2019186178248744,
    0.18632548872849836,
    0.19156244393695454,
    0.1721338297800535,
    0.16495501974157717,
    0.15926331267072386,
    0.15461227245470627,
    0.15083847752957305,
    0.14536462986639692,
    0.14258250087764618,
    0.13928856117122707,
    0.1292410574571764,
    0.1212830195997365,
    0.12442560996711072,
    0.12109300781560171,
    0.11555938108998383,
    0.11356433790094592,
    0.11066822097285937,
    0.10903379278262222,
    0.10967736272199947,
    0.1845460918943808,
    0.11531988819207595,
    0.10546342666100414,
    0.10077113091781048,
    0.09859646340757239,
    0.09801888180810314,
    0.09672173223051288,
    0.11547263921589589,
    0.1102393050061912,
    0.10250293789141247,
    0.09253497822439924,
    0.08969552143191667,
    0.08948386983078963,
    0.08765632956660961,
    0.08908719846566227
  ],
  "memory_delta_mb": 19.8671875,
  "memory_mb": 2228.453125,
  "method_name": "gcn",
  "metrics": {
    "test": {
      "hits_at_10": 0.18817587256362106,
      "hits_at_100": 0.4557620496881003,
      "hits_at_50": 0.36616374193269874
    },
    "valid": {
      "hits_at_10": 0.2327574728713135,
      "hits_at_100": 0.5254976366420345,
      "hits_at_50": 0.4320784235403768
    }
  },
  "runtime_seconds": 279.0054727079987,
  "seed": 42,
  "status": "completed",
  "timestamp": "20260502_212442_gcn_scale_1_0_run_010",
  "tuning": {
    "grid": {
      "dropout": [
        0.0,
        0.2,
        0.5
      ],
      "hidden_channels": [
        128,
        256
      ],
      "learning_rate": [
        0.0005,
        0.001,
        0.005
      ],
      "num_layers": [
        2,
        3
      ]
    },
    "preset": "full",
    "run_index": 10,
    "selection_metric": "hits_at_50",
    "selection_score": 0.4320784235403768,
    "selection_split": "valid",
    "tuning_id": "20260502_212442_gcn_scale_1_0"
  }
}
