{
  "config": {
    "batch_size": 65536,
    "dropout": 0.5,
    "epochs": 50,
    "hidden_channels": 128,
    "learning_rate": 0.001,
    "num_layers": 2
  },
  "dataset_name": "ogbl-collab",
  "dataset_scale": 1.0,
  "device": "cuda",
  "experiment_config": {
    "dataset_name": "ogbl-collab",
    "dataset_scale": 1.0,
    "device": "cuda",
    "hyperparameters": {
      "batch_size": 65536,
      "dropout": 0.5,
      "epochs": 50,
      "hidden_channels": 128,
      "learning_rate": 0.001,
      "num_layers": 2
    },
    "ks": [
      10,
      50,
      100
    ],
    "method_name": "gcn",
    "save_result": false,
    "seed": 42
  },
  "losses": [
    1.3098820323994047,
    1.2000645768191371,
    0.9999163085759987,
    0.7404966205683561,
    0.5299764674199862,
    0.42590680089289545,
    0.37166290670967067,
    0.349726105049312,
    0.32588708944555533,
    0.30698676098139727,
    0.2918140744581847,
    0.27754423294296027,
    0.2650370940318909,
    0.25160084946629463,
    0.2408279577674328,
    0.23175121723422823,
    0.21988123545022625,
    0.21245519940361332,
    0.2060259612611236,
    0.20020577164644104,
    0.1932919116927678,
    0.18886777000080526,
    0.18298679579346208,
    0.17857244723398355,
    0.17361236234499028,
    0.17109819889691014,
    0.16605509249783623,
    0.16238240152392688,
    0.15846704287464414,
    0.15440510628835014,
    0.15202713296570766,
    0.1468551077320536,
    0.14296909689777684,
    0.1403833085960439,
    0.13677385783362767,
    0.133572300988807,
    0.13024002995715742,
    0.12861255267108385,
    0.12800887669094058,
    0.12575053389734672,
    0.12295362125244809,
    0.12157774604112448,
    0.1222484974115591,
    0.11898784512152467,
    0.11781615792341268,
    0.11718619580210732,
    0.11456958376951777,
    0.11428755717561101,
    0.11334970993266215,
    0.1130344675128343
  ],
  "memory_delta_mb": 18.8671875,
  "memory_mb": 2228.453125,
  "method_name": "gcn",
  "metrics": {
    "test": {
      "hits_at_10": 0.1438192061128019,
      "hits_at_100": 0.3512702626864383,
      "hits_at_50": 0.2671113125688014
    },
    "valid": {
      "hits_at_10": 0.16871380067904934,
      "hits_at_100": 0.3892051128420212,
      "hits_at_50": 0.30049597230543906
    }
  },
  "runtime_seconds": 100.30718991700269,
  "seed": 42,
  "status": "completed",
  "timestamp": "20260502_212442_gcn_scale_1_0_run_027",
  "tuning": {
    "grid": {
      "dropout": [
        0.0,
        0.2,
        0.5
      ],
      "hidden_channels": [
        128,
        256
      ],
      "learning_rate": [
        0.0005,
        0.001,
        0.005
      ],
      "num_layers": [
        2,
        3
      ]
    },
    "preset": "full",
    "run_index": 27,
    "selection_metric": "hits_at_50",
    "selection_score": 0.30049597230543906,
    "selection_split": "valid",
    "tuning_id": "20260502_212442_gcn_scale_1_0"
  }
}
