{
  "config": {
    "batch_size": 65536,
    "dropout": 0.0,
    "epochs": 50,
    "hidden_channels": 256,
    "learning_rate": 0.0005,
    "num_layers": 2
  },
  "dataset_name": "ogbl-collab",
  "dataset_scale": 1.0,
  "device": "cuda",
  "experiment_config": {
    "dataset_name": "ogbl-collab",
    "dataset_scale": 1.0,
    "device": "cuda",
    "hyperparameters": {
      "batch_size": 65536,
      "dropout": 0.0,
      "epochs": 50,
      "hidden_channels": 256,
      "learning_rate": 0.0005,
      "num_layers": 2
    },
    "ks": [
      10,
      50,
      100
    ],
    "method_name": "gcn",
    "save_result": false,
    "seed": 42
  },
  "losses": [
    1.304350292817766,
    1.222466505256935,
    1.1137178164509607,
    0.9186711747495652,
    0.6767338228679148,
    0.5543768323917301,
    0.49807828991554415,
    0.4664110123138738,
    0.44229675095871,
    0.4211352077742775,
    0.40176807236802564,
    0.38515572891189875,
    0.3725714169978693,
    0.3623093519054449,
    0.353499088196807,
    0.3438016917215835,
    0.33550483872206405,
    0.3277496139285586,
    0.3211742120325665,
    0.3127668868020133,
    0.30655282025554587,
    0.30201493498439946,
    0.29619072102870436,
    0.2895522132469247,
    0.285719283110886,
    0.2802623632087346,
    0.2774191231566486,
    0.2736145717659825,
    0.26876085547656287,
    0.26548667227813466,
    0.2624419397986372,
    0.2578853456800281,
    0.25447103759677747,
    0.25070016429058306,
    0.24673176963314924,
    0.24405492963044423,
    0.24014415286541616,
    0.23858174633931348,
    0.23673941170315987,
    0.23279599390391728,
    0.23015256415004703,
    0.22800389508835886,
    0.22603155548963222,
    0.22436747542738367,
    0.22297568251695374,
    0.22047329552239017,
    0.21860701541156122,
    0.21601017690020385,
    0.2130372733126351,
    0.21269819545394325
  ],
  "memory_delta_mb": 18.93359375,
  "memory_mb": 2227.4453125,
  "method_name": "gcn",
  "metrics": {
    "test": {
      "hits_at_10": 0.10574370264844914,
      "hits_at_100": 0.30816551188240626,
      "hits_at_50": 0.22843143603358587
    },
    "valid": {
      "hits_at_10": 0.11685307236535517,
      "hits_at_100": 0.3390253644897144,
      "hits_at_50": 0.25274615538246453
    }
  },
  "runtime_seconds": 189.97762432300078,
  "seed": 42,
  "status": "completed",
  "timestamp": "20260502_212442_gcn_scale_1_0_run_007",
  "tuning": {
    "grid": {
      "dropout": [
        0.0,
        0.2,
        0.5
      ],
      "hidden_channels": [
        128,
        256
      ],
      "learning_rate": [
        0.0005,
        0.001,
        0.005
      ],
      "num_layers": [
        2,
        3
      ]
    },
    "preset": "full",
    "run_index": 7,
    "selection_metric": "hits_at_50",
    "selection_score": 0.25274615538246453,
    "selection_split": "valid",
    "tuning_id": "20260502_212442_gcn_scale_1_0"
  }
}
