{
  "config": {
    "batch_size": 65536,
    "dropout": 0.2,
    "epochs": 50,
    "hidden_channels": 128,
    "learning_rate": 0.005,
    "num_layers": 2
  },
  "dataset_name": "ogbl-collab",
  "dataset_scale": 1.0,
  "device": "cuda",
  "experiment_config": {
    "dataset_name": "ogbl-collab",
    "dataset_scale": 1.0,
    "device": "cuda",
    "hyperparameters": {
      "batch_size": 65536,
      "dropout": 0.2,
      "epochs": 50,
      "hidden_channels": 128,
      "learning_rate": 0.005,
      "num_layers": 2
    },
    "ks": [
      10,
      50,
      100
    ],
    "method_name": "gcn",
    "save_result": false,
    "seed": 42
  },
  "losses": [
    1.2103931281907492,
    0.8107008750713707,
    0.5148844723447491,
    0.403011884259687,
    0.3361496000209388,
    0.30303535536147197,
    0.2694398131923045,
    0.2642647872065345,
    0.2499772289724847,
    0.21809061313591255,
    0.19974979672014118,
    0.18688500002536385,
    0.17710762053410328,
    0.23721266076954678,
    0.23426904344923263,
    0.18377870788919612,
    0.16033233315684675,
    0.14877430720154702,
    0.14026252728395883,
    0.13579837653158847,
    0.1525273833393382,
    0.15776476106962023,
    0.17599870100167134,
    0.14399881832929765,
    0.14545867721059622,
    0.12046325653877873,
    0.1127854607693757,
    0.11171437310612681,
    0.10752082991110805,
    0.10280507052225565,
    0.10072281247133164,
    0.09875904867630055,
    0.09513704604198134,
    0.09443242469343029,
    0.09136094800309431,
    0.08975049611079851,
    0.0882463158380639,
    0.0888334944809516,
    0.08628007109627557,
    0.08614820211490125,
    0.08376013817180632,
    0.08216539491375256,
    0.08144786858881345,
    0.08006478428864094,
    0.07885103643090967,
    0.07864327334568695,
    0.07777898297462166,
    0.07710277167367381,
    0.0770747898656963,
    0.076037597702688
  ],
  "memory_delta_mb": 18.86328125,
  "memory_mb": 2227.44921875,
  "method_name": "gcn",
  "metrics": {
    "test": {
      "hits_at_10": 0.22186967126421894,
      "hits_at_100": 0.4463510975846662,
      "hits_at_50": 0.37922251721384015
    },
    "valid": {
      "hits_at_10": 0.2657113374608881,
      "hits_at_100": 0.5110345516277212,
      "hits_at_50": 0.4406164702749484
    }
  },
  "runtime_seconds": 101.0898608849966,
  "seed": 42,
  "status": "completed",
  "timestamp": "20260502_212442_gcn_scale_1_0_run_017",
  "tuning": {
    "grid": {
      "dropout": [
        0.0,
        0.2,
        0.5
      ],
      "hidden_channels": [
        128,
        256
      ],
      "learning_rate": [
        0.0005,
        0.001,
        0.005
      ],
      "num_layers": [
        2,
        3
      ]
    },
    "preset": "full",
    "run_index": 17,
    "selection_metric": "hits_at_50",
    "selection_score": 0.4406164702749484,
    "selection_split": "valid",
    "tuning_id": "20260502_212442_gcn_scale_1_0"
  }
}
