{
  "config": {
    "batch_size": 65536,
    "dropout": 0.2,
    "epochs": 200,
    "hidden_channels": 256,
    "learning_rate": 0.005,
    "num_layers": 3
  },
  "dataset_name": "ogbl-collab",
  "dataset_scale": 0.1,
  "device": "cuda",
  "experiment_config": {
    "dataset_name": "ogbl-collab",
    "dataset_scale": 0.1,
    "device": "cuda",
    "hyperparameters": {
      "batch_size": 65536,
      "dropout": 0.2,
      "epochs": 200,
      "hidden_channels": 256,
      "learning_rate": 0.005,
      "num_layers": 3
    },
    "ks": [
      10,
      50,
      100
    ],
    "method_name": "gcn",
    "save_result": true,
    "seed": 456
  },
  "losses": [
    1.380497981485765,
    1.4036349647934163,
    1.3804799486493686,
    1.372408992352111,
    1.35953518821914,
    1.3495535776717362,
    1.3844789219622464,
    1.336917100612517,
    1.314415629487078,
    1.2750019663582675,
    1.1805247927575484,
    1.1937467968740423,
    1.0745364890552134,
    1.0203760591780107,
    0.96640666689128,
    0.8696691532777236,
    0.8270256002573844,
    1.0154273929024091,
    0.9445014671729138,
    0.9634753512666858,
    1.2597425637063793,
    0.956225410493436,
    0.9032571542455639,
    0.8457703002601942,
    0.7848955509286614,
    0.6930943223569771,
    0.6846143347829471,
    0.9918119620197041,
    1.132918100416506,
    0.785312254945213,
    0.6648263839611515,
    0.6590610683785812,
    0.6210880867989331,
    0.5976070641768625,
    0.5205169833164968,
    0.6744492823687033,
    0.5888545739039539,
    0.5232016263772076,
    0.5277397531209559,
    0.5205207475572086,
    0.49491517577764416,
    0.46963544240824306,
    0.4836838605769804,
    0.4667966559430094,
    0.39290113861458403,
    0.39535766834167474,
    0.5153919951191113,
    0.3290780800939147,
    0.34610874381771495,
    0.5506249620200548,
    0.33602043604391746,
    0.4228812185274999,
    0.4071832906797457,
    0.32201839631146023,
    0.30014960760555826,
    0.3226600245024876,
    0.43145405867694164,
    0.27388825597241756,
    0.2895637808506394,
    0.4440728208222091,
    0.2417879780754526,
    0.24459242130234812,
    0.24827257846305756,
    0.208088497171258,
    0.24484281482943637,
    0.26707099240414944,
    0.2843298403178203,
    0.3429387934451279,
    0.24044311091643164,
    0.3148143620369397,
    0.3184863506868026,
    0.23901129566042342,
    0.24171944659056846,
    0.2281265058551984,
    0.2150495381453561,
    0.24241832506135444,
    0.24153130675910625,
    0.1908214858220201,
    0.1924890765402033,
    0.21102408186826516,
    0.1980719274794053,
    0.1709211196283576,
    0.1696212680932245,
    0.16874451351908396,
    0.18113721283503018,
    0.18332470708041795,
    0.14387276740690602,
    0.15798371360808613,
    0.16027342457336746,
    0.15410483968702265,
    0.13932012215172646,
    0.14983797811603966,
    0.1496900458017594,
    0.13977130185273215,
    0.12661307782868708,
    0.15229124325533303,
    0.14706945211525602,
    0.12611242579226326,
    0.1196441810320445,
    0.10850199746696818,
    0.09996227484293897,
    0.09742060364320186,
    0.09439446587714423,
    0.09145013664762491,
    0.09499698559962168,
    0.10586150834669185,
    0.1062631343014241,
    0.1253426348302136,
    0.12911834618110885,
    0.10683421504785175,
    0.09820209392750669,
    0.09178391532506971,
    0.08412982166713291,
    0.08800437037225727,
    0.08795198832783231,
    0.07006212375367103,
    0.07658392700236857,
    0.06442396355083004,
    0.07625859197467537,
    0.06783627719729715,
    0.0603976093413675,
    0.06085265257084705,
    0.05672219853708724,
    0.06226619008136591,
    0.06956102300644942,
    0.07676520428309574,
    0.05953419275983418,
    0.06718937443659903,
    0.07858000469025267,
    0.06638618744718609,
    0.05798371534502783,
    0.06919234659685332,
    0.05748290966449462,
    0.07397514627481416,
    0.10343041567414737,
    0.14712422300710068,
    0.08764479386673028,
    0.1912421031784786,
    0.25415938880894406,
    0.08504100224333133,
    0.09371093621098416,
    0.11951106727947276,
    0.19517160471937775,
    0.1251465581123987,
    0.07343666051599716,
    0.07994829708225556,
    0.08240111497299983,
    0.06927151018239823,
    0.06289663746157431,
    0.0584818783699948,
    0.05445280266255627,
    0.05404226948756696,
    0.049692667933679116,
    0.049690008759568104,
    0.04756890585120992,
    0.045773281395690625,
    0.052226251501985434,
    0.045131590441081025,
    0.04248995346908457,
    0.04338784725899551,
    0.05198505448204234,
    0.04390417522233455,
    0.0499880080414604,
    0.05372553288735667,
    0.04486354812717454,
    0.043879127620135364,
    0.04076839203864815,
    0.04392331825817851,
    0.04831986830594567,
    0.043887623548406585,
    0.03895270681831527,
    0.03772723607797618,
    0.03853084352136791,
    0.03863133807559135,
    0.037468021755217296,
    0.03768349272620738,
    0.04439188787350849,
    0.043274090133677216,
    0.042726137388353354,
    0.04376550901027628,
    0.03803136658523304,
    0.03923714065136843,
    0.03823011858161056,
    0.03840738358942512,
    0.03670188667306609,
    0.034967817813581416,
    0.03414942950132259,
    0.03200712640673058,
    0.03221927471918629,
    0.03156682943344612,
    0.03270137028137614,
    0.031196661322780032,
    0.03154832431084049,
    0.031575460717291184,
    0.030221198730672784,
    0.029993311506502324,
    0.028825697772219726,
    0.030818872997932754,
    0.02815090064143405,
    0.0283435368109718
  ],
  "memory_delta_mb": 5.00390625,
  "memory_mb": 2178.05859375,
  "method_name": "gcn",
  "metrics": {
    "test": {
      "hits_at_10": 0.09177836776101363,
      "hits_at_100": 0.28094713894105205,
      "hits_at_50": 0.19927043536445854
    },
    "valid": {
      "hits_at_10": 0.11355768590639771,
      "hits_at_100": 0.32040143798681847,
      "hits_at_50": 0.22936222621663005
    }
  },
  "result_path": "/home/husam/Desktop/YTU-YL/webmining/ogl-collab-implementation/results/raw/20260515_145525_gcn_scale_0_1_seed_456.json",
  "runtime_seconds": 53.673799894000695,
  "seed": 456,
  "status": "completed",
  "timestamp": "20260515_145525"
}
