{
  "config": {
    "batch_size": 65536,
    "dropout": 0.2,
    "epochs": 200,
    "hidden_channels": 256,
    "learning_rate": 0.005,
    "num_layers": 3
  },
  "dataset_name": "ogbl-collab",
  "dataset_scale": 1.0,
  "device": "cuda",
  "experiment_config": {
    "dataset_name": "ogbl-collab",
    "dataset_scale": 1.0,
    "device": "cuda",
    "hyperparameters": {
      "batch_size": 65536,
      "dropout": 0.2,
      "epochs": 200,
      "hidden_channels": 256,
      "learning_rate": 0.005,
      "num_layers": 3
    },
    "ks": [
      10,
      50,
      100
    ],
    "method_name": "gcn",
    "save_result": true,
    "seed": 42
  },
  "losses": [
    1.1938467748394124,
    0.8467744248213516,
    0.6077101972703342,
    0.421712737477781,
    0.3387502868219961,
    0.27562170764609145,
    0.2613402316714443,
    0.2912347966504013,
    0.21186814745545207,
    0.1740336415980603,
    0.15075249414280412,
    0.13897351837323654,
    0.14126421106794548,
    0.12740476260812486,
    0.11025125126205995,
    0.11032277208931639,
    0.12140138116415153,
    0.09739789978982426,
    0.09436843156975738,
    0.09151945123851023,
    0.09055533018526774,
    0.08545639027029284,
    0.08835491969325754,
    0.08213868769420513,
    0.08523432585679612,
    0.08167511098308534,
    0.07348278827863977,
    0.0711086396501741,
    0.06903416205880658,
    0.0755949730100413,
    0.06930050727226404,
    0.07239667012998027,
    0.07286159597127931,
    0.06395828775189723,
    0.06007803752209278,
    0.06633644656992826,
    0.08106801849693819,
    0.06549267881271591,
    0.05792625945445888,
    0.057262965561507145,
    0.05491860396081378,
    0.054066156092219854,
    0.053694440153177286,
    0.05170488738277731,
    0.05581584994900962,
    0.05363987882925287,
    0.05333451018391697,
    0.05138744417075447,
    0.050881595453364556,
    0.04933133732762705,
    0.04824568656588236,
    0.04774296553720573,
    0.04707299196829025,
    0.04683827700063139,
    0.04702208589299371,
    0.04621897477213114,
    0.04749429817978434,
    0.044362609435042735,
    0.12847546486239375,
    0.12245117528970414,
    0.07644891851465604,
    0.05633051720461339,
    0.051099280208126895,
    0.0477028296988738,
    0.04978352680959869,
    0.04679049406485729,
    0.04503867893790346,
    0.043691327832397445,
    0.0415381469466908,
    0.04256154869425396,
    0.04215622162752573,
    0.042022215716050526,
    0.04104265689828166,
    0.041490762220465986,
    0.03961295091320939,
    0.039147214706799424,
    0.03958698592115669,
    0.03937532628097392,
    0.039795528885615224,
    0.0400120368277783,
    0.03799835090702564,
    0.037802839157276294,
    0.04069009142256933,
    0.040340019209809695,
    0.03713451638419783,
    0.036272839804518044,
    0.035991870273572354,
    0.03541781280546164,
    0.035723435299714265,
    0.034919497589872325,
    0.03498624458142196,
    0.03518865701032355,
    0.03511617298593844,
    0.03419815782943316,
    0.035806523210838846,
    0.03406924193674835,
    0.03409893325595468,
    0.03350495011827314,
    0.033952400159033926,
    0.03401847431457167,
    0.06614778346741573,
    0.09941202267161041,
    0.0627954423761535,
    0.04421595374702465,
    0.03785264175537591,
    0.03549963082498711,
    0.034463132291486065,
    0.034531363866985944,
    0.033221821337788164,
    0.03376545460386121,
    0.03255288877431004,
    0.03174823646149041,
    0.03193997567790756,
    0.03206718847790416,
    0.031065185172779786,
    0.031334503590998965,
    0.030961287386331537,
    0.030614704728007574,
    0.03081770291156364,
    0.03149902393652963,
    0.030548770204467262,
    0.030306746315707477,
    0.030158073245317933,
    0.03038900289321121,
    0.030072117694573585,
    0.030084015348549622,
    0.02985493642361406,
    0.03053047475500788,
    0.02892274730793227,
    0.0292379994868193,
    0.029138760433842406,
    0.02912489860473025,
    0.02995190953451408,
    0.028886389401660648,
    0.028327713159662055,
    0.0276366943996368,
    0.027677857484970737,
    0.02900409226726766,
    0.02819165276476105,
    0.02813868831268489,
    0.02835108577045776,
    0.029291895931885335,
    0.027899190657080197,
    0.02748320778154246,
    0.028142101734069603,
    0.028264043183939876,
    0.027306161805634145,
    0.027955402993082197,
    0.027426662715680974,
    0.0270201722347881,
    0.026315682689005415,
    0.02662244255479825,
    0.02793423197243571,
    0.026921383041404696,
    0.026985037626087914,
    0.026212424035385713,
    0.02638519031396202,
    0.02617972846858093,
    0.026068790043437314,
    0.02609513090531017,
    0.02662348067734195,
    0.025949644645642644,
    0.026269865509091002,
    0.026463210038978502,
    0.026359290580208476,
    0.026185494285411302,
    0.024855303449683543,
    0.02588959069130331,
    0.02540267010440315,
    0.024774859540495162,
    0.025966856670950313,
    0.02533924490205331,
    0.025202141696877182,
    0.024456654530113444,
    0.024276689721572105,
    0.02405123218471584,
    0.02491137021176143,
    0.024571961309260877,
    0.024121068510222048,
    0.02427256629393935,
    0.023813181422685164,
    0.026528130834912178,
    0.024817505476726873,
    0.024652710295519912,
    0.025722773906977033,
    0.02628340381368295,
    0.025071604296743055,
    0.02342609947861649,
    0.023334570252497463,
    0.023703748919917163,
    0.02391248927513108,
    0.02329359668346384,
    0.024062559117514818,
    0.02342964528412935,
    0.02474693764237631,
    0.02259875577410105,
    0.02393786403710163,
    0.023519856371303865,
    0.023085124043039806,
    0.022653878026677232
  ],
  "memory_delta_mb": -703.44921875,
  "memory_mb": 1431.6171875,
  "method_name": "gcn",
  "metrics": {
    "test": {
      "hits_at_10": 0.3182671760668264,
      "hits_at_100": 0.5377841093051868,
      "hits_at_50": 0.4839301517408103
    },
    "valid": {
      "hits_at_10": 0.39469742360695026,
      "hits_at_100": 0.6254410491977898,
      "hits_at_50": 0.5709673124292657
    }
  },
  "result_path": "/home/husam/Desktop/YTU-YL/webmining/ogl-collab-implementation/results/raw/20260515_155128_gcn_scale_1_0_seed_42.json",
  "runtime_seconds": 1179.3057834209976,
  "seed": 42,
  "status": "completed",
  "timestamp": "20260515_155129"
}
