{
  "config": {
    "batch_size": 65536,
    "dropout": 0.2,
    "epochs": 200,
    "hidden_channels": 256,
    "learning_rate": 0.005,
    "num_layers": 3
  },
  "dataset_name": "ogbl-collab",
  "dataset_scale": 0.5,
  "device": "cuda",
  "experiment_config": {
    "dataset_name": "ogbl-collab",
    "dataset_scale": 0.5,
    "device": "cuda",
    "hyperparameters": {
      "batch_size": 65536,
      "dropout": 0.2,
      "epochs": 200,
      "hidden_channels": 256,
      "learning_rate": 0.005,
      "num_layers": 3
    },
    "ks": [
      10,
      50,
      100
    ],
    "method_name": "gcn",
    "save_result": true,
    "seed": 123
  },
  "losses": [
    1.3466406297672877,
    1.1127889912360014,
    0.926675270221471,
    0.7822497039083449,
    0.6672562178823214,
    0.5182102641464887,
    0.4863417477087686,
    0.42154788926319053,
    0.35609102777242624,
    0.3172259101671514,
    0.2778074023789123,
    0.3158424308834077,
    0.3499578181558227,
    0.25011014947049615,
    0.21457175821706814,
    0.20046782775601357,
    0.1825398684694213,
    0.16280410996206526,
    0.14720822636959002,
    0.14916807767968263,
    0.14320303690723354,
    0.12747820930186507,
    0.11911208853032808,
    0.12049545123113825,
    0.10811288639059491,
    0.10441991852356863,
    0.10252659145100897,
    0.10183296711124194,
    0.09930238114890716,
    0.09699779557161421,
    0.09874587447505319,
    0.08816772139627935,
    0.08209676419447087,
    0.08371644826552463,
    0.085639424562836,
    0.08585877530298892,
    0.07422738543622032,
    0.07523489750467684,
    0.07936271365654242,
    0.0691764719251254,
    0.0663002781186235,
    0.07112753650180767,
    0.09221659253364657,
    0.08683209418362778,
    0.07893008002332577,
    0.06766046510583154,
    0.0618153678588289,
    0.05868477572205077,
    0.05721872411703814,
    0.05418849134121661,
    0.07853478336290005,
    0.06963574941998595,
    0.05962587661809983,
    0.05607219895031889,
    0.05342430120286301,
    0.052141502932895635,
    0.05025848155552264,
    0.07595844591656226,
    0.07485033974936103,
    0.07243724724716799,
    0.05615345231155473,
    0.051185827365360585,
    0.048557027606373905,
    0.047880801310665945,
    0.05072120501745128,
    0.04733562783694746,
    0.044671002783455975,
    0.04541913647135847,
    0.042648774841736285,
    0.04276027345386192,
    0.043588532905135396,
    0.04162813552650316,
    0.040804736105183106,
    0.0405750844653919,
    0.040213247778034,
    0.0890538432874726,
    0.2902513662701525,
    0.2916360161011938,
    0.34598699559616214,
    0.19368619304349205,
    0.1742904194268511,
    0.1222469719949451,
    0.08909048649393453,
    0.07279497422484815,
    0.06421497678158308,
    0.05932200375372887,
    0.05623779938925206,
    0.053603044787322085,
    0.05071650707416936,
    0.050396886718959755,
    0.04826948821759447,
    0.04700054346918378,
    0.04754564662111738,
    0.04652247297475389,
    0.04530878151928495,
    0.0443238342942183,
    0.04316369105679351,
    0.042676329487461535,
    0.043715623721176496,
    0.041937585478426305,
    0.040608732725133545,
    0.04228994784913475,
    0.041371821776171824,
    0.039561849346535706,
    0.03958887245544102,
    0.03888451145980718,
    0.038108780513480475,
    0.03814863314623612,
    0.037609442610607675,
    0.03866889367198398,
    0.03668373703132792,
    0.03787005842291647,
    0.0372482480832819,
    0.03590002089190042,
    0.03626486186542241,
    0.0365085882471978,
    0.03610581111851926,
    0.03511698876658004,
    0.0352116465836701,
    0.035264917302803525,
    0.03471701238122196,
    0.03365223475503602,
    0.03352510897901284,
    0.033600057809623385,
    0.03344871008615205,
    0.03237531414541068,
    0.032544078479929565,
    0.03272249987712232,
    0.03299634856387113,
    0.032999878086570726,
    0.03314265593103461,
    0.03184031461473935,
    0.032452259346584085,
    0.03144300876282126,
    0.031004585760922597,
    0.03066717998298274,
    0.03152909961103929,
    0.029921293223039748,
    0.031239308080450952,
    0.030389091702780643,
    0.031117901931932698,
    0.03076317550386564,
    0.029709237464774788,
    0.029799452615938547,
    0.029182654332940195,
    0.02918930681810025,
    0.029733464122109223,
    0.02914290989623228,
    0.029071345549861162,
    0.02846571300745023,
    0.02748114012724016,
    0.028971990209319412,
    0.030746343758187984,
    0.028782076775670625,
    0.028171435013475965,
    0.028510812533726768,
    0.027114623411202052,
    0.02669711072304144,
    0.02712249761149749,
    0.026984553774052993,
    0.027110274951228905,
    0.02749859328618454,
    0.027169712989285756,
    0.02716853458249054,
    0.027265149569919014,
    0.028862213918318905,
    0.027209690549769038,
    0.02695164153713638,
    0.027518389888505957,
    0.02629826991507145,
    0.0259580334862879,
    0.026164229157339507,
    0.025565221985082882,
    0.02601103828456239,
    0.025412504148906535,
    0.02605004417888253,
    0.02553075828648864,
    0.025550760361199448,
    0.025757427897178053,
    0.02576377998573187,
    0.02465167453380246,
    0.025148443050453616,
    0.024507371504143678,
    0.023958404142143112,
    0.02556927827242848,
    0.027698734048568006,
    0.08074754009669838,
    0.3223145936166883,
    0.20779493356058562,
    0.2451988128269407,
    0.17949534160378586,
    0.12700448227627031,
    0.08785687709891983,
    0.06836131119281108,
    0.05827898003692342,
    0.05091212869718941,
    0.04636625907210977,
    0.04339121606292169,
    0.041320880518232406,
    0.03959549565297167
  ],
  "memory_delta_mb": 1.546875,
  "memory_mb": 2170.578125,
  "method_name": "gcn",
  "metrics": {
    "test": {
      "hits_at_10": 0.2199917977940383,
      "hits_at_100": 0.47061235942929913,
      "hits_at_50": 0.3991020742947182
    },
    "valid": {
      "hits_at_10": 0.27836029558617936,
      "hits_at_100": 0.5473004460422076,
      "hits_at_50": 0.4742027827707876
    }
  },
  "result_path": "/home/husam/Desktop/YTU-YL/webmining/ogl-collab-implementation/results/raw/20260515_152445_gcn_scale_0_5_seed_123.json",
  "runtime_seconds": 424.6269527780023,
  "seed": 123,
  "status": "completed",
  "timestamp": "20260515_152445"
}
