{
  "config": {
    "batch_size": 65536,
    "dropout": 0.2,
    "epochs": 200,
    "hidden_channels": 256,
    "learning_rate": 0.005,
    "num_layers": 3
  },
  "dataset_name": "ogbl-collab",
  "dataset_scale": 1.0,
  "device": "cuda",
  "experiment_config": {
    "dataset_name": "ogbl-collab",
    "dataset_scale": 1.0,
    "device": "cuda",
    "hyperparameters": {
      "batch_size": 65536,
      "dropout": 0.2,
      "epochs": 200,
      "hidden_channels": 256,
      "learning_rate": 0.005,
      "num_layers": 3
    },
    "ks": [
      10,
      50,
      100
    ],
    "method_name": "gcn",
    "save_result": true,
    "seed": 123
  },
  "losses": [
    1.1738364611237933,
    0.7841108454759507,
    0.5055337378812292,
    0.3848260927345425,
    0.3167243325422104,
    0.25410612076635675,
    0.32696689667749135,
    0.22630116738024145,
    0.17916714166955555,
    0.16491524902947974,
    0.1438142268316403,
    0.2467749123091828,
    0.23577810923188364,
    0.17280157375643784,
    0.12949664569506728,
    0.1159113620076381,
    0.10858796011239245,
    0.10140622327357032,
    0.10395057701914028,
    0.097748896321315,
    0.08758011858833975,
    0.101200133878828,
    0.09216545820769034,
    0.0825862712748626,
    0.08287114877138219,
    0.0753160931340679,
    0.09655312133228468,
    0.0800849716026071,
    0.07366886137226028,
    0.07016199878232547,
    0.07010972616877664,
    0.06609043088367815,
    0.06787303442167004,
    0.06465734097070248,
    0.06368364540203644,
    0.06585716433093604,
    0.06051108657142741,
    0.060372287364452576,
    0.05961110616138461,
    0.05978427681431885,
    0.0797442709986751,
    0.07474359693683628,
    0.06043391911936629,
    0.056047780767896516,
    0.054419542151604015,
    0.05292999593701551,
    0.05234292965402597,
    0.05039793418521268,
    0.052040360784691035,
    0.05035594906036827,
    0.05024084762401123,
    0.050045475941122755,
    0.05110173771152559,
    0.049771877549981754,
    0.04685706759345969,
    0.04679103381611402,
    0.045505537813233125,
    0.044850206282233414,
    0.04840217238932801,
    0.04617770375908492,
    0.04345836669048338,
    0.044331038173628566,
    0.044395485806553635,
    0.04335193472571392,
    0.044745238637537606,
    0.0417785219284515,
    0.04289572507193877,
    0.04262229710550822,
    0.04192040891591375,
    0.040630157494450106,
    0.04062848516595668,
    0.040400723586927687,
    0.039302647201661205,
    0.038188319907920855,
    0.06209225597070687,
    0.18038366123992627,
    0.09937830164555446,
    0.06244626429567542,
    0.05147820365000569,
    0.04784133397997066,
    0.044565049209010575,
    0.04315601000756086,
    0.04218446423892373,
    0.03980322992317257,
    0.03935704487461397,
    0.039759309893115255,
    0.03885193669947053,
    0.03871954433245858,
    0.03740257496252854,
    0.03789770380744096,
    0.03709692237596874,
    0.03589683426790232,
    0.035944717492169494,
    0.036482755483152864,
    0.03650515328615508,
    0.03540853988541452,
    0.03495266597952706,
    0.03472511418252017,
    0.034445905045420985,
    0.034564342920106905,
    0.03419538166498063,
    0.034046802447545106,
    0.0345042963753939,
    0.03368254488778819,
    0.033384993376572525,
    0.033671248918059594,
    0.03309322803460746,
    0.03291969710660807,
    0.032570983598871645,
    0.03227760050842851,
    0.03167646062758348,
    0.03225223080919171,
    0.032556054094543194,
    0.03191970789515974,
    0.03152966813944098,
    0.0315281984729932,
    0.03193121336101412,
    0.03346097389113559,
    0.033770043164906595,
    0.03179426492989442,
    0.031068406635508545,
    0.030340388823108917,
    0.03001445504210282,
    0.029382408255901587,
    0.029882955383281087,
    0.03019963134489613,
    0.0289906470772017,
    0.028993056176148838,
    0.030043366301523215,
    0.0309459816662233,
    0.03053106665665106,
    0.029481380169407295,
    0.029124727739513384,
    0.02931729589652918,
    0.029286949584891996,
    0.029849398996066086,
    0.030131825292485658,
    0.028448227252604368,
    0.028853668156048905,
    0.027993122466398613,
    0.027493302077465216,
    0.027270224587440585,
    0.028415700010859662,
    0.028461683386572352,
    0.027567083709164143,
    0.02780826916310707,
    0.027657427944038644,
    0.02911083423863431,
    0.02705963582945689,
    0.027133898199206568,
    0.027381370721508907,
    0.026552847178795677,
    0.02723845541492875,
    0.02757417143397033,
    0.025914335533304352,
    0.027167355018271184,
    0.026882568280317046,
    0.026462786674048274,
    0.027120322811734095,
    0.02531070415958919,
    0.0260962035738762,
    0.025566524362422124,
    0.02577126628403121,
    0.025962743332273146,
    0.0257713950241836,
    0.026888085005668423,
    0.025686347099947087,
    0.02577140934013034,
    0.025236498495533728,
    0.02486486655806985,
    0.02672543640573505,
    0.025089628745788226,
    0.025002104748877003,
    0.024832044149486178,
    0.024876110089575715,
    0.024697072790710303,
    0.025299370478454316,
    0.024487125244680993,
    0.024738705259140008,
    0.024287241036729974,
    0.02438234980237623,
    0.024894450103775903,
    0.025062356100398277,
    0.33644568317240126,
    0.789939763430624,
    0.2910015745426778,
    0.14347950794814027,
    0.09333113776165297,
    0.07473445677330352,
    0.06532590006630526,
    0.05805707934163388,
    0.05475240943689021,
    0.051818301922219735,
    0.049477257943235924,
    0.04667521151736065,
    0.04511819631282389,
    0.04344010944293363,
    0.041852957361375086,
    0.04078934002870294,
    0.04000137384864784
  ],
  "memory_delta_mb": 21.7109375,
  "memory_mb": 1439.6796875,
  "method_name": "gcn",
  "metrics": {
    "test": {
      "hits_at_10": 0.27757991754624534,
      "hits_at_100": 0.518681603315418,
      "hits_at_50": 0.4456172159986186
    },
    "valid": {
      "hits_at_10": 0.34100592503827976,
      "hits_at_100": 0.597363690832834,
      "hits_at_50": 0.5229512016510219
    }
  },
  "result_path": "/home/husam/Desktop/YTU-YL/webmining/ogl-collab-implementation/results/raw/20260515_161125_gcn_scale_1_0_seed_123.json",
  "runtime_seconds": 1196.588282988003,
  "seed": 123,
  "status": "completed",
  "timestamp": "20260515_161125"
}
