{
  "config": {
    "batch_size": 65536,
    "dropout": 0.2,
    "epochs": 400,
    "hidden_channels": 256,
    "learning_rate": 0.005,
    "num_layers": 3
  },
  "dataset_name": "ogbl-collab",
  "dataset_scale": 0.1,
  "device": "cuda:0",
  "experiment_config": {
    "dataset_name": "ogbl-collab",
    "dataset_scale": 0.1,
    "device": "cuda:0",
    "hyperparameters": {
      "batch_size": 65536,
      "dropout": 0.2,
      "epochs": 400,
      "hidden_channels": 256,
      "learning_rate": 0.005,
      "num_layers": 3
    },
    "ks": [
      10,
      50,
      100
    ],
    "method_name": "mlp",
    "save_result": true,
    "seed": 42
  },
  "losses": [
    1.3868485841540392,
    1.3717564113904166,
    1.33320535607963,
    1.2576164095745828,
    1.1489715447554651,
    1.0426812319975765,
    0.9380567055804893,
    0.8848989441944722,
    0.8296150505368347,
    0.7958821197446029,
    0.7930887685877227,
    0.785135175929432,
    0.7775863383664697,
    0.7684548902393302,
    0.7592378317645011,
    0.751333027517698,
    0.74281807892155,
    0.7313389599578566,
    0.7140002093582651,
    0.7114102353202817,
    0.702151121636605,
    0.7009604985181837,
    0.6918432809606793,
    0.6826825217827399,
    0.6745556134434684,
    0.6717254420575647,
    0.6633308739856496,
    0.6592765667325167,
    0.652990282424599,
    0.6446174888588394,
    0.638830764052229,
    0.6340078048000131,
    0.628956572159491,
    0.6199624921230004,
    0.6175639045607028,
    0.6117987489054248,
    0.6075513730931387,
    0.5992135561845628,
    0.5936779593916867,
    0.587336708979572,
    0.5801618278534639,
    0.5796628245849968,
    0.5740608080041797,
    0.5668515447269823,
    0.5635775881127837,
    0.5551987667356929,
    0.5619914514388268,
    0.6003137333066221,
    0.5613470475039032,
    0.5647926373420278,
    0.5704176839635217,
    0.5521391958034927,
    0.541273919617289,
    0.5368641798654276,
    0.5320616185505889,
    0.5343015004309437,
    0.5216414954531795,
    0.5247132384207336,
    0.5214177310651286,
    0.5155935715847477,
    0.5096262345068945,
    0.50658559397196,
    0.5039938087965068,
    0.4985296312707419,
    0.49723223151154033,
    0.49423359738299727,
    0.490987994584321,
    0.48909587080452077,
    0.4855500163384296,
    0.4849010759051391,
    0.4790323597021642,
    0.47811457619635306,
    0.4769377274398691,
    0.4734860983494862,
    0.484268600176038,
    0.47350042654981567,
    0.46244391095804593,
    0.4714003220462783,
    0.4611252010166885,
    0.45438995305618596,
    0.4655116318069004,
    0.45841896255671194,
    0.44759236661983726,
    0.44543694532745126,
    0.4427023687893883,
    0.4389818571020409,
    0.4448153126033014,
    0.4689219118387997,
    0.47286874271016466,
    0.4455875115509146,
    0.44831748625678186,
    0.46430872927275807,
    0.44068229813156357,
    0.4526362444126931,
    0.4603929870062205,
    0.44516798811030445,
    0.4421248247229028,
    0.44560856836745316,
    0.4387217212148479,
    0.4277269976592328,
    0.42375677192131783,
    0.4190269498600415,
    0.42460078485321134,
    0.41749478391874867,
    0.410886551976573,
    0.41314843551135183,
    0.404358915918722,
    0.40603307337156513,
    0.4043050266789357,
    0.40164660395852414,
    0.40232833912190497,
    0.39969298241626905,
    0.3949567761788624,
    0.3980136156607906,
    0.3916678536575738,
    0.3937870495970794,
    0.3894862689092704,
    0.38600252198736196,
    0.38574683569647533,
    0.38807233438040484,
    0.3838160293032299,
    0.387352576756173,
    0.38388164139831293,
    0.38229050428821537,
    0.3784045630013749,
    0.37818895660887075,
    0.3779025195818367,
    0.3769208216565058,
    0.3781557289482624,
    0.37478690013459437,
    0.37332143618109004,
    0.3791060947415422,
    0.3919759096307541,
    0.3773695109442169,
    0.3728712040865109,
    0.37447611280415966,
    0.37181405612472096,
    0.3809941242059766,
    0.3641776624352143,
    0.3693517125465251,
    0.37126715988038295,
    0.36422289398217905,
    0.36797785726062093,
    0.36256200911045217,
    0.36783885933971605,
    0.36036981121283806,
    0.36377642702386004,
    0.36026490263056044,
    0.35740552950939714,
    0.3535814681518655,
    0.3536818808450897,
    0.3535231382646844,
    0.3544143915232,
    0.35411030419591394,
    0.34985746929428263,
    0.3538925622175943,
    0.35325113937304853,
    0.34762904551601365,
    0.3489292623318716,
    0.3507326473580492,
    0.34717336740259613,
    0.3433080957376807,
    0.34692701415237914,
    0.3443116812243736,
    0.34546252461740734,
    0.34616218598348675,
    0.34258710585661273,
    0.3455250467564949,
    0.34324633487939865,
    0.34092411177288073,
    0.34313193291007377,
    0.34784724995747285,
    0.3446494870915637,
    0.3367767152776751,
    0.34135442155750495,
    0.3387624546254209,
    0.33697202218751215,
    0.33651749461385,
    0.33757466637933026,
    0.3372933008178319,
    0.3288484164258157,
    0.3327136375623918,
    0.3362620935519533,
    0.333342731544461,
    0.33321685683312224,
    0.3312878980807365,
    0.3378338653161868,
    0.3389932096017124,
    0.3312518201081192,
    0.3273236643322187,
    0.33094893158895106,
    0.32658997710907484,
    0.3262841350320166,
    0.3261972318428739,
    0.3282410620735638,
    0.3333352583668765,
    0.33647061911234294,
    0.3268580477401797,
    0.3249653608318423,
    0.3231010821048532,
    0.3231803136835733,
    0.3220264724670822,
    0.32220073870931903,
    0.32919273551530265,
    0.34065003966254886,
    0.3376989832485477,
    0.3221724534974006,
    0.3296837334874315,
    0.3184593714985662,
    0.32499581835691643,
    0.3189217329781038,
    0.32516509839876845,
    0.3374934324101078,
    0.3237351664761379,
    0.3213462760579793,
    0.3181826139046417,
    0.32615495401203043,
    0.3222765372038181,
    0.3188898343762077,
    0.32562001272799035,
    0.3181466982952183,
    0.32342695920179526,
    0.31632532924748596,
    0.3228496596647489,
    0.31471900486934984,
    0.32101912145562855,
    0.3146508761507011,
    0.31562058028032913,
    0.31117434196964355,
    0.3141063461832092,
    0.31154992068361365,
    0.31492900585815814,
    0.313536077680936,
    0.31445657280250633,
    0.3107893236341339,
    0.308590472852156,
    0.30986070405420296,
    0.3077226858315772,
    0.3088687053143708,
    0.3068695184626474,
    0.3069546088084056,
    0.30905874414170176,
    0.30824023438725406,
    0.3048204410486127,
    0.3075626127390576,
    0.3085365139696466,
    0.3075257289748849,
    0.30824950130420264,
    0.30418284805993545,
    0.30773712199666786,
    0.3119683024284823,
    0.3125013297343546,
    0.3091507116218827,
    0.30494315238466274,
    0.3146203250103661,
    0.3128513793343528,
    0.30480449902010875,
    0.31054564602153306,
    0.3134633417196449,
    0.3042889871284265,
    0.30411841370496157,
    0.30536714321930725,
    0.30382319482540304,
    0.30540003346975236,
    0.30886591189761264,
    0.3043806756115522,
    0.30050379171772246,
    0.30395493084078784,
    0.3008255458930629,
    0.30372147704044333,
    0.3025906397516726,
    0.3009852642609789,
    0.30082940761483173,
    0.2988027938247096,
    0.3030240132650858,
    0.30185322686034577,
    0.30180821914915706,
    0.30064330252419746,
    0.3001140770253059,
    0.30054826845720745,
    0.2981918494471167,
    0.29855909661848146,
    0.2997203429218144,
    0.30209737281895166,
    0.3098758069860041,
    0.3113242657244961,
    0.30242515023031397,
    0.3023551865098414,
    0.30414079374107544,
    0.2996345238656085,
    0.29836168960656256,
    0.30014703043048796,
    0.2954826891568876,
    0.2935135554470617,
    0.2999837476289847,
    0.3043150113428788,
    0.29436601499358356,
    0.29854278785016347,
    0.30132248670129413,
    0.2957936631516491,
    0.3027871395672992,
    0.3003005637785268,
