{
  "config": {
    "batch_size": 65536,
    "dropout": 0.0,
    "epochs": 200,
    "hidden_channels": 256,
    "learning_rate": 0.01,
    "num_layers": 3
  },
  "dataset_name": "ogbl-collab",
  "dataset_scale": 0.1,
  "device": "cuda",
  "experiment_config": {
    "dataset_name": "ogbl-collab",
    "dataset_scale": 0.1,
    "device": "cuda",
    "hyperparameters": {
      "batch_size": 65536,
      "dropout": 0.0,
      "epochs": 200,
      "hidden_channels": 256,
      "learning_rate": 0.01,
      "num_layers": 3
    },
    "ks": [
      10,
      50,
      100
    ],
    "method_name": "mlp",
    "save_result": true,
    "seed": 123
  },
  "losses": [
    1.3871839732807518,
    1.3798385747349255,
    1.3197914056936488,
    1.2022838021744238,
    1.122537058685113,
    1.0044859213995057,
    0.9098192958925614,
    0.844167546632762,
    0.8095146398104297,
    0.7939144161617951,
    0.78935950397611,
    0.7735685627553801,
    0.766550048173806,
    0.7571614287154456,
    0.746201871711432,
    0.7372414140107598,
    0.7282694397605177,
    0.7173950562004542,
    0.7155746242016368,
    0.7122161163638088,
    0.7063060279571142,
    0.7004245418936266,
    0.695537657637839,
    0.6870168433936162,
    0.6841597168850315,
    0.6845766558446359,
    0.6720927041094902,
    0.6649604763876901,
    0.6569647967954421,
    0.6520891174581143,
    0.6476823853089566,
    0.6424158977171093,
    0.6396203419426248,
    0.6468725246861612,
    0.6452440511573185,
    0.6143115568401644,
    0.6376337189270155,
    0.6094553909700723,
    0.6016002213235555,
    0.6090325337735091,
    0.5878295770993108,
    0.5722448708578242,
    0.5950807979384845,
    0.6933980118722326,
    0.6109406004161922,
    0.6317305558793777,
    0.6307467767833466,
    0.6059701911639047,
    0.6031707836114483,
    0.5811704876788786,
    0.5775562404721785,
    0.5675629059714643,
    0.5484228693161457,
    0.5439587886680968,
    0.5409606391730126,
    0.5476336664949472,
    0.5352421595584061,
    0.5238371972551197,
    0.5218031579339724,
    0.518107953412221,
    0.5243931599242871,
    0.509374333191836,
    0.5103703714742556,
    0.5205174847659423,
    0.49516659253962314,
    0.5064063882156413,
    0.4896994645917776,
    0.4866369204726728,
    0.4799944959373946,
    0.4799767781960075,
    0.4706397325067159,
    0.47681281468496284,
    0.47836181488075935,
    0.46990565713502125,
    0.46128685642889267,
    0.45326570579025016,
    0.4492569177168723,
    0.4496026395040181,
    0.4547346750847999,
    0.531035935778153,
    0.6749943901549607,
    0.6205527552292095,
    0.5676085584936421,
    0.521996400634436,
    0.5181582671263094,
    0.5187461860716471,
    0.5005312203152743,
    0.4916215177837267,
    0.4723564039939971,
    0.46081257787633856,
    0.4514109276869861,
    0.447694309129044,
    0.44377008429652814,
    0.4384897901593696,
    0.43168298057318594,
    0.4299539632262086,
    0.43904511130223633,
    0.42613025507239016,
    0.42142866685298364,
    0.4250871866942716,
    0.4225030285282539,
    0.41209674280066205,
    0.4127137383853129,
    0.40898920763595975,
    0.40595298491054693,
    0.40756668171290755,
    0.4004453454678975,
    0.3978618306286295,
    0.39824047163492204,
    0.39403050650364724,
    0.39247177042183007,
    0.39036308610001,
    0.3893712240262147,
    0.3860537850666196,
    0.3863929578236893,
    0.3850396600652654,
    0.3812249263005475,
    0.38125617707722526,
    0.37725384179217575,
    0.37691200857808344,
    0.3732640762349525,
    0.3715104481048708,
    0.37343206673040324,
    0.3887411726604946,
    0.4675672255527538,
    0.4180465424914158,
    0.389863506025609,
    0.38533254630551184,
    0.3985485870497134,
    0.3852940279734983,
    0.39280327881400173,
    0.4201204692850808,
    0.3905130978516508,
    0.3831735361828603,
    0.38202859671747486,
    0.37630771812523733,
    0.37483977037609334,
    0.36623909565375296,
    0.3651702309422181,
    0.37723034327885846,
    0.36417833880372974,
    0.3665986782539629,
    0.3836666007441503,
    0.36539761791307707,
    0.37396122555580863,
    0.3909552655340955,
    0.37494654782825104,
    0.37118205176596475,
    0.3894349395986135,
    0.37705493310567434,
    0.3590799557119273,
    0.3537669015233538,
    0.3569753608430222,
    0.35974317791908733,
    0.35021318408739305,
    0.34552490110438994,
    0.34333605053750293,
    0.3474479860403293,
    0.3416260462711949,
    0.339029013298935,
    0.34032221237902655,
    0.3379422689696455,
    0.33694854517089395,
    0.3361605306736037,
    0.33348259817886117,
    0.33569221705012503,
    0.3385279648985745,
    0.33675731371985984,
    0.3312756788907052,
    0.3351732969193062,
    0.3304877032841755,
    0.3307913013220612,
    0.3340255608558554,
    0.3336323279310974,
    0.3307562310427919,
    0.3278758261761468,
    0.33463981656960257,
    0.33359691205104997,
    0.32685965626634395,
    0.3228113515732635,
    0.32886317877726806,
    0.3293838926499786,
    0.33495792710903943,
    0.3437255225403609,
    0.33886682970833926,
    0.3259984269103124,
    0.3297207884034564,
    0.32940893512580804,
    0.32189650081060484,
    0.3237429857519432,
    0.32413573910841115,
    0.320846290538028,
    0.3191444254559489,
    0.3209946298226667,
    0.33147089112164396,
    0.3544323394905292,
    0.351614154342891,
    0.3235665086594091,
    0.33113812063290443,
    0.320230644840982
  ],
  "memory_delta_mb": 2.4765625,
  "memory_mb": 1781.5625,
  "method_name": "mlp",
  "metrics": {
    "test": {
      "hits_at_10": 0.018368624403721213,
      "hits_at_100": 0.070582140775756,
      "hits_at_50": 0.04213343694014548
    },
    "valid": {
      "hits_at_10": 0.025464349910125823,
      "hits_at_100": 0.09989348245789229,
      "hits_at_50": 0.06119765661407363
    }
  },
  "runtime_seconds": 10.745101172942668,
  "seed": 123,
  "status": "completed",
  "timestamp": "20260530_141013"
}
