{
  "best_epoch": 10,
  "best_val_hits_at_50": 0.001131748884894481,
  "config": {
    "batch_size": 65536,
    "dropout": 0.2,
    "early_stop_patience": 5,
    "embed_channels": 256,
    "epochs": 200,
    "hidden_channels": 256,
    "learning_rate": 0.005,
    "num_layers": 3,
    "val_freq": 10
  },
  "dataset_name": "ogbl-collab",
  "dataset_scale": 1.0,
  "device": "cuda",
  "experiment_config": {
    "dataset_name": "ogbl-collab",
    "dataset_scale": 1.0,
    "device": "cuda",
    "hyperparameters": {
      "batch_size": 65536,
      "dropout": 0.2,
      "early_stop_patience": 5,
      "embed_channels": 256,
      "epochs": 200,
      "hidden_channels": 256,
      "learning_rate": 0.005,
      "num_layers": 3,
      "val_freq": 10
    },
    "ks": [
      10,
      50,
      100
    ],
    "method_name": "gcn",
    "save_result": true,
    "seed": 42
  },
  "losses": [
    1.3880170956559599,
    0.9971890081457464,
    0.34845701320147016,
    0.04651911175122491,
    0.011092304527597316,
    0.005784124055986706,
    0.004028147854736479,
    0.003108622270056604,
    0.002519636867190904,
    0.0022112022274328844,
    0.0018670178216830648,
    0.0016669359541771436,
    0.0014632140986835357,
    0.0012521716601819732,
    0.0011139531528628628,
    0.0010192827701980755,
    0.0009019909905008503,
    0.0008106847910329429,
    0.0007356367222379202,
    0.0006888119085314971,
    0.0006531951941634625,
    0.0006153224899260406,
    0.0005359740254112656,
    0.0005069947601877509,
    0.0004867657355917994,
    0.0004606720858716759,
    0.0004215792487475217,
    0.00043241526063061227,
    0.00037849195229235603,
    0.00034706208927452563,
    0.00032712655067508746,
    0.0003132135746381261,
    0.00031241922815352974,
    0.00029418545292475497,
    0.0003084667477920607,
    0.0002566621698613033,
    0.00025440036127420955,
    0.00025158382045104623,
    0.00021709140397524224,
    0.00022361442855550737,
    0.00023093975432224382,
    0.00022293843876780513,
    0.0002860382194208218,
    0.0002492385317089577,
    0.0002200015213569711,
    0.00018225992382894362,
    0.00017921573438616056,
    0.00015495627039853281,
    0.00014769727411972458,
    0.00016678641898132624,
    0.00014414528294289436,
    0.00013685548500321347,
    0.00013586340396450156,
    0.00013121319268382593,
    0.0001232121455188013,
    0.00011265955739282183,
    0.00010841395124518327,
    0.00011054406361769408,
    0.000149837600908337,
    0.0001224931711106823
  ],
  "memory_delta_mb": 1160.5859375,
  "memory_mb": 2193.75,
  "method_name": "gcn",
  "metrics": {
    "test": {
      "hits_at_10": 0.0005827883183319304,
      "hits_at_100": 0.002698094066351529,
      "hits_at_50": 0.0018778734701806643
    },
    "valid": {
      "hits_at_10": 0.00031622395313228146,
      "hits_at_100": 0.002013847280474003,
      "hits_at_50": 0.001131748884894481
    }
  },
  "runtime_seconds": 378.36035691899815,
  "seed": 42,
  "status": "completed",
  "timestamp": "20260515_135913",
  "val_metrics": [
    {
      "epoch": 10,
      "lr": 0.004969227007317548,
      "valid_hits_at_50": 0.001131748884894481
    },
    {
      "epoch": 20,
      "lr": 0.004877665762479738,
      "valid_hits_at_50": 0.00026629385526928966
    },
    {
      "epoch": 30,
      "lr": 0.004727570807208826,
      "valid_hits_at_50": 0.00036615405099527326
    },
    {
      "epoch": 40,
      "lr": 0.004522637977440182,
      "valid_hits_at_50": 0.0005325877105385793
    },
    {
      "epoch": 50,
      "lr": 0.004267913399575776,
      "valid_hits_at_50": 0.00036615405099527326
    },
    {
      "epoch": 60,
      "lr": 0.003969669238105036,
      "valid_hits_at_50": 9.986019572598362e-05
    }
  ]
}
