{
  "config": {
    "batch_size": 65536,
    "dropout": 0.2,
    "epochs": 200,
    "hidden_channels": 256,
    "learning_rate": 0.005,
    "num_layers": 3
  },
  "dataset_name": "ogbl-collab",
  "dataset_scale": 0.1,
  "device": "cuda",
  "experiment_config": {
    "dataset_name": "ogbl-collab",
    "dataset_scale": 0.1,
    "device": "cuda",
    "hyperparameters": {
      "batch_size": 65536,
      "dropout": 0.2,
      "epochs": 200,
      "hidden_channels": 256,
      "learning_rate": 0.005,
      "num_layers": 3
    },
    "ks": [
      10,
      50,
      100
    ],
    "method_name": "gcn",
    "save_result": true,
    "seed": 42
  },
  "losses": [
    1.3818270509345432,
    1.3931082056606146,
    1.3731754506161578,
    1.3696657383554658,
    1.3451734147642684,
    1.302530904625275,
    1.2126690237006787,
    1.2621630244246775,
    1.1880304250142475,
    1.1255082882268097,
    1.1418596007280903,
    1.0651194952365466,
    0.9571798541993667,
    0.9220083204016806,
    1.0960459379298324,
    0.924443802936281,
    0.7962741744583494,
    0.7502557102159044,
    0.6791394082074614,
    0.6479098528609679,
    0.5625707067028216,
    0.8286736764706029,
    2.3642559294451697,
    0.7719275851805981,
    0.655469955525868,
    0.6347937829763115,
    0.5718515734798727,
    0.5386815036279919,
    0.4886423527266778,
    0.48181186563529554,
    0.504825666649318,
    0.6084740367828902,
    0.5819429124356085,
    0.47724258649905804,
    0.4719212537761014,
    0.4594638052506785,
    0.44584108044196163,
    0.40449161137501644,
    0.3770703597942547,
    0.3444574958035208,
    0.3387043723552101,
    0.3324395198473407,
    0.34639451855552755,
    0.3251559696419539,
    0.34663630967644515,
    0.3815441291198077,
    0.3541388729971322,
    0.29029784613471366,
    0.27841069073017044,
    0.2682739537249873,
    0.2832027034606143,
    0.308877852553908,
    0.32839383628336427,
    0.3304199670846466,
    0.28431720411164285,
    0.2384562978317434,
    0.22043864480043043,
    0.20083218577744158,
    0.20806552995141492,
    0.2080884777655619,
    0.19866845596913926,
    0.1965251531030612,
    0.17782018206260683,
    0.15565113886602508,
    0.1479683909339459,
    0.1555588052565853,
    0.15104600039735044,
    0.13234877127228759,
    0.1494327523201953,
    0.15806716203709797,
    0.14603916367023106,
    0.12484338798011503,
    0.14087952968741205,
    0.14754809824877238,
    0.13264863431051807,
    0.12077590672297765,
    0.11279170580072756,
    0.11998296720770994,
    0.11643177523275686,
    0.11055787296565321,
    0.10633586246363408,
    0.09513526374110738,
    0.0880092455024033,
    0.08572358899022285,
    0.10481911776224412,
    0.07891147138514464,
    0.10269611050261022,
    0.08091960485581805,
    0.11451304278792905,
    0.20496472082193265,
    0.20846360264403901,
    0.11758500390213858,
    0.10041160284632425,
    0.13044831072837765,
    0.10281965275005622,
    0.08871815094768452,
    0.09640099295246697,
    0.08748769789648533,
    0.08205260823604679,
    0.09056914361255941,
    0.07996281626395792,
    0.07788167966057451,
    0.0844507246784271,
    0.07448331424689597,
    0.07008884968238853,
    0.07388095325347571,
    0.07347645200831629,
    0.06771806778849034,
    0.06909968581510825,
    0.06776791549895203,
    0.06560215871421078,
    0.06267164020515252,
    0.058925605463666174,
    0.0694680512359031,
    0.07292119893401205,
    0.06400133998793078,
    0.05922171661816608,
    0.06260522837404996,
    0.060096733840798146,
    0.05722385373145517,
    0.05493611500247265,
    0.05532267983807093,
    0.06104005488617331,
    0.06674288175553039,
    0.060331070284357934,
    0.0571723220567607,
    0.05592034038471122,
    0.050297163464506536,
    0.055597821419357894,
    0.05740805341374818,
    0.05537920724711928,
    0.04825147145748578,
    0.04667592522466685,
    0.04418011630497979,
    0.0434284456050857,
    0.04054651740561015,
    0.043798934049690444,
    0.052744390770662154,
    0.045368613218283976,
    0.04801894567183631,
    0.0505053031768279,
    0.04154645016075753,
    0.04128609992825021,
    0.04162769286473599,
    0.04063154577066423,
    0.03736433804194429,
    0.038776359032549015,
    0.03591453721341192,
    0.03402386074161,
    0.03439386135817843,
    0.032943842613607575,
    0.03298117968968525,
    0.03485964524774251,
    0.02992398683954087,
    0.03430186412821875,
    0.03311616128450293,
    0.0300620254359346,
    0.03474955005037042,
    0.030176272428664868,
    0.028632795931205438,
    0.030012185835992758,
    0.029229409792472943,
    0.03434464864849559,
    0.027740769520607958,
    0.03052969951473126,
    0.02679929411240416,
    0.031351814042916,
    0.029847810067728367,
    0.02952318547870876,
    0.03185674969373422,
    0.04770184462218383,
    0.047467402099873,
    0.04207409775154488,
    0.051766817522263295,
    0.03577534021457958,
    0.05122898946010724,
    0.048227068321408675,
    0.033927347332221455,
    0.030367379424165643,
    0.030349354428714642,
    0.030847909359244727,
    0.031234348528215102,
    0.034952938229402944,
    0.034609014216896876,
    0.026938864186524303,
    0.029924135199965556,
    0.0352255983243795,
    0.03148553389897126,
    0.03776421023415923,
    0.04326044934022963,
    0.02995238287354551,
    0.03117259785636901,
    0.02899539835711878,
    0.029484312632487457,
    0.02669636074087556,
    0.027954539139164822,
    0.024083038201253633,
    0.024164618767118954,
    0.02295003449028116,
    0.023073852446034035
  ],
  "memory_delta_mb": 368.26953125,
  "memory_mb": 2189.66796875,
  "method_name": "gcn",
  "metrics": {
    "test": {
      "hits_at_10": 0.09922510738414383,
      "hits_at_100": 0.29914308532452677,
      "hits_at_50": 0.2320145049537007
    },
    "valid": {
      "hits_at_10": 0.12422608348312363,
      "hits_at_100": 0.3491944610878104,
      "hits_at_50": 0.27248518740430067
    }
  },
  "runtime_seconds": 51.17571421199955,
  "seed": 42,
  "status": "completed",
  "timestamp": "20260503_123701"
}
