{
  "config": {
    "batch_size": 65536,
    "dropout": 0.2,
    "epochs": 200,
    "hidden_channels": 256,
    "learning_rate": 0.005,
    "num_layers": 3
  },
  "dataset_name": "ogbl-collab",
  "dataset_scale": 1.0,
  "device": "cuda",
  "experiment_config": {
    "dataset_name": "ogbl-collab",
    "dataset_scale": 1.0,
    "device": "cuda",
    "hyperparameters": {
      "batch_size": 65536,
      "dropout": 0.2,
      "epochs": 200,
      "hidden_channels": 256,
      "learning_rate": 0.005,
      "num_layers": 3
    },
    "ks": [
      10,
      50,
      100
    ],
    "method_name": "gcn",
    "save_result": true,
    "seed": 42
  },
  "losses": [
    1.193832003395662,
    0.8582815788168991,
    0.631154094063629,
    0.4358882181120217,
    0.3505178292133682,
    0.2855225788406005,
    0.25052013957370595,
    0.21792086008569214,
    0.17801154051363843,
    0.18848734672609868,
    0.20095620627079122,
    0.14520383333750614,
    0.12833397450822484,
    0.11954360489572281,
    0.11883038792904128,
    0.10605419110368447,
    0.1023894792523297,
    0.09900268593778233,
    0.09517047423066906,
    0.09254803598638475,
    0.09515159042090697,
    0.08949419666295418,
    0.0902467871188146,
    0.08036170353086497,
    0.07522809832343559,
    0.0834404696746986,
    0.07785994780043792,
    0.07247747098668206,
    0.06864796167117101,
    0.34973196403754053,
    0.1706421524039066,
    0.10583164062096037,
    0.08559744487465343,
    0.07995516585067305,
    0.07292908733854919,
    0.07330930401570769,
    0.06843547298515716,
    0.07241307001419871,
    0.0754965129170693,
    0.06445673870946032,
    0.06196433841531643,
    0.06135369379104332,
    0.06085398103780898,
    0.06037447811766365,
    0.057749956034949604,
    0.059084945496134036,
    0.05826880174477427,
    0.05588462497454147,
    0.05548920694472073,
    0.05434172349620658,
    0.05275508101295924,
    0.05292115269842953,
    0.05129306543245827,
    0.054199453919561484,
    0.05260607192576519,
    0.0524952567703743,
    0.04892010401254333,
    0.04839713197993947,
    0.04820250798633243,
    0.04626684681855585,
    0.05104421288895699,
    0.04793966893334099,
    0.046179110598448564,
    0.04574672674648797,
    0.045443978756374494,
    0.0447352894116201,
    0.04645514878571713,
    0.044069312640975966,
    0.04269770864021843,
    0.04364325908910816,
    0.04200812859696712,
    0.04684778719496462,
    0.10461249464276164,
    0.07707281719461886,
    0.053541172612624595,
    0.046632197626041975,
    0.043994123944693354,
    0.04179766194560584,
    0.04149370537353988,
    0.04066630257658291,
    0.04162927662527364,
    0.04035618429705507,
    0.04035815952702551,
    0.038930158233026986,
    0.03774085041454577,
    0.038471845257408356,
    0.03917858560994511,
    0.037340571631888635,
    0.037944191424506175,
    0.036785585784029615,
    0.036355333426847714,
    0.03687744677699828,
    0.03601986209552269,
    0.03573391064587206,
    0.03596124209479445,
    0.036060088794309705,
    0.03538966772154008,
    0.03535348953582073,
    0.034845255874357065,
    0.03454044802456681,
    0.034490432203363904,
    0.03385782435467177,
    0.03405056721730397,
    0.03497168760630028,
    0.03478171270884973,
    0.03431487637536651,
    0.03396941716796066,
    0.033522843427774035,
    0.032903873130357565,
    0.03302798569712756,
    0.03201234320062312,
    0.03225276503813715,
    0.033379237313859784,
    0.03621026305773198,
    0.036300577571181575,
    0.033070931169414,
    0.03205180032143998,
    0.0316596735228174,
    0.031660656173280746,
    0.031240027877063137,
    0.031052779731668395,
    0.030655691311633024,
    0.03179431257964619,
    0.03038500744813058,
    0.030557912523328224,
    0.030170720559448257,
    0.03069405923820122,
    0.02991684791666578,
    0.029681485864174968,
    0.029204577156468837,
    0.029953441344524878,
    0.030583782838020816,
    0.029489379359332542,
    0.02937547356031418,
    0.030776445225583808,
    0.029743373092274084,
    0.02981965841262131,
    0.029642744351298333,
    0.030613898547518052,
    0.028445631200793367,
    0.028224057869210298,
    0.028286709719547613,
    0.02739801957808446,
    0.028100466458209274,
    0.03041555633868528,
    0.23927558988523537,
    0.18122507340085237,
    0.08029543793539586,
    0.06090224874108273,
    0.05578537473755464,
    0.045771588790494894,
    0.041541133042928766,
    0.03978932683589184,
    0.03778676239010805,
    0.03652148887342227,
    0.03634085322079092,
    0.034830230096633684,
    0.033888907417223925,
    0.03381510976101872,
    0.03333307013938754,
    0.033439144046650826,
    0.03258628123310575,
    0.03194816447869888,
    0.031111503834660433,
    0.031738875803364174,
    0.030440363337475268,
    0.030032826163158832,
    0.029749372194630547,
    0.029169000659432953,
    0.029621290596659453,
    0.029319420650011484,
    0.029317611383895728,
    0.029657809098446328,
    0.029054227677274315,
    0.028223362417974258,
    0.02781447595601222,
    0.028796077956823884,
    0.028823892067761547,
    0.02749095537595206,
    0.02748484420318933,
    0.027261983224729607,
    0.02804215002225164,
    0.027007360547807883,
    0.0269825127502373,
    0.026744903603328502,
    0.02654577551975335,
    0.02659216768159275,
    0.026465977194983153,
    0.026381677107225845,
    0.02661631801974631,
    0.025934556984881268,
    0.02606115929014187,
    0.026396485814861863,
    0.02541287481242235,
    0.026470243128514873,
    0.026251313911860343,
    0.025698685897284176,
    0.026383500894306133,
    0.02501499214375724,
    0.024838397991724423
  ],
  "memory_delta_mb": 2.2421875,
  "memory_mb": 2191.6015625,
  "method_name": "gcn",
  "metrics": {
    "test": {
      "hits_at_10": 0.2939195752120702,
      "hits_at_100": 0.5286537589846533,
      "hits_at_50": 0.45504975285458354
    },
    "valid": {
      "hits_at_10": 0.3624259370215032,
      "hits_at_100": 0.6123094334598229,
      "hits_at_50": 0.5395779242393982
    }
  },
  "runtime_seconds": 1144.6654320439993,
  "seed": 42,
  "status": "completed",
  "timestamp": "20260503_130257"
}
