{
  "config": {
    "batch_size": 65536,
    "dropout": 0.2,
    "epochs": 200,
    "hidden_channels": 256,
    "learning_rate": 0.005,
    "num_layers": 3
  },
  "dataset_name": "ogbl-collab",
  "dataset_scale": 0.1,
  "device": "cuda",
  "experiment_config": {
    "dataset_name": "ogbl-collab",
    "dataset_scale": 0.1,
    "device": "cuda",
    "hyperparameters": {
      "batch_size": 65536,
      "dropout": 0.2,
      "epochs": 200,
      "hidden_channels": 256,
      "learning_rate": 0.005,
      "num_layers": 3
    },
    "ks": [
      10,
      50,
      100
    ],
    "method_name": "gcn",
    "save_result": true,
    "seed": 123
  },
  "losses": [
    1.3835657695288028,
    1.3708425220897809,
    1.3463892152102048,
    1.235280042149417,
    1.02161825596945,
    1.1809096042347855,
    0.9491343473721833,
    0.8395447715649921,
    0.72839816386026,
    0.5919170997261187,
    0.5557419559022487,
    0.8388162048155912,
    0.7820441656463307,
    0.7812039502784954,
    1.0286730182771944,
    0.7494241155532019,
    0.603177436827946,
    0.5572137139325914,
    0.47398169539285256,
    0.4643602552853146,
    0.38066562578264707,
    0.6100777227315105,
    1.1580955114797764,
    0.5522223371787257,
    0.5878481830204267,
    0.42893093722699016,
    0.4103832048302333,
    0.4359953043661137,
    0.42190192797262754,
    0.46686580445186,
    0.44392357441331637,
    0.34865199373522754,
    0.30488958594923504,
    0.30771806161016724,
    0.30627576933198897,
    0.2764034234121613,
    0.2365245670145904,
    0.31129799259638624,
    0.33062698117604133,
    0.21253927609912515,
    0.1830543435166888,
    0.19081932096064563,
    0.17097484791980516,
    0.1748791282719204,
    0.1743809153482531,
    0.13641116020030472,
    0.20675132261888302,
    0.355134726054472,
    0.2688588791507067,
    0.3127442362377406,
    0.2225561954694963,
    0.2118013340506985,
    0.2000857525917568,
    0.18225642787197419,
    0.20285215228764408,
    0.17648910311859206,
    0.1555755703798369,
    0.17575948463030824,
    0.2424409328811896,
    0.1953727345844296,
    0.1377582475992313,
    0.1174434092230891,
    0.139868735383927,
    0.12474702960002271,
    0.10614572375169828,
    0.10266881588204894,
    0.10625447071512097,
    0.09883780782749814,
    0.0917111426417465,
    0.08730512736570967,
    0.08506684651070133,
    0.073043939405273,
    0.06675659758227406,
    0.0820856655585185,
    0.06339880062872953,
    0.06704586066460773,
    0.07711756446507287,
    0.06850447356138493,
    0.06347376983262853,
    0.055508947431899616,
    0.07493100911726414,
    0.08365120270629253,
    0.08111513250638024,
    0.11876192896525666,
    0.16948731699915395,
    0.1468622770024101,
    0.11625370271338048,
    0.1678229087818913,
    0.15608721264008424,
    0.10581357848183717,
    0.08726224943671304,
    0.07329996074789388,
    0.07489762136430758,
    0.07711668251598337,
    0.08296355172217026,
    0.07458014535708543,
    0.05638161051160107,
    0.07289837416063803,
    0.06454716153260552,
    0.04980207683753838,
    0.06493245087891639,
    0.05637617090795236,
    0.05066169778911229,
    0.05755159402877758,
    0.047392436932323895,
    0.05330932982527246,
    0.058490339933841375,
    0.04624389472167651,
    0.041874809702907696,
    0.051216858298017406,
    0.04351717344985265,
    0.041912942600535366,
    0.05048185526897503,
    0.044980820447698126,
    0.0391486578259634,
    0.0497428834026948,
    0.04140156775022285,
    0.04524141521861771,
    0.05400009833825721,
    0.04023595770853282,
    0.0378853672687488,
    0.04990567124273874,
    0.037813541735073196,
    0.040296556676401196,
    0.05027201884874006,
    0.037575323758833656,
    0.03413785815202302,
    0.04277490059210116,
    0.03753884642688147,
    0.03564270529351785,
    0.041670207738039686,
    0.03500584756267429,
    0.031112162264952663,
    0.02903277846065486,
    0.029047716682191735,
    0.026118061476782466,
    0.027272457732444178,
    0.02401213875875881,
    0.02422242368745276,
    0.02373276075516426,
    0.022861091157667997,
    0.02308995244833171,
    0.02682030937640293,
    0.03322107805076039,
    0.025332862746380757,
    0.027409922356595368,
    0.03605822917473809,
    0.053472859580173254,
    0.04374286912713088,
    0.030187026597835915,
    0.04005849949093267,
    0.03244357230640576,
    0.028032078335200612,
    0.03328395813526917,
    0.031483398535810635,
    0.02719804073258679,
    0.024980390943388723,
    0.021042308013695533,
    0.020669286440914002,
    0.02078120085177321,
    0.01991977116340197,
    0.019680982207822,
    0.020902918267322605,
    0.0204411393750201,
    0.019156983998488756,
    0.019065377994595196,
    0.019118472916628562,
    0.02159274403184512,
    0.037886376448895386,
    0.02703218847961226,
    0.046797167316223215,
    0.044924270837524656,
    0.03821311337168519,
    0.02724111509194968,
    0.03564500807992279,
    0.029976310540842325,
    0.027140961775802573,
    0.03470352448570122,
    0.027548379689805114,
    0.02562208849641146,
    0.03509799777187518,
    0.025417006234230217,
    0.02466194241588759,
    0.040942410888686435,
    0.02585846159453459,
    0.03420055086520391,
    0.03463907065425689,
    0.024671811685357873,
    0.031577951366226466,
    0.02947991888343436,
    0.02277922360015216,
    0.023634612376764425,
    0.02799670324558902,
    0.022022350965691207,
    0.021671673558479574,
    0.019635931257594382,
    0.0207927899974738,
    0.02376889967638079,
    0.026174377632676472,
    0.02686349164149048
  ],
  "memory_delta_mb": 22.296875,
  "memory_mb": 2142.86328125,
  "method_name": "gcn",
  "metrics": {
    "test": {
      "hits_at_10": 0.14211401066286775,
      "hits_at_100": 0.29510673660126485,
      "hits_at_50": 0.25301646916618103
    },
    "valid": {
      "hits_at_10": 0.1804973037747154,
      "hits_at_100": 0.35089208441515213,
      "hits_at_50": 0.3055888422874642
    }
  },
  "runtime_seconds": 53.363836958997126,
  "seed": 123,
  "status": "completed",
  "timestamp": "20260515_145431"
}
