{
  "config": {
    "batch_size": 65536,
    "dropout": 0.2,
    "epochs": 200,
    "hidden_channels": 256,
    "learning_rate": 0.005,
    "num_layers": 3
  },
  "dataset_name": "ogbl-collab",
  "dataset_scale": 0.1,
  "device": "cuda",
  "experiment_config": {
    "dataset_name": "ogbl-collab",
    "dataset_scale": 0.1,
    "device": "cuda",
    "hyperparameters": {
      "batch_size": 65536,
      "dropout": 0.2,
      "epochs": 200,
      "hidden_channels": 256,
      "learning_rate": 0.005,
      "num_layers": 3
    },
    "ks": [
      10,
      50,
      100
    ],
    "method_name": "gcn",
    "save_result": true,
    "seed": 42
  },
  "losses": [
    1.3818270509345432,
    1.3931083645055649,
    1.373175490554126,
    1.3696666136653837,
    1.3451778146137865,
    1.3025296544448337,
    1.2126867114615438,
    1.262589195483281,
    1.1885993439077163,
    1.1256343346799553,
    1.1421290198242355,
    1.066234740999221,
    0.9590905283755269,
    0.9237031775269869,
    1.0579303135201958,
    0.8723476065544321,
    0.7911907227084531,
    0.7362235977218875,
    0.6658439240733265,
    0.636833996254799,
    0.5729534180806058,
    0.75134559681557,
    0.8605592073392668,
    0.6994261783233283,
    0.636081065706339,
    0.6259257141483492,
    0.5490060628281968,
    0.5060063980082803,
    0.44750053522711286,
    0.42697461817051324,
    0.43446570501432263,
    0.41750118958348964,
    0.3979111048335171,
    0.3587166467926631,
    0.42029413992725384,
    0.46502792819463024,
    0.501364442992365,
    0.5491380280268657,
    0.7457688748454842,
    0.4937644659633688,
    0.4939375341567954,
    0.40992266254961723,
    0.3827828700217596,
    0.3779093343643058,
    0.35717533600527,
    0.33766385027684964,
    0.35085608906774424,
    0.3161991466075469,
    0.30524710909787756,
    0.2905668884592856,
    0.2722181632972634,
    0.25127838711556394,
    0.24418118877683068,
    0.2575093454685958,
    0.2544568939088112,
    0.23299670652408777,
    0.2111821958338869,
    0.21368382877937725,
    0.22229976575493202,
    0.22490922627110937,
    0.195528886385038,
    0.18552617192771376,
    0.1848682442189557,
    0.19968867881052074,
    0.21521601298904758,
    0.1950695672547472,
    0.1642280106353707,
    0.17860187303031108,
    0.180027603436672,
    0.18108473352781107,
    0.1590114704605166,
    0.14868349672352144,
    0.1307279902197903,
    0.12319522028655669,
    0.12393211973155305,
    0.12981821010098962,
    0.10380953667697791,
    0.11140483400050347,
    0.1008581801740896,
    0.1016647780937708,
    0.08878309461671449,
    0.08920060614925128,
    0.09642617150083975,
    0.0964719476849618,
    0.08878909869190695,
    0.09131402797189096,
    0.07661343817353264,
    0.08970823661039502,
    0.07745787081542116,
    0.07761945041224104,
    0.08322085264246658,
    0.07108252642030181,
    0.06829806933734239,
    0.07735305272782407,
    0.06784859454093162,
    0.06562779029339741,
    0.07592046456025618,
    0.06172040421720285,
    0.0741763313940365,
    0.06028661124275859,
    0.05736128144994006,
    0.0757058416783246,
    0.06724281553298299,
    0.07374003209749669,
    0.08264554104493686,
    0.0631842274296997,
    0.07024273466238119,
    0.07822363992006763,
    0.06570018420381292,
    0.06215621369552518,
    0.06947942874979075,
    0.06133532644956097,
    0.055184339369181525,
    0.06367794257972532,
    0.05881631053744986,
    0.05370588361285508,
    0.06087655151911144,
    0.05448058289089284,
    0.05486571755255332,
    0.05850772657621039,
    0.055420345848960266,
    0.05180779768263109,
    0.053075935514406425,
    0.05177221520910544,
    0.04764224275564941,
    0.0547254171819449,
    0.05271415557658762,
    0.04693358729831095,
    0.05352651864817254,
    0.047129278944016244,
    0.056571947981873864,
    0.06530078696156118,
    0.04430055712469737,
    0.06116109993704519,
    0.07129506810505595,
    0.06408564415392841,
    0.06732537144461963,
    0.045429270393256393,
    0.0482199456471482,
    0.05267176002748701,
    0.04489054105505123,
    0.04504519275321563,
    0.042202512060152374,
    0.04530265872237144,
    0.04135283794979028,
    0.042744892060258735,
    0.037912332703853545,
    0.04034998087338589,
    0.04750004080511839,
    0.038215641582087,
    0.03704631014793289,
    0.039044634147572976,
    0.033171633784230097,
    0.030471833921423278,
    0.0333508148766341,
    0.028911217489730797,
    0.03001121488840524,
    0.027428160683423283,
    0.027886845844424052,
    0.029294310534313448,
    0.027616897158871008,
    0.030497760277676384,
    0.030164183266020137,
    0.025970627148885882,
    0.026340263160498138,
    0.026386955641372795,
    0.02510939110989112,
    0.026525032008996873,
    0.025697379971475913,
    0.02421621136630513,
    0.02630278559241362,
    0.03131098944720186,
    0.029459214403465158,
    0.023925921927536748,
    0.028076736830589775,
    0.02420838445078745,
    0.028640791237854124,
    0.023480213532051073,
    0.02823270813548824,
    0.02480317063608774,
    0.023757005849769666,
    0.024372721923127602,
    0.022784258275140405,
    0.02141491786039799,
    0.021773741003948185,
    0.02190837806609593,
    0.02812096052294211,
    0.03678346662174113,
    0.03522408000291048,
    0.04042998518192719,
    0.03532906568436863,
    0.032303315911347726,
    0.036484718761839265,
    0.028312014573317317,
    0.025414799127122214,
    0.025637797908016624,
    0.024082394449794563,
    0.022936414450686334,
    0.024764311778465,
    0.02250558155672574
  ],
  "memory_delta_mb": 1098.38671875,
  "memory_mb": 2141.51171875,
  "method_name": "gcn",
  "metrics": {
    "test": {
      "hits_at_10": 0.10270025254160461,
      "hits_at_100": 0.3167130738846079,
      "hits_at_50": 0.24591508558354377
    },
    "valid": {
      "hits_at_10": 0.13053391917981494,
      "hits_at_100": 0.368201185007656,
      "hits_at_50": 0.28932827375008324
    }
  },
  "runtime_seconds": 54.21011326699954,
  "seed": 42,
  "status": "completed",
  "timestamp": "20260515_145154"
}
