{
  "config": {
    "batch_size": 65536,
    "dropout": 0.2,
    "epochs": 200,
    "hidden_channels": 256,
    "learning_rate": 0.005,
    "num_layers": 3
  },
  "dataset_name": "ogbl-collab",
  "dataset_scale": 1.0,
  "device": "cuda",
  "experiment_config": {
    "dataset_name": "ogbl-collab",
    "dataset_scale": 1.0,
    "device": "cuda",
    "hyperparameters": {
      "batch_size": 65536,
      "dropout": 0.2,
      "epochs": 200,
      "hidden_channels": 256,
      "learning_rate": 0.005,
      "num_layers": 3
    },
    "ks": [
      10,
      50,
      100
    ],
    "method_name": "gcn",
    "save_result": true,
    "seed": 456
  },
  "losses": [
    1.2167828865170462,
    0.8819374925096255,
    0.6611379804572478,
    0.4618429032072994,
    0.3476205761296365,
    0.32568240159644085,
    0.3155696068262148,
    0.23597506878321514,
    0.24567963495369147,
    0.1918575306144439,
    0.16375807539782047,
    0.14273634416189473,
    0.13044398682599104,
    0.12909278006071018,
    0.11772554306571083,
    0.11157743499320803,
    0.11036442345610334,
    0.10206285367742196,
    0.09468524356724886,
    0.090867611179315,
    0.10722574604060063,
    0.091008947762608,
    0.0825632889768293,
    0.08131197364124791,
    0.0768398632904066,
    0.07816936243895015,
    0.07967676785014922,
    0.07268590095325062,
    0.07149409997335246,
    0.07127764056994138,
    0.06648502886571439,
    0.06882216407712584,
    0.10396761466879113,
    0.0799928219120574,
    0.06695293541819156,
    0.0611929105146153,
    0.06057970848913684,
    0.057352971891143634,
    0.05897828046636343,
    0.08437477128708598,
    0.0650238115400187,
    0.056119141764448086,
    0.053945024758208816,
    0.0535551925097082,
    0.05689402508129799,
    0.053776304213730905,
    0.05070833601496203,
    0.09317694549430516,
    0.17946734200311526,
    0.09802092890392478,
    0.06868292047706459,
    0.059412048853541545,
    0.05583160484553777,
    0.05298915170546006,
    0.05241410159164307,
    0.05114310210967023,
    0.049014514435668094,
    0.05009999791971659,
    0.049395482448586166,
    0.047306850116412676,
    0.04722953074376693,
    0.0461408304685694,
    0.04604256508954485,
    0.04604069913451216,
    0.04663779403111813,
    0.04485276329715047,
    0.04441252954906987,
    0.04311293852825867,
    0.04320410482022345,
    0.04262018119363617,
    0.04259031489165648,
    0.04155847173829302,
    0.041528254583093414,
    0.041229407455171424,
    0.04098678433073786,
    0.041007180769309315,
    0.039338454084236286,
    0.03883174917674565,
    0.039283181351406966,
    0.03856520967682974,
    0.038747815733993676,
    0.03787735409175685,
    0.04514442529575374,
    0.04358236281184934,
    0.03868728935552874,
    0.03688235503854351,
    0.03672605467621148,
    0.037523847013272216,
    0.03641484313713767,
    0.03601917664042688,
    0.03643347285857655,
    0.03722063966736283,
    0.035788459550776155,
    0.03596435188881127,
    0.0349878637040829,
    0.036047471350482946,
    0.03540186448037251,
    0.03600754636814685,
    0.03481806679463971,
    0.03444930928008258,
    0.033370106599786856,
    0.03302674458020895,
    0.03379409984404017,
    0.03383515772990746,
    0.0329502145905907,
    0.03258233318805758,
    0.03275531361118612,
    0.034442711456505196,
    0.03718893128142548,
    0.03209251225266281,
    0.0319173544693992,
    0.03203436779675525,
    0.0322417242411826,
    0.03114744854643626,
    0.03137304466271279,
    0.030559900019105402,
    0.031088682776762973,
    0.030934610232437196,
    0.030923952001638597,
    0.03084956569027386,
    0.03058671777714448,
    0.03042589102414846,
    0.0312949097867467,
    0.029842000935985897,
    0.03007736758026481,
    0.02980635201823514,
    0.029592046846545938,
    0.03049161865144817,
    0.030294730572305126,
    0.029085126518045522,
    0.02930400495323896,
    0.02909160154177951,
    0.028289164386435053,
    0.02908061438619704,
    0.02828673879640882,
    0.02853547207079736,
    0.028875452313136565,
    0.030015755900810244,
    0.028735772089483268,
    0.02826117060829752,
    0.02800148262849626,
    0.027272819353637616,
    0.027869496383630933,
    0.028252431027974447,
    0.028164599770822283,
    0.02723161336367365,
    0.02737513725847095,
    0.027434087180566426,
    0.02664536998832903,
    0.02743879568082384,
    0.02691824090631786,
    0.02663070401275357,
    0.026608083107405377,
    0.02660586995545084,
    0.027812293150798226,
    0.026555291783312097,
    0.026220052989549564,
    0.026435491302204878,
    0.029376867886060157,
    0.031760597452761705,
    0.4627071347398257,
    0.3115833252444431,
    0.1355113250698095,
    0.0859042236740137,
    0.06710487408463116,
    0.05900373742010807,
    0.0542337456042604,
    0.05039679416018844,
    0.04712369778598201,
    0.046089007463409756,
    0.04411299851100306,
    0.04220894853608301,
    0.040408628930717255,
    0.039649190216107376,
    0.03862484382206277,
    0.037784948252924014,
    0.03790178194115608,
    0.03590054413194532,
    0.03578320248110835,
    0.035917211053214514,
    0.035152714997769605,
    0.03419751437588815,
    0.03348005787210732,
    0.03390992227984279,
    0.03295138132354877,
    0.032123645478020775,
    0.0320064181491586,
    0.03169175710870309,
    0.030904726035255514,
    0.031056418690026438,
    0.030812537264879702,
    0.03069443125195672,
    0.030251834992011947,
    0.03030191503664936,
    0.029778907675076884,
    0.03045093819429202,
    0.030622247250205528,
    0.029482944280848206,
    0.02918046890125645,
    0.029630665780736015
  ],
  "memory_delta_mb": 21.8671875,
  "memory_mb": 2225.75390625,
  "method_name": "gcn",
  "metrics": {
    "test": {
      "hits_at_10": 0.2769971292279134,
      "hits_at_100": 0.534999676228712,
      "hits_at_50": 0.45438062552612835
    },
    "valid": {
      "hits_at_10": 0.34829571932627656,
      "hits_at_100": 0.6193329338925504,
      "hits_at_50": 0.5394947074096266
    }
  },
  "runtime_seconds": 1143.8578245380195,
  "seed": 456,
  "status": "completed",
  "timestamp": "20260530_115430"
}
