{
  "config": {
    "batch_size": 65536,
    "dropout": 0.2,
    "epochs": 200,
    "hidden_channels": 256,
    "learning_rate": 0.005,
    "num_layers": 3
  },
  "dataset_name": "ogbl-collab",
  "dataset_scale": 0.1,
  "device": "cuda",
  "experiment_config": {
    "dataset_name": "ogbl-collab",
    "dataset_scale": 0.1,
    "device": "cuda",
    "hyperparameters": {
      "batch_size": 65536,
      "dropout": 0.2,
      "epochs": 200,
      "hidden_channels": 256,
      "learning_rate": 0.005,
      "num_layers": 3
    },
    "ks": [
      10,
      50,
      100
    ],
    "method_name": "gcn",
    "save_result": true,
    "seed": 123
  },
  "losses": [
    1.3835657695288028,
    1.3708425220897809,
    1.3463894270034718,
    1.2352796842192406,
    1.0216198187005625,
    1.1808941903907395,
    0.9491079795805938,
    0.839525560708675,
    0.7284191082838377,
    0.5918700294505549,
    0.5558160309952122,
    0.8397218541988591,
    0.7820028175587195,
    0.7808826305555744,
    1.028146578140181,
    0.7491063771091756,
    0.6031468178989232,
    0.5572108436948212,
    0.4740034908022136,
    0.45705372713271464,
    0.4080810103481252,
    0.4482982564814688,
    0.3768912335728918,
    0.40047221395518556,
    0.31291851814019356,
    0.33550062008872855,
    0.30546152197921866,
    0.36100609237661113,
    0.3976147831717266,
    0.44839773181866793,
    0.30582593596116575,
    0.29091751683830563,
    0.31675590302955203,
    0.3762079995972455,
    0.33836917711534725,
    0.23799653344494884,
    0.2334914205059751,
    0.3066710237032443,
    0.3859518021295849,
    0.40219340283870897,
    0.25667521146641376,
    0.28903167654648926,
    0.31413700662695176,
    0.30806245953621875,
    0.2490394560889147,
    0.254283580826892,
    0.24140417173281764,
    0.20585893898056054,
    0.20056518079010535,
    0.20010274358693741,
    0.18497937930537203,
    0.18210826444555586,
    0.18162611148005642,
    0.16786069148501126,
    0.15635890876257028,
    0.15646277747659362,
    0.1524155319610335,
    0.14443583301860186,
    0.15522577525762438,
    0.16406445073685086,
    0.15168725830908772,
    0.13324392181137712,
    0.1383916734583702,
    0.1680137393370288,
    0.1751584385474277,
    0.1256826717600351,
    0.12064970284820457,
    0.1849200512228877,
    0.17670472822560493,
    0.10442169621219657,
    0.09310722527706787,
    0.10971661923244443,
    0.0791092336514004,
    0.0800035730382195,
    0.08908333899708812,
    0.06657214504785702,
    0.06609170523387098,
    0.10173510470014104,
    0.0949438911165315,
    0.07915778718915616,
    0.06177817136156696,
    0.07140399069636637,
    0.06250116376179501,
    0.06178629183204548,
    0.05539930355967944,
    0.05534270966561321,
    0.07067372657105565,
    0.08796391441592187,
    0.07043827926280095,
    0.07267079809827107,
    0.06416642650513849,
    0.051924856285299234,
    0.05984186549541413,
    0.049847483617160356,
    0.06310951753930732,
    0.08028092737736216,
    0.07300018773123,
    0.08072441610303914,
    0.12030390330544613,
    0.11477267611022214,
    0.4770258395085732,
    0.18542335635554846,
    0.33291636930258794,
    0.40401909857075874,
    0.6794188364767086,
    0.40858287451138936,
    0.1409445751117015,
    0.1556989009232422,
    0.3309402787047414,
    0.17356307349277914,
    0.1233940183981134,
    0.16981034958745772,
    0.23538645013214538,
    0.09470746371019716,
    0.09347316728604921,
    0.08912533122990393,
    0.10649852965956481,
    0.09222240397451256,
    0.11478297958015198,
    0.17364071496297048,
    0.09687136614511226,
    0.12668240218349885,
    0.1200720653210244,
    0.09425305539182789,
    0.08866538269797039,
    0.07138832942479784,
    0.07372597668307776,
    0.07093912635198718,
    0.07591341957193988,
    0.08082663211996008,
    0.07893359687497338,
    0.06869876152494118,
    0.058616901164981305,
    0.058563565829337735,
    0.051004424409177095,
    0.04833523695329932,
    0.04555831218817565,
    0.041574213533834024,
    0.04086440397486281,
    0.03662925314871158,
    0.03574733006298772,
    0.037885059454461696,
    0.03397000634650289,
    0.034341713384133166,
    0.03281184441965023,
    0.031205799498381512,
    0.03193265009992304,
    0.030898112472795884,
    0.03012633767146594,
    0.027839456075114212,
    0.02859003644928385,
    0.028114379087579848,
    0.02796236370731202,
    0.02719240540301361,
    0.027367158910993967,
    0.026785801544909987,
    0.027272122627202626,
    0.026762767499889775,
    0.025946428965228814,
    0.024730360670730304,
    0.025296773368097065,
    0.024174832710634104,
    0.025361470023871457,
    0.023819466011913003,
    0.02452946244633348,
    0.035799218213477056,
    0.032273100233333046,
    0.04113139734364088,
    0.039112482197217156,
    0.03212570078994202,
    0.02952837903629348,
    0.02835029523928216,
    0.031112662530855078,
    0.02719363245123643,
    0.025305992480586854,
    0.025541872260605888,
    0.024773903695799245,
    0.02469169096866008,
    0.024585928563874548,
    0.023009558410680878,
    0.024009492498755804,
    0.02174453421432545,
    0.021236137825281463,
    0.021473383043500223,
    0.0213296639358647,
    0.01971325061403003,
    0.020803940670992813,
    0.019955971106772486,
    0.022961130177150433,
    0.021654325676538893,
    0.02434340996614741,
    0.021834078010717153,
    0.02412182320806494,
    0.01972394623243067,
    0.021585861257749035,
    0.018636550878069032,
    0.020167310115337463,
    0.019014621726445965,
    0.019761095138599305,
    0.023489313877970177
  ],
  "memory_delta_mb": 1.77734375,
  "memory_mb": 2193.55078125,
  "method_name": "gcn",
  "metrics": {
    "test": {
      "hits_at_10": 0.0896414772604632,
      "hits_at_100": 0.28955945520084614,
      "hits_at_50": 0.20928576053875542
    },
    "valid": {
      "hits_at_10": 0.11041208974102923,
      "hits_at_100": 0.33263431196325144,
      "hits_at_50": 0.24550629119233075
    }
  },
  "runtime_seconds": 50.88022885599639,
  "seed": 123,
  "status": "completed",
  "timestamp": "20260530_103555"
}
