{
  "config": {
    "batch_size": 65536,
    "dropout": 0.2,
    "epochs": 200,
    "hidden_channels": 256,
    "learning_rate": 0.005,
    "num_layers": 3
  },
  "dataset_name": "ogbl-collab",
  "dataset_scale": 0.1,
  "device": "cuda",
  "experiment_config": {
    "dataset_name": "ogbl-collab",
    "dataset_scale": 0.1,
    "device": "cuda",
    "hyperparameters": {
      "batch_size": 65536,
      "dropout": 0.2,
      "epochs": 200,
      "hidden_channels": 256,
      "learning_rate": 0.005,
      "num_layers": 3
    },
    "ks": [
      10,
      50,
      100
    ],
    "method_name": "gcn",
    "save_result": true,
    "seed": 456
  },
  "losses": [
    1.380497981485765,
    1.403635031054389,
    1.3804801737552916,
    1.372410209256473,
    1.3595411338594234,
    1.3496503390467534,
    1.3835386771240952,
    1.336740783031223,
    1.3136981638043765,
    1.2745176579902597,
    1.1786575750279207,
    1.1977550088851225,
    1.077432521501422,
    1.0195747832629947,
    0.9694557091276901,
    0.868733450103709,
    0.8283690238432708,
    1.1363692834295291,
    0.9988327924908281,
    1.0674604608091425,
    1.1380667706693757,
    0.925358980357973,
    0.8913822180800884,
    0.824251420253925,
    0.7306398325711382,
    0.7254657065406828,
    0.5985931626349368,
    1.157551339762462,
    0.8093542954251489,
    0.6101670632081897,
    0.5779032514076198,
    0.5762382393711158,
    0.5259691570587809,
    0.5417901521172719,
    0.8706348846363235,
    0.6942038581569576,
    0.5374492040254157,
    0.49572913624859055,
    0.520221534490555,
    0.47920132358638057,
    0.4620148918673786,
    0.44133058422738414,
    0.4437875915630735,
    0.42269986843386403,
    0.3999470981888419,
    0.3923983307225696,
    0.3651176992313921,
    0.36147583857362575,
    0.34587422749462443,
    0.3215960030936188,
    0.3403748118454281,
    0.3284306602921176,
    0.32344010680980906,
    0.3265820842891101,
    0.331150899530544,
    0.33626418907543987,
    0.26938751212316364,
    0.2851318280115306,
    0.37058664324942714,
    0.36133197090976704,
    0.3014743559395184,
    0.3026182205868831,
    0.3008923310647307,
    0.24984325381652034,
    0.2654941484537457,
    0.29044064508382866,
    0.28075063093276503,
    0.2707895010958737,
    0.2425951142746055,
    0.24877453454704232,
    0.22141185941437738,
    0.1980097928778077,
    0.20190421192883928,
    0.19358917593129452,
    0.18950053150404814,
    0.17296208084377795,
    0.14292008734619915,
    0.15549868309633316,
    0.14205577650725257,
    0.13017020641210492,
    0.1359469985039067,
    0.12727588836607154,
    0.11000322480146316,
    0.11592548505810804,
    0.12134306837573296,
    0.13261218288362261,
    0.1242992254635299,
    0.10563322054872702,
    0.11197229649987386,
    0.11869063102459919,
    0.09733088301560042,
    0.12109855812762227,
    0.12425509381866007,
    0.09901580328851563,
    0.12480381248657609,
    0.15788323918534347,
    0.45577797431319145,
    0.1479089026513089,
    0.17538779950577674,
    0.3127801403184008,
    0.36741818048881114,
    0.6235468933203259,
    0.25797683545527106,
    0.17589870117761763,
    0.1812591400745185,
    0.26899227151650923,
    0.3023461649400285,
    0.17633520637242617,
    0.2239248130340814,
    0.25084617009200716,
    0.40709236201340754,
    0.15446382776597223,
    0.14165579357587432,
    0.12185569346370671,
    0.12936333495655777,
    0.11547797755778814,
    0.10085540615582374,
    0.11348472610466717,
    0.10512984143285309,
    0.0857380584841577,
    0.0794691786381697,
    0.07567400191791093,
    0.08094143101726799,
    0.07845968940051162,
    0.07213429582555766,
    0.07793915803261797,
    0.06915763094537834,
    0.06298550346963486,
    0.07520935831798518,
    0.06721291488201522,
    0.06002991314438543,
    0.0622884806608442,
    0.0590763008140862,
    0.05575815660264559,
    0.05771270523848644,
    0.06605445326295933,
    0.06190823215714322,
    0.054171282027022115,
    0.05342395052482526,
    0.06028953631472928,
    0.053400969613335736,
    0.0542728217795986,
    0.05338973189257396,
    0.05044673672690403,
    0.048331280480467594,
    0.053144815898058875,
    0.0644410531406265,
    0.05184635087309951,
    0.059030691356555,
    0.07261409825259485,
    0.10400530532072591,
    0.10200989660271999,
    0.08657417185154334,
    0.0877082003291026,
    0.13154801868382848,
    0.13509033474903576,
    0.12655209990272864,
    0.09151452317088873,
    0.0900977519250094,
    0.08063888018744263,
    0.07659760226112584,
    0.08437256601888975,
    0.1058283695489728,
    0.10752155325201286,
    0.0883425577642452,
    0.08023317227833832,
    0.06922518820977182,
    0.06209467491323391,
    0.05372991492941525,
    0.05597098718319633,
    0.05387272835829968,
    0.05250963759421165,
    0.05130361941061343,
    0.05679334784720843,
    0.04838791125296465,
    0.04465969987704925,
    0.04198989061867229,
    0.04386387422038198,
    0.04242996590825813,
    0.03906749486127006,
    0.03851258273780571,
    0.04115609357982721,
    0.04023537051222852,
    0.041858636587826605,
    0.04603983560921981,
    0.040868758157544614,
    0.04343958385277657,
    0.044722037983131006,
    0.03963887912421214,
    0.03604353869930311,
    0.036079072129518636,
    0.035371165975563695,
    0.03852906612727783,
    0.03587608635937418,
    0.0352103241756075,
    0.040731816155524216,
    0.034745048983604324,
    0.03282588816751713,
    0.03210281080811095,
    0.03208654490156355
  ],
  "memory_delta_mb": 11.0,
  "memory_mb": 2176.55859375,
  "method_name": "gcn",
  "metrics": {
    "test": {
      "hits_at_10": 0.10503140581493234,
      "hits_at_100": 0.29545209264175787,
      "hits_at_50": 0.21668933065682403
    },
    "valid": {
      "hits_at_10": 0.1287697223886559,
      "hits_at_100": 0.34102256840423406,
      "hits_at_50": 0.25291258904200786
    }
  },
  "runtime_seconds": 104.42658936899898,
  "seed": 456,
  "status": "completed",
  "timestamp": "20260515_150925"
}
