{
  "best_epoch": 10,
  "best_val_hits_at_50": 0.00014979029358897544,
  "config": {
    "batch_size": 65536,
    "dropout": 0.2,
    "early_stop_patience": 5,
    "embed_channels": 128,
    "epochs": 200,
    "hidden_channels": 256,
    "learning_rate": 0.005,
    "num_layers": 3,
    "val_freq": 10
  },
  "dataset_name": "ogbl-collab",
  "dataset_scale": 1.0,
  "device": "cuda",
  "experiment_config": {
    "dataset_name": "ogbl-collab",
    "dataset_scale": 1.0,
    "device": "cuda",
    "hyperparameters": {
      "batch_size": 65536,
      "dropout": 0.2,
      "early_stop_patience": 5,
      "embed_channels": 128,
      "epochs": 200,
      "hidden_channels": 256,
      "learning_rate": 0.005,
      "num_layers": 3,
      "val_freq": 10
    },
    "ks": [
      10,
      50,
      100
    ],
    "method_name": "gcn",
    "save_result": true,
    "seed": 42
  },
  "losses": [
    1.352153581241702,
    0.9539916376232462,
    0.5024859795942226,
    0.2547561779699603,
    0.12192751058835326,
    0.06812158169341465,
    0.04496316746495681,
    0.03213698419353379,
    0.024390428516594665,
    0.018748982124815957,
    0.01583135834885226,
    0.013514731343315238,
    0.010451889705976068,
    0.008777909197336573,
    0.008026986709910228,
    0.007099740006376551,
    0.006004447381006047,
    0.005923912405404817,
    0.005425642039310438,
    0.0047556181006850875,
    0.004624892854475181,
    0.003771204443651004,
    0.0032852363759195797,
    0.0033110564620163338,
    0.002878592894210823,
    0.0026977875420648003,
    0.002502479966179319,
    0.002412709785808505,
    0.0025567152221818755,
    0.002345065965203316,
    0.0018435006270264562,
    0.0018644110866901553,
    0.0015723379245394947,
    0.0017476281617742001,
    0.001686358320418668,
    0.001543182013002537,
    0.0017866013003536693,
    0.0017263899289505981,
    0.0013299970282375036,
    0.0013816324514889634,
    0.0015543980120282738,
    0.0011317051852002915,
    0.0009854154616105368,
    0.0009059412871313621,
    0.0016034865132965542,
    0.0011614478011428482,
    0.0010489096410306632,
    0.0016225024754284152,
    0.0010454739990047375,
    0.0011083423730918163,
    0.0011349027475044346,
    0.0008149454451551147,
    0.0007874148021410211,
    0.0007129792020913098,
    0.6235800858142906,
    0.14088775430397996,
    0.029812816630213516,
    0.012626169214085152,
    0.008298879171673242,
    0.0066807191020979385
  ],
  "memory_delta_mb": 1145.4609375,
  "memory_mb": 2178.0546875,
  "method_name": "gcn",
  "metrics": {
    "test": {
      "hits_at_10": 2.1584752530812233e-05,
      "hits_at_100": 0.00047486455567786914,
      "hits_at_50": 0.00021584752530812235
    },
    "valid": {
      "hits_at_10": 0.0,
      "hits_at_100": 0.00024965048931495907,
      "hits_at_50": 0.00014979029358897544
    }
  },
  "runtime_seconds": 307.334517927,
  "seed": 42,
  "status": "completed",
  "timestamp": "20260515_134347",
  "val_metrics": [
    {
      "epoch": 10,
      "lr": 0.004969227007317548,
      "valid_hits_at_50": 0.00014979029358897544
    },
    {
      "epoch": 20,
      "lr": 0.004877665762479738,
      "valid_hits_at_50": 0.0
    },
    {
      "epoch": 30,
      "lr": 0.004727570807208826,
      "valid_hits_at_50": 0.0
    },
    {
      "epoch": 40,
      "lr": 0.004522637977440182,
      "valid_hits_at_50": 0.0
    },
    {
      "epoch": 50,
      "lr": 0.004267913399575776,
      "valid_hits_at_50": 0.00011650356168031423
    },
    {
      "epoch": 60,
      "lr": 0.003969669238105036,
      "valid_hits_at_50": 0.0
    }
  ]
}
