{
  "config": {
    "batch_size": 65536,
    "dropout": 0.2,
    "epochs": 200,
    "hidden_channels": 256,
    "learning_rate": 0.005,
    "num_layers": 3
  },
  "dataset_name": "ogbl-collab",
  "dataset_scale": 0.5,
  "device": "cuda",
  "experiment_config": {
    "dataset_name": "ogbl-collab",
    "dataset_scale": 0.5,
    "device": "cuda",
    "hyperparameters": {
      "batch_size": 65536,
      "dropout": 0.2,
      "epochs": 200,
      "hidden_channels": 256,
      "learning_rate": 0.005,
      "num_layers": 3
    },
    "ks": [
      10,
      50,
      100
    ],
    "method_name": "gcn",
    "save_result": true,
    "seed": 42
  },
  "losses": [
    1.3590199283288602,
    1.0859702258952009,
    0.8688122078690975,
    0.6124141340897348,
    0.583780235267404,
    0.4538286930398214,
    0.38791848777887916,
    0.34920105996418327,
    0.3038848466141654,
    0.288706372921536,
    0.2625470587039858,
    0.23649109700105997,
    0.20592495456492066,
    0.18777225133277636,
    0.180856031707232,
    0.15007475170301904,
    0.15359841641467284,
    0.16000325593204975,
    0.13814535778354645,
    0.13189172082278866,
    0.12526465455252894,
    0.12491494037944288,
    0.11243110730174537,
    0.10779180784329874,
    0.11701647958530091,
    0.10175187220539066,
    0.09722694507060058,
    0.09695685602740754,
    0.08537783586741374,
    0.08966867014036917,
    0.10188274288754967,
    0.17572814049245258,
    0.22665468244155418,
    0.20373476945746427,
    0.18628924421609855,
    0.12684944737134202,
    0.10258469037430015,
    0.08888098928899099,
    0.08084056720983399,
    0.07563422876332382,
    0.07508763277565714,
    0.0783442165271301,
    0.07269711653005868,
    0.06747794699599202,
    0.06669616768999617,
    0.0621388766902208,
    0.06375727462106127,
    0.06254656371307978,
    0.05920356473775786,
    0.05829864993670161,
    0.057150757257623835,
    0.058099710660174164,
    0.058262812842931284,
    0.08228844542955774,
    0.06627964652716042,
    0.05995130565487087,
    0.05553345825763303,
    0.051869454915057234,
    0.05187771774172938,
    0.05142577146573356,
    0.050569219256294214,
    0.049303329454194085,
    0.048748481523251626,
    0.0487032315286272,
    0.0503519647460526,
    0.055907194929840545,
    0.06770735502751908,
    0.06817361827448715,
    0.05445267927227936,
    0.04945916913938789,
    0.047654754823742755,
    0.04389578460544371,
    0.04140153526742922,
    0.041294348686286945,
    0.04071954865366976,
    0.040638945976540115,
    0.03922196593304278,
    0.03850446776697249,
    0.039399341105375324,
    0.03919319221307215,
    0.03814671265092275,
    0.03778609879618748,
    0.05390950834408723,
    0.5793966424606607,
    0.3347215457195663,
    0.22891595425156153,
    0.1481650282886936,
    0.10489307371660338,
    0.08513214393034146,
    0.07032947002062338,
    0.06063264225214001,
    0.0567969621509434,
    0.05204625491250389,
    0.050539635685880366,
    0.049061935013263835,
    0.047323306849478865,
    0.045633403729340834,
    0.04485173867090572,
    0.04371362538862547,
    0.043940971834203715,
    0.042006046788746844,
    0.041563255896421916,
    0.04155067502649519,
    0.041966527298969984,
    0.04035552780065278,
    0.04020546864761763,
    0.03878794821061266,
    0.03839040161770952,
    0.03846997183034795,
    0.038116868863730995,
    0.03745171336503813,
    0.03790855119209996,
    0.036994830510700585,
    0.03636730259324611,
    0.03571216352275487,
    0.03507074348461368,
    0.03538522752356189,
    0.03572776537912583,
    0.03366059318605909,
    0.033504301336881676,
    0.03327353283768644,
    0.03260809311433151,
    0.03320713880444786,
    0.03285783887386604,
    0.03262470637393159,
    0.03289961802846224,
    0.07997348570565405,
    0.3010583520386541,
    0.18839722127399747,
    0.12079838621886135,
    0.07943138121573416,
    0.06076996885649684,
    0.05152443649698961,
    0.04811654587383076,
    0.04395377903617646,
    0.04155214546459698,
    0.03949490993442713,
    0.03851673016644292,
    0.03874443233429356,
    0.03720374136290314,
    0.03649942940401913,
    0.035961806232046686,
    0.03534559039122218,
    0.035137562622874464,
    0.03403307415902473,
    0.03375707310440613,
    0.03226551482176969,
    0.032785343096218666,
    0.03216256624310118,
    0.03201198210630829,
    0.032309062607423326,
    0.031832526687945034,
    0.031114560175160223,
    0.031157582926395675,
    0.030728572180332436,
    0.030382289955872284,
    0.029960607480800525,
    0.030380409374611027,
    0.030047938735913614,
    0.030329058696666838,
    0.02919409068553662,
    0.029332753864635037,
    0.029516896540546168,
    0.02942352972457018,
    0.0289430677279364,
    0.028711981790969423,
    0.028349645293200006,
    0.028056132967304907,
    0.02957688079712083,
    0.028693131844087685,
    0.028691877238712152,
    0.03035402193052094,
    0.030028708967854614,
    0.028192203340658906,
    0.026952337861359966,
    0.027029127016101554,
    0.02691923799386564,
    0.02695273840501191,
    0.026800575962430344,
    0.027566275717656748,
    0.026575466835945454,
    0.026430884203384332,
    0.026217759003883713,
    0.026123141901896355,
    0.02740941505996333,
    0.02721181727212735,
    0.025746898771802723,
    0.025841611802236437,
    0.025359588662053994,
    0.02521788625099584,
    0.02583898769397703,
    0.02619644759940889,
    0.025828928006756027,
    0.024804762734631454,
    0.02514992455384156,
    0.026099064940668132,
    0.02506588720256393,
    0.024628017872796854,
    0.024167274532797968,
    0.023930857110714427
  ],
  "memory_delta_mb": 7.82421875,
  "memory_mb": 2196.578125,
  "method_name": "gcn",
  "metrics": {
    "test": {
      "hits_at_10": 0.22171857799650327,
      "hits_at_100": 0.4740875045867599,
      "hits_at_50": 0.41747069869843945
    },
    "valid": {
      "hits_at_10": 0.28749750349510683,
      "hits_at_100": 0.5520105186072831,
      "hits_at_50": 0.49615538246454965
    }
  },
  "runtime_seconds": 411.28384122900025,
  "seed": 42,
  "status": "completed",
  "timestamp": "20260503_124352"
}
