{
  "config": {
    "batch_size": 65536,
    "dropout": 0.2,
    "epochs": 200,
    "hidden_channels": 256,
    "learning_rate": 0.005,
    "num_layers": 3
  },
  "dataset_name": "ogbl-collab",
  "dataset_scale": 0.5,
  "device": "cuda",
  "experiment_config": {
    "dataset_name": "ogbl-collab",
    "dataset_scale": 0.5,
    "device": "cuda",
    "hyperparameters": {
      "batch_size": 65536,
      "dropout": 0.2,
      "epochs": 200,
      "hidden_channels": 256,
      "learning_rate": 0.005,
      "num_layers": 3
    },
    "ks": [
      10,
      50,
      100
    ],
    "method_name": "gcn",
    "save_result": true,
    "seed": 456
  },
  "losses": [
    1.3941862211235732,
    1.172353707370584,
    0.9605678057902571,
    0.7680220572992287,
    0.5878372022844145,
    0.46280365116042654,
    0.4044879468677402,
    0.38597206622570923,
    0.354186254955643,
    0.37290384755958217,
    0.294049166680395,
    0.32434261110446155,
    0.35578051163385854,
    0.26122750496488445,
    0.22142710255974674,
    0.19084670733993692,
    0.18007774559150225,
    0.15803036833039727,
    0.1424147574294087,
    0.13621378856154448,
    0.14728828588377832,
    0.12818935359471442,
    0.11983686722834878,
    0.1126142104187434,
    0.11370792271527848,
    0.12132925033988522,
    0.11260009756951012,
    0.09814649336014616,
    0.09085630151675624,
    0.09563994831154189,
    0.11141358497050882,
    0.09834390642473416,
    0.09621131881098198,
    0.08384842889188888,
    0.0839166309367636,
    0.08220175512812364,
    0.08222107516716418,
    0.07761384044866317,
    0.07535496124877981,
    0.07254348454784791,
    0.06845352443178604,
    0.06630509996716653,
    0.07158347896335956,
    0.10299481110809273,
    0.0958621648997533,
    0.07261511700851764,
    0.06781578431146627,
    0.06346505049309609,
    0.059788783633853294,
    0.07238552867699953,
    0.06306508045230688,
    0.05908180141206381,
    0.05949435078368025,
    0.06026015173773332,
    0.05472181634314994,
    0.05389996041594009,
    0.05428164477419009,
    0.05212079076944057,
    0.056561836591087836,
    0.0551271546424822,
    0.05046220655934488,
    0.049306855494776064,
    0.0478975195663705,
    0.0477300400957653,
    0.04644641750202376,
    0.045553240952435445,
    0.052660034460361126,
    0.10568968659520801,
    0.1331384743199315,
    0.0869302815376481,
    0.07486075074596715,
    0.06080594600404744,
    0.0543761542150439,
    0.05084503651919908,
    0.04816787915423589,
    0.04621300636296774,
    0.04467480384946502,
    0.04457753152537348,
    0.04313680027309679,
    0.04252221691743729,
    0.04260111322118963,
    0.04044433290251277,
    0.040445539883931216,
    0.04289750514708882,
    0.04202338469162924,
    0.03909952918782855,
    0.03886134635101633,
    0.04072870600842836,
    0.0392553654653188,
    0.03811471176891328,
    0.03720970493491301,
    0.037615925421870804,
    0.037845244916283965,
    0.037776735700565015,
    0.037603863690697924,
    0.036157698136623256,
    0.03492476963531759,
    0.03572921819669285,
    0.03575554109317716,
    0.03570003884749288,
    0.03585851694642835,
    0.0408313748516824,
    0.03862667100058751,
    0.035547947725971515,
    0.03423095553564787,
    0.03397768659493681,
    0.034411384397365845,
    0.03276375859588149,
    0.03354765143686622,
    0.03243822143883538,
    0.032820768451211776,
    0.03353363485406419,
    0.032081853221875234,
    0.03182935785175534,
    0.0338641294401418,
    0.03319933648532118,
    0.03162495582162524,
    0.03095240996782192,
    0.03046057708116933,
    0.029515644822424483,
    0.030843358354757825,
    0.03123518557305386,
    0.030769383505746373,
    0.03023626176469086,
    0.03001129594150939,
    0.02937268896814796,
    0.028796371859489682,
    0.028927903703400062,
    0.02847881929903763,
    0.028729301044297596,
    0.029230247282845893,
    0.04335093437945499,
    0.1497614997807817,
    0.14067335441887371,
    0.12467191617615883,
    0.13836270144916546,
    0.1304712600625291,
    0.09010186872183495,
    0.0695060866889535,
    0.05574450188931828,
    0.04794735918811513,
    0.04370597981236172,
    0.040702627951414466,
    0.03865458711224287,
    0.03674649180405304,
    0.034912991297361175,
    0.03527944181734784,
    0.0342686392187246,
    0.032739536161361264,
    0.03316234967576456,
    0.03174327486632096,
    0.03177482037373686,
    0.03139017335789336,
    0.031429864410550415,
    0.03087811044348225,
    0.03006704604347903,
    0.030038298964535307,
    0.029795063222359884,
    0.029728601514286458,
    0.029773313338681044,
    0.029385748622301585,
    0.02908000145611332,
    0.028717810985766562,
    0.028594831866781623,
    0.02773759289215852,
    0.02755298133521899,
    0.027934623040447675,
    0.028272757385639852,
    0.027634044879610468,
    0.02679091326329013,
    0.02708894339109887,
    0.02740566857458892,
    0.027329503851989023,
    0.026383000065137427,
    0.027454544475589284,
    0.026522330162769756,
    0.026346838224468438,
    0.026544185392177785,
    0.026121241643394758,
    0.02545863872722453,
    0.02535092877228669,
    0.02491200448449802,
    0.025126044240631046,
    0.02522700064470092,
    0.025504534369534256,
    0.024897943707034915,
    0.025216137712522388,
    0.025331175291082312,
    0.025231883749222236,
    0.024125950641262727,
    0.025567307244090533,
    0.02402532492274489,
    0.024506064532855195,
    0.02430828834424212,
    0.025162126427357295,
    0.024418684239918022,
    0.023770236353053562,
    0.02361493190657658,
    0.02377059849560431,
    0.023856598736878027
  ],
  "memory_delta_mb": 3.0078125,
  "memory_mb": 2185.46484375,
  "method_name": "gcn",
  "metrics": {
    "test": {
      "hits_at_10": 0.2085518789527078,
      "hits_at_100": 0.47823177707267583,
      "hits_at_50": 0.41008871333290164
    },
    "valid": {
      "hits_at_10": 0.2676918980094534,
      "hits_at_100": 0.5559549963384595,
      "hits_at_50": 0.487966846415019
    }
  },
  "runtime_seconds": 410.6132811229909,
  "seed": 456,
  "status": "completed",
  "timestamp": "20260530_105718"
}
