{
  "config": {
    "batch_size": 65536,
    "dropout": 0.0,
    "epochs": 200,
    "hidden_channels": 256,
    "learning_rate": 0.01,
    "num_layers": 3
  },
  "dataset_name": "ogbl-collab",
  "dataset_scale": 1.0,
  "device": "cuda",
  "experiment_config": {
    "dataset_name": "ogbl-collab",
    "dataset_scale": 1.0,
    "device": "cuda",
    "hyperparameters": {
      "batch_size": 65536,
      "dropout": 0.0,
      "epochs": 200,
      "hidden_channels": 256,
      "learning_rate": 0.01,
      "num_layers": 3
    },
    "ks": [
      10,
      50,
      100
    ],
    "method_name": "mlp",
    "save_result": true,
    "seed": 42
  },
  "losses": [
    1.1011859070654848,
    0.7547702861354811,
    0.7030537154157732,
    0.6648601126593269,
    0.6318900244519972,
    0.5876061111268114,
    0.6239823777478035,
    0.5454810173325316,
    0.5103129441199443,
    0.4828712989464821,
    0.46462764971893133,
    0.4791840425794625,
    0.43218447138841154,
    0.415255967352171,
    0.4063543413364366,
    0.3887510353750088,
    0.41104897712514893,
    0.3834157489103651,
    0.3923977475433273,
    0.36213737225190634,
    0.35459924960365885,
    0.34529368604547905,
    0.34126989175942746,
    0.33524764398647294,
    0.34045885338625714,
    0.32825394929672064,
    0.35888996136194046,
    0.3471321754924003,
    0.3238885863832222,
    0.3186053837171871,
    0.31514454096076366,
    0.33225945002416024,
    0.34246399428800833,
    0.3181758761217483,
    0.3096490432765178,
    0.30673840019414905,
    0.30664477446546096,
    0.30324878637782987,
    0.3074653511957512,
    0.3017292753614863,
    0.30307849292356154,
    0.3011767144363346,
    0.29919586144336535,
    0.2993941780753756,
    0.29753357305189215,
    0.294322469103975,
    0.29661144333834394,
    0.2917360389042516,
    0.30016936000836053,
    0.2939994111972846,
    0.2896727820205461,
    0.28942561594463784,
    0.28834064414513544,
    0.28385171012541,
    0.2837816573129456,
    0.2876596177299646,
    0.2842742058908624,
    0.28869958455027545,
    0.2839608687914042,
    0.27900516576629353,
    0.2818191317326345,
    0.28093934352815697,
    0.2748812360538415,
    0.2816160869634868,
    0.27593282137428854,
    0.27556737870728054,
    0.27161617375546326,
    0.27713247684981046,
    0.2737705039099537,
    0.27293281780330864,
    0.2735777901488273,
    0.26840847410342744,
    0.2696423233418835,
    0.27353435364587536,
    0.27453371673078364,
    0.30095849252661777,
    0.28666674483101995,
    0.27046691485143554,
    0.27232593777039277,
    0.26395880133722943,
    0.26331742730726954,
    0.2622298998936365,
    0.2607571905829667,
    0.26003620659245874,
    0.26443167076829727,
    0.26143933143794734,
    0.25840186691482997,
    0.2632494997287939,
    0.2617662664117986,
    0.26200179479036284,
    0.25727218140021824,
    0.2561698667088186,
    0.2606681194513755,
    0.2753854395629317,
    0.28688233735599283,
    0.2631514620378624,
    0.2553974267667322,
    0.25351729272806456,
    0.25552180325442664,
    0.25395369633378045,
    0.25421353549101156,
    0.2539172551586899,
    0.25411110221074795,
    0.2552618810557641,
    0.25135342446659054,
    0.2532595768004959,
    0.25551046557411783,
    0.25311132177210005,
    0.2518068437023741,
    0.253056545521625,
    0.2544938939936404,
    0.25388193488509686,
    0.2519384593964885,
    0.24863242760955248,
    0.25350871198020736,
    0.2501169933347217,
    0.24917533637423292,
    0.2499767746931477,
    0.2518719732625901,
    0.24894791975113548,
    0.24823342338148016,
    0.24931064804360395,
    0.24760506538779758,
    0.24876061190135484,
    0.2518675072877763,
    0.2500694977666429,
    0.24678713254727905,
    0.2460977167886184,
    0.24394439193263698,
    0.25091112268753074,
    0.24821401069719737,
    0.24736313200663276,
    0.24834230482085487,
    0.2440900769999032,
    0.24544644563152543,
    0.24405140492635785,
    0.24785510136164293,
    0.2427084105230533,
    0.24573868963165713,
    0.24709057311845534,
    0.24766696951485023,
    0.24222762746367996,
    0.2402994785768207,
    0.24864976422802154,
    0.24329665978001946,
    0.24032194805519033,
    0.2475894055702354,
    0.24501430966857063,
    0.24454216493204586,
    0.24064977713339258,
    0.23957965183654717,
    0.2392119677751643,
    0.2596487274040118,
    0.2735176504082738,
    0.2443361639278263,
    0.23925912818290795,
    0.23908045254861446,
    0.23786797908551824,
    0.23927107622673607,
    0.24094718241448693,
    0.2395270495950345,
    0.24065158386967703,
    0.24141464637149268,
    0.23706855911264194,
    0.24683634353447856,
    0.23656430491731986,
    0.2401328054315584,
    0.2402182240604609,
    0.24095332184152468,
    0.23754069581932427,
    0.23836399755525287,
    0.23821441350649408,
    0.23838517639301468,
    0.2421633145740284,
    0.23764669469621813,
    0.23788158899506986,
    0.2412638499076236,
    0.23729004102762347,
    0.24143889844293212,
    0.23628053556592446,
    0.23901620319183045,
    0.23499474776471693,
    0.23573815304842297,
    0.24277221262807847,
    0.2554074900691896,
    0.2604948321196971,
    0.2384930884797601,
    0.23414510612541978,
    0.23460407123365307,
    0.23503527816891306,
    0.23549481358083124,
    0.2356177994189198,
    0.2374634147585157,
    0.23370149818364816,
    0.23523737142822268,
    0.234750225837058,
    0.23366598791591497,
    0.2325195463483281,
    0.23255053908226825,
    0.23407365865757837
  ],
  "memory_delta_mb": 17.87890625,
  "memory_mb": 1821.3984375,
  "method_name": "mlp",
  "metrics": {
    "test": {
      "hits_at_10": 0.05732910272183729,
      "hits_at_100": 0.25819680977357595,
      "hits_at_50": 0.18057803967277516
    },
    "valid": {
      "hits_at_10": 0.08965781239597896,
      "hits_at_100": 0.30956660675054926,
      "hits_at_50": 0.22636642034485055
    }
  },
  "runtime_seconds": 106.67477443400003,
  "seed": 42,
  "status": "completed",
  "timestamp": "20260503_123610"
}
