{
  "config": {
    "batch_size": 65536,
    "dropout": 0.2,
    "epochs": 200,
    "hidden_channels": 256,
    "learning_rate": 0.005,
    "num_layers": 3
  },
  "dataset_name": "ogbl-collab",
  "dataset_scale": 0.1,
  "device": "cuda",
  "experiment_config": {
    "dataset_name": "ogbl-collab",
    "dataset_scale": 0.1,
    "device": "cuda",
    "hyperparameters": {
      "batch_size": 65536,
      "dropout": 0.2,
      "epochs": 200,
      "hidden_channels": 256,
      "learning_rate": 0.005,
      "num_layers": 3
    },
    "ks": [
      10,
      50,
      100
    ],
    "method_name": "gcn",
    "save_result": true,
    "seed": 123
  },
  "losses": [
    1.383565716580486,
    1.3708478511155782,
    1.3463746898264575,
    1.2352711904089868,
    1.0215630827097284,
    1.180830607590777,
    0.9463527209946513,
    0.8510719555089868,
    0.7226796589266339,
    0.7508602912106196,
    0.596200696740875,
    0.6243604394731457,
    1.2316305528983862,
    1.0577663952226195,
    0.6060145139456614,
    0.5595155495642038,
    0.42338396518882876,
    0.5012985620565994,
    0.4380708748658525,
    1.0811974508268658,
    1.2517089220258268,
    0.9048910416748317,
    1.218864752852903,
    0.6487668429686466,
    0.6129622948381526,
    0.5567263032314174,
    0.5173855802393168,
    0.5182655047841576,
    0.632207354179427,
    0.5995627246418253,
    0.4762066678445579,
    0.8293292179235464,
    0.5081957274941026,
    0.6172740908156602,
    0.4977094871630514,
    0.4474909263974883,
    0.4098929291462849,
    0.39838485927038036,
    0.4198036656830735,
    0.32964038037550086,
    0.338160661588739,
    0.32039457762252993,
    0.3030151309744001,
    0.27240663249020175,
    0.25772267380701436,
    0.22991227381890939,
    0.24118500137333146,
    0.2221575459122966,
    0.20412748519293775,
    0.196269506182305,
    0.19742258056384665,
    0.18734795074316085,
    0.16031542500551862,
    0.16490543894281742,
    0.13849570529514796,
    0.1648213103799681,
    0.12578868250861827,
    0.1493298291831439,
    0.12673932089627554,
    0.1308608689585981,
    0.13070089244545782,
    0.10693526196150444,
    0.14095099957114104,
    0.4234225734313184,
    0.15462885798767856,
    0.1944313256134236,
    0.21050952063047737,
    0.14909147187605507,
    0.1293404895709745,
    0.12066608012685602,
    0.09736047129858329,
    0.11092270456520202,
    0.09181243902463544,
    0.09741462215084211,
    0.10793643618356959,
    0.15698908489475694,
    0.1606118594913617,
    0.1272505240106263,
    0.10933306362116732,
    0.12559907827626648,
    0.13943718197420957,
    0.13792311769092735,
    0.14561381271236712,
    0.1388537781647581,
    0.11021370675812432,
    0.11521142283923339,
    0.11769313914448971,
    0.11008366890803613,
    0.09626147923533342,
    0.1216478510843697,
    0.11483768465677587,
    0.09689921848250024,
    0.09227822485224779,
    0.11154214381959308,
    0.09779742326939572,
    0.11445950381017046,
    0.11904833990517961,
    0.09322478770261845,
    0.08150695520302483,
    0.07596126564918475,
    0.07055191537977089,
    0.07141211345848057,
    0.06228560743835519,
    0.06053267362781934,
    0.06648771787230297,
    0.05930420693704723,
    0.05279486559460644,
    0.05676387777866149,
    0.04882065838879061,
    0.04544865320904312,
    0.04933342580222193,
    0.04276818017886091,
    0.044463953495690406,
    0.054615302888103776,
    0.051750827571432845,
    0.04694598908109002,
    0.041706030070212986,
    0.04479140789738533,
    0.038711815853095084,
    0.03907705356934983,
    0.0374713288314505,
    0.03661391933611607,
    0.03875809789293494,
    0.035586403489162144,
    0.0404984084403114,
    0.03927749739460229,
    0.039767779056234805,
    0.04061420434416617,
    0.0448075744557912,
    0.0361519195309393,
    0.03297395822117157,
    0.030992267712129852,
    0.03318817844426155,
    0.03196154001797385,
    0.03069477455853142,
    0.03279368925703327,
    0.03051130128427623,
    0.029717015529252926,
    0.032975893748803206,
    0.026895363949702763,
    0.03536426099923664,
    0.029534021803034882,
    0.02865686420107822,
    0.026200757710251522,
    0.030104310695715602,
    0.025925441633956228,
    0.029723344333550436,
    0.03814302244246206,
    0.028654947517086877,
    0.03668988707179668,
    0.033028502812460024,
    0.027141511195157706,
    0.028295924668624288,
    0.024857856913605474,
    0.026475516081299926,
    0.023140125119447515,
    0.02399462191255704,
    0.022686519204027086,
    0.02307048897529436,
    0.021575121780070157,
    0.021825888531009162,
    0.021711608117127898,
    0.023370395115075143,
    0.0364293877617846,
    0.026846347843672774,
    0.02513066988730154,
    0.02356505592012685,
    0.023634852035063773,
    0.023644968081122087,
    0.021345652810451025,
    0.02211513964811671,
    0.022091337299452833,
    0.020394539048358192,
    0.021617944647630033,
    0.0258471512848934,
    0.03949597838214399,
    0.031051030636811944,
    0.04268083328516331,
    0.04042844037770578,
    0.030961100110895312,
    0.03387472567210395,
    0.03785528970802438,
    0.030162291748741545,
    0.03258917159784965,
    0.03210466465793525,
    0.029325252877444308,
    0.02513251394562028,
    0.0243527647867716,
    0.033708245256511817,
    0.0389876173740845,
    0.02600678244536071,
    0.027749215999422202,
    0.03959934763345907,
    0.029275457706735425,
    0.0284736467774732,
    0.03167562101930942,
    0.025753973462697047,
    0.022981209304575666,
    0.02285948935310848,
    0.02366219496367178
  ],
  "memory_delta_mb": 20.19140625,
  "memory_mb": 2142.453125,
  "method_name": "gcn",
  "metrics": {
    "test": {
      "hits_at_10": 0.11817652010619699,
      "hits_at_100": 0.2990135768093419,
      "hits_at_50": 0.24293638973429169
    },
    "valid": {
      "hits_at_10": 0.14872511816789827,
      "hits_at_100": 0.35330537247853006,
      "hits_at_50": 0.29022701551161706
    }
  },
  "runtime_seconds": 104.5427707509989,
  "seed": 123,
  "status": "completed",
  "timestamp": "20260515_150740"
}
