{
  "best_epoch": 50,
  "best_val_hits_at_50": 0.0,
  "config": {
    "batch_size": 65536,
    "dropout": 0.2,
    "early_stop_patience": 10,
    "embed_channels": 256,
    "epochs": 400,
    "hidden_channels": 256,
    "learning_rate": 0.005,
    "num_layers": 3,
    "val_freq": 50
  },
  "dataset_name": "ogbl-collab",
  "dataset_scale": 0.1,
  "device": "cpu",
  "experiment_config": {
    "dataset_name": "ogbl-collab",
    "dataset_scale": 0.1,
    "device": "cpu",
    "hyperparameters": {
      "batch_size": 65536,
      "dropout": 0.2,
      "early_stop_patience": 10,
      "embed_channels": 256,
      "epochs": 400,
      "hidden_channels": 256,
      "learning_rate": 0.005,
      "num_layers": 3,
      "val_freq": 50
    },
    "ks": [
      10,
      50,
      100
    ],
    "method_name": "gcn",
    "save_result": true,
    "seed": 42
  },
  "losses": [
    1.4621926176786109,
    1.744652995007279,
    1.4519121931110912,
    1.3738890349988815,
    1.337112585851484,
    1.303673268975124,
    1.2630874415723166,
    1.2124193166373092,
    1.142445835135607,
    1.057154270778716,
    0.9456581512134871,
    0.8181850391400638,
    0.6817401735803148,
    0.548183536489604,
    0.44660556380123206,
    0.32245538739458224,
    0.2461738621729546,
    0.18264122537633176,
    0.13629281850323402,
    0.09963454904712382,
    0.07724243718488571,
    0.058934790506471754,
    0.04521835269611415,
    0.03710293745090678,
    0.031120382196606306,
    0.02581194209852047,
    0.02089485539783213,
    0.01711072574266647,
    0.01578336444356634,
    0.013189215183668484,
    0.012239038884654906,
    0.01052157267206004,
    0.01001845707324706,
    0.008502558545418749,
    0.008315866864074869,
    0.0071652166651987054,
    0.006905762173352636,
    0.006325499323766972,
    0.006172650530055973,
    0.0057075139218297965,
    0.0052826855932372446,
    0.005076333438922069,
    0.004914659541574199,
    0.00469848132721069,
    0.004694638549659089,
    0.004416668819826218,
    0.004193434979275136,
    0.004063199094580909,
    0.0038847217097236117,
    0.0036575127383410085,
    0.0038096815519334864,
    0.003478079140141286,
    0.003506663060957554,
    0.0036174330519774776,
    0.003230869844489504,
    0.0033120145988031935,
    0.0033139888153482814,
    0.003178862371617777,
    0.002937276760539365,
    0.0030339519703709164,
    0.0029412059149027184,
    0.002752860906015688,
    0.0028750823958327482,
    0.0027037356907356398,
    0.002741754991152263,
    0.002469956196705083,
    0.0024619248806374973,
    0.0024897893047390175,
    0.0024980159686826746,
    0.0024270909035689825,
    0.0023859203382482924,
    0.00233261716132014,
    0.002313663373766006,
    0.002274432851099646,
    0.002208357786040616,
    0.002123954861660765,
    0.002042141424276835,
    0.001981025900088112,
    0.0021260255925829065,
    0.002134679652106967,
    0.0019457322484982076,
    0.0019829439480586516,
    0.0017912505843648704,
    0.0019107762025560608,
    0.0019216674536975764,
    0.0017657315910812284,
    0.0017085688072103703,
    0.0018073441491257985,
    0.0020055104012640453,
    0.0016706474346239186,
    0.0017706711376118658,
    0.0018474643252595897,
    0.00182692522728896,
    0.0019784688297390597,
    0.001740121084234921,
    0.0017036823306695093,
    0.001577217745907517,
    0.0014810089864835032,
    0.001480541658385107,
    0.001558906541133154,
    0.0015829343898151156,
    0.0015266022986901184,
    0.001507657019308385,
    0.001491582130647633,
    0.0014610513380363455,
    0.001695276191112528,
    0.0013444613111519184,
    0.0018335250004572917,
    0.0013240198219927,
    0.0014094693668379081,
    0.0013728102991139197,
    0.0013574377919542639,
    0.0012255988656787468,
    0.0011809716128019577,
    0.0015543673488048317,
    0.0012348576073105994,
    0.0012854713920277471,
    0.0011870021436683048,
    0.001216829938717756,
    0.0011751842111167273,
    0.0011563636365978802,
    0.0012160077247010581,
    0.001344923766917841,
    0.0011897142325967107,
    0.0011529687969205993,
    0.0010595378139566971,
    0.001045034024043342,
    0.0011542677949416694,
    0.0009777660392334426,
    0.0011959873216191468,
    0.0009982470802901643,
    0.0010264087295823838,
    0.0010336220335594242,
    0.0010491605376577342,
    0.0010082707307090758,
    0.0009277308572667521,
    0.0009458903251455548,
    0.0008987031936267979,
    0.000842206242091361,
    0.0008854287100059632,
    0.0009268651686138489,
    0.0009080785258136518,
    0.000873568024056049,
    0.000866101354013008,
    0.0008534564275390435,
    0.0008401725745799913,
    0.0009134608140075625,
    0.0007981225506401644,
    0.0008373750521569223,
    0.0008079797374969469,
    0.0007614810423504743,
    0.0007569681781975517,
    0.0007679511906791144,
    0.0007764156582420454,
    0.0007311717166567847,
    0.000836366219497801,
    0.000830948478150383,
    0.0007382543142004634,
    0.0007530108866256176,
    0.0007095555118911307,
    0.0007417732349295653,
    0.0006780385145651578,
    0.0007075912980796819,
    0.0012228303420235406,
    0.0007189056620837775,
    0.0007427524335237367,
    0.0007951459389302458,
    0.0008058226070235322,
    0.0008062918837898103,
    0.0007753166863213743,
    0.0007419617261860729,
    0.0007171404304050864,
    0.0007364839407762718,
    0.0008165126754351551,
    0.0006809572853295851,
    0.0007451000796485204,
    0.0006790876606367557,
    0.0006514835022092099,
    0.0007821910887651168,
    0.0006376514044254551,
    0.0006365936570180972,
    0.0006635090709240111,
    0.0006524365320277641,
    0.0006023582943037941,
    0.0006671923330479992,
    0.0005915719432877987,
    0.0005824332049359068,
    0.0005837002805645108,
    0.0005685307801398441,
    0.0006202380206271384,
    0.0006017879613717713,
    0.0006187412701643908,
    0.0005849269462014881,
    0.0006729853757696842,
    0.0006109151287510831,
    0.0005934686078436042,
    0.0005782194271940645,
    0.0005589402606696968,
    0.0006898260587001486,
    0.0006083060548992329,
    0.0005262220150365435,
    0.0005431176194841988,
    0.0006443767720003599,
    0.0005176011205872905,
    0.0005351191255719989,
    0.0005184740962533386,
    0.0005168079272801835,
    0.0005091878260550757,
    0.000510600394377038,
    0.000499955843263236,
    0.0004662220052420617,
    0.0005192885696459059,
    0.0007397569647246207,
    0.00045468668375428056,
    0.0005086748013908152,
    0.0005178454058943445,
    0.0005413320040262004,
    0.0005387782981327729,
    0.000518688714040046,
    0.00048660658504544557,
    0.0005362085401892005,
    0.0005576907674222576,
    0.0005006910727822745,
    0.0005124704619541153,
    0.00048254984131303354,
    0.0006357130673407504,
    0.00048290731229697005,
    0.0005146211263184017,
    0.00048144847749119913,
    0.0004996778930374961,
    0.000495078451106434,
    0.0004607936747923179,
    0.000482608252033548,
    0.00044391385052126604,
    0.0006366664398822403,
    0.0004758384701630433,
    0.0004852336084443968,
    0.0005528911366221231,
    0.0005067729051202771,
    0.0005043507912450564,
    0.0005171755104395657,
    0.0004916101828127104,
    0.00048502116823242477,
    0.0005183087713886658,
    0.00045678125911308425,
    0.00047605267084289916,
    0.0004495769559058014,
    0.0006128385719729524,
    0.00047314389283502995,
    0.00042162197466869705,
    0.00044715844042689484,
    0.0004300329786014676,
    0.00046806127292096835,
    0.0004316865199087416,
    0.00044489548776341733,
    0.0004901461414648416,
    0.0004494309667046252,
    0.0004338611393183155,
    0.0004596132088031486,
    0.00044712090992463663,
    0.0004597735582504466,
    0.0005359806009820605,
    0.0004702027352820288,
    0.00044491287659034816,
    0.0005034899284399559,
    0.0004479425398460569,
    0.0004791920155331102,
    0.0004508101777082741,
