{
  "config": {
    "batch_size": 65536,
    "dropout": 0.2,
    "epochs": 200,
    "hidden_channels": 256,
    "learning_rate": 0.005,
    "num_layers": 3
  },
  "dataset_name": "ogbl-collab",
  "dataset_scale": 0.1,
  "device": "cuda:0",
  "experiment_config": {
    "dataset_name": "ogbl-collab",
    "dataset_scale": 0.1,
    "device": "cuda:0",
    "hyperparameters": {
      "batch_size": 65536,
      "dropout": 0.2,
      "epochs": 200,
      "hidden_channels": 256,
      "learning_rate": 0.005,
      "num_layers": 3
    },
    "ks": [
      10,
      50,
      100
    ],
    "method_name": "gcn",
    "save_result": true,
    "seed": 42
  },
  "losses": [
    1.3818270509345432,
    1.393108311557248,
    1.3731758082440264,
    1.3696619221466622,
    1.34515576210445,
    1.3025269652660614,
    1.2126551999688264,
    1.262693827470029,
    1.188467136975701,
    1.1257674116249339,
    1.1422630964054072,
    1.0661068804436657,
    0.9585536434148834,
    0.9230612487749695,
    1.0691271206829203,
    0.88753920915063,
    0.7914337721041235,
    0.7404375794825524,
    0.669881339196733,
    0.6406755146712961,
    0.5573855197878063,
    1.199981669697475,
    0.9282846922051649,
    0.5635768604381692,
    0.5828665809055851,
    0.5444668940781768,
    0.506970900027464,
    0.4545237360266621,
    0.4400994261529659,
    0.39591498880368964,
    0.4616916504940971,
    0.6400748060827497,
    0.47832098111796534,
    0.4669616145240073,
    0.38108196669137284,
    0.3550054299581658,
    0.37145158606203227,
    0.41467381714763474,
    0.4363051171038605,
    0.33430676696551354,
    0.3566724134630983,
    0.37489462385326844,
    0.37093799420351653,
    0.3160169427987653,
    0.30125201479669067,
    0.324267057968376,
    0.33889591593378593,
    0.3107767600138817,
    0.2877831824524177,
    0.26840644628409843,
    0.2737316600760048,
    0.2735778106653702,
    0.2724236882003147,
    0.2535204858961595,
    0.2540775168930866,
    0.2340085669485628,
    0.22190609027067873,
    0.21133523837087678,
    0.20556633888722214,
    0.19884099689830093,
    0.1958760436137241,
    0.1949775054140262,
    0.18933461903084994,
    0.17978210819444454,
    0.1755876372382566,
    0.1751129700721895,
    0.16622952462016138,
    0.1689343554278952,
    0.16162578413911227,
    0.16088782900690876,
    0.16405914062120286,
    0.16415445698232203,
    0.16007042321991077,
    0.14777868860795962,
    0.16936566069059297,
    0.16243488741274387,
    0.15487447048316935,
    0.13704328479615843,
    0.1290462944395472,
    0.10718247623779478,
    0.10305882898745386,
    0.09682145032716219,
    0.09602948400887423,
    0.10662530336375303,
    0.10162882146858683,
    0.09129603547833004,
    0.09470406713138822,
    0.08445542735756922,
    0.08420428111981781,
    0.08974248844776175,
    0.07377088303850289,
    0.08532711378865092,
    0.07321357307706412,
    0.07663838317348658,
    0.07326661527345141,
    0.06740289044870047,
    0.07008952540249716,
    0.07518380752822976,
    0.06484487298799428,
    0.0719040607732194,
    0.05837490476308006,
    0.06916193634765778,
    0.060854786250810276,
    0.05550309529069963,
    0.06267754540329525,
    0.06450899135006843,
    0.05639544454175377,
    0.06827565374387685,
    0.08917642743075341,
    0.06852148460156893,
    0.05558945463380965,
    0.07149430123295202,
    0.06450495242896838,
    0.05705872451399408,
    0.06403451548114159,
    0.054386175010051746,
    0.07058131077164236,
    0.07251139961463957,
    0.07477066460029248,
    0.05324424576096587,
    0.06095780565188433,
    0.052848815355944545,
    0.06715027045425853,
    0.07312831378034658,
    0.06207533222261991,
    0.04887974682365492,
    0.047419345633631815,
    0.044207970033589374,
    0.04320468765317238,
    0.04364074196997128,
    0.040521179971844686,
    0.03877258258449339,
    0.037577411315023665,
    0.037309708021649735,
    0.05348407440009167,
    0.03795770839059542,
    0.05185340599573466,
    0.03861356783423036,
    0.053824078296899475,
    0.052492566388527714,
    0.04374905803662757,
    0.04682389938172496,
    0.04550525561685346,
    0.04132464789446542,
    0.041142361937037436,
    0.039140623010589765,
    0.0362329776384975,
    0.03986676746963479,
    0.039703455530614135,
    0.044467852028022566,
    0.050329678826513374,
    0.043009686109114126,
    0.03897802292154337,
    0.03673738872076379,
    0.0368585033468704,
    0.03103876530281774,
    0.03209936526687686,
    0.03345299798682933,
    0.03417320745002222,
    0.032339481969789856,
    0.030120533576415982,
    0.03748039752270226,
    0.051399307445846164,
    0.04830849773732868,
    0.03918556988923019,
    0.03504217168581096,
    0.04317822759504749,
    0.03427582298384576,
    0.03281570824060543,
    0.032245133770592245,
    0.03006103051794209,
    0.032163319571663226,
    0.029058483588961435,
    0.03404352302287395,
    0.04099619463711723,
    0.03525707119132927,
    0.04251989198796551,
    0.047853103849011105,
    0.034754819918728315,
    0.04553192274844892,
    0.046882804681943786,
    0.03317392865215381,
    0.038912626680405835,
    0.04422071585334933,
    0.03733056943604072,
    0.032322892259038144,
    0.029517458030310004,
    0.03100467630085837,
    0.02976188397260991,
    0.028789315748583632,
    0.02731766069838652,
    0.026868692286668664,
    0.028804599799430328,
    0.03446804972119921,
    0.03343372739224932,
    0.030178925670684333,
    0.027987450782643603,
    0.027357305749877357,
    0.027406078138114246,
    0.026814904183340177
  ],
  "memory_delta_mb": 1023.0390625,
  "memory_mb": 2923.484375,
  "method_name": "gcn",
  "metrics": {
    "test": {
      "hits_at_10": 0.085756221804917,
      "hits_at_100": 0.2769755444753826,
      "hits_at_50": 0.19875240130371905
    },
    "valid": {
      "hits_at_10": 0.1073497104054324,
      "hits_at_100": 0.3188369615871114,
      "hits_at_50": 0.23605285933027095
    }
  },
  "runtime_seconds": 51.71311329799937,
  "seed": 42,
  "status": "completed",
  "timestamp": "20260503_134703"
}
