{
  "config": {
    "batch_size": 65536,
    "dropout": 0.0,
    "epochs": 200,
    "hidden_channels": 256,
    "learning_rate": 0.01,
    "num_layers": 3
  },
  "dataset_name": "ogbl-collab",
  "dataset_scale": 1.0,
  "device": "cuda",
  "experiment_config": {
    "dataset_name": "ogbl-collab",
    "dataset_scale": 1.0,
    "device": "cuda",
    "hyperparameters": {
      "batch_size": 65536,
      "dropout": 0.0,
      "epochs": 200,
      "hidden_channels": 256,
      "learning_rate": 0.01,
      "num_layers": 3
    },
    "ks": [
      10,
      50,
      100
    ],
    "method_name": "mlp",
    "save_result": true,
    "seed": 123
  },
  "losses": [
    1.1135557768481679,
    0.7716195996418337,
    0.7115093821238281,
    0.6693468756792081,
    0.6208462797439139,
    0.5778194216227527,
    0.5345876494804691,
    0.5423750609036828,
    0.5093692243408597,
    0.47626109118031107,
    0.450694327032097,
    0.43385267707703346,
    0.4335489622008486,
    0.3970090311128682,
    0.427393325746644,
    0.38975005492562503,
    0.3910396845869966,
    0.36466688017541465,
    0.3488623911109045,
    0.3419334650254422,
    0.3558117926475842,
    0.33900236135697287,
    0.33416995107695874,
    0.343896921559215,
    0.36855701077358216,
    0.3371751705207587,
    0.3299629949330891,
    0.325446282708805,
    0.3184377997878561,
    0.3153973283936847,
    0.31207684293900767,
    0.31293368721122916,
    0.3116450518596051,
    0.3132756841862829,
    0.30796868614604594,
    0.30451341126790493,
    0.32048360097776846,
    0.330544523101989,
    0.3134113063669915,
    0.30615172979645766,
    0.3137133620238531,
    0.3064971273663047,
    0.3027203659516713,
    0.29379569808833633,
    0.29152846884228095,
    0.290548168378137,
    0.2892187980992374,
    0.2910319283939131,
    0.2922954145173551,
    0.2877254997203373,
    0.28759555148978394,
    0.3022855462278249,
    0.28799159401774965,
    0.28487506012234737,
    0.2838188688928768,
    0.28419466090733014,
    0.2895697086570949,
    0.2817311600236728,
    0.28012082505981517,
    0.2946263924322204,
    0.2863225884097125,
    0.2792775802321637,
    0.2759697260985737,
    0.28220130405372706,
    0.2792447861340574,
    0.2754325970785874,
    0.27531625487369793,
    0.2796841324777436,
    0.2761515225265776,
    0.2738096801658499,
    0.2735993112509386,
    0.27464345760170633,
    0.2730539406899472,
    0.2738118435605982,
    0.27255086260543465,
    0.27168432881577553,
    0.2708500984549482,
    0.27744706906945094,
    0.26913912508545074,
    0.26931083586201066,
    0.2701855157398694,
    0.2684259369923314,
    0.26931873838644543,
    0.26897386047894256,
    0.2660654874613383,
    0.2660490242467677,
    0.2675129367090494,
    0.2694579146699474,
    0.26494026071146576,
    0.26435471093753354,
    0.2621840573962176,
    0.2700961826769818,
    0.2701490016270771,
    0.261256861766095,
    0.26074782828342796,
    0.26120973052011637,
    0.2625046851359057,
    0.26328999988913754,
    0.2606847646887842,
    0.2650307586153265,
    0.25930850097140007,
    0.26070201737507753,
    0.2619391827235055,
    0.2622405814593826,
    0.2588098938119546,
    0.25991953716249183,
    0.2584107655898501,
    0.26392415850470025,
    0.254846999702443,
    0.2562728422337658,
    0.25746225321205074,
    0.25448321743001495,
    0.25705708342719447,
    0.25827904881440694,
    0.25347164912585907,
    0.2624681040120461,
    0.2568264764337027,
    0.26036108334834274,
    0.25543630576336185,
    0.2578138779177255,
    0.25355505156662944,
    0.2562293892631661,
    0.25388605455187524,
    0.25085188723665053,
    0.25520468808741337,
    0.25376958021917406,
    0.25133339143855976,
    0.25279117784396654,
    0.25230434732063517,
    0.25337717017980294,
    0.251418635870384,
    0.2502699825789529,
    0.2522391870166984,
    0.25316952761251066,
    0.25044888687114863,
    0.24806799102901578,
    0.25616427990864016,
    0.2563868698818705,
    0.2784979139126501,
    0.26877310564755996,
    0.25238787552059777,
    0.24749048822326003,
    0.24718962813997078,
    0.2453539927886167,
    0.24934192105736408,
    0.2515208196476607,
    0.2492187812538716,
    0.24944612471754177,
    0.2510694529199814,
    0.24904847152693851,
    0.2497750550657833,
    0.2474555438836958,
    0.24454356337091232,
    0.24307290180807178,
    0.24325210930244656,
    0.24524414000320588,
    0.24714704107231286,
    0.2452296398124263,
    0.25902060874381694,
    0.2697242274975702,
    0.2505146491553966,
    0.2432160163239513,
    0.24349347016979878,
    0.25243747012750356,
    0.24645342753016636,
    0.24404809954343445,
    0.24337843911968174,
    0.24176770899233468,
    0.24383916149225127,
    0.2439464006861885,
    0.2402701961834444,
    0.24201390804509704,
    0.24291505377453423,
    0.2538609877399859,
    0.25022097017889666,
    0.24206135907762943,
    0.24075258201336983,
    0.24143058420283553,
    0.24065091956244064,
    0.24112122928756546,
    0.2445631570693993,
    0.2405335244530566,
    0.23990769665190517,
    0.24004673099924714,
    0.23951900996650002,
    0.2459439449059673,
    0.24445370451936177,
    0.23794977461766814,
    0.23707470492664995,
    0.2424483090129641,
    0.24907235889642235,
    0.24741019665036645,
    0.24101333690851223,
    0.23684824778787747,
    0.23729849560842667,
    0.24158395925278686,
    0.2438697798074895,
    0.2436362513948951,
    0.2388142506187068,
    0.23578665222017015
  ],
  "memory_delta_mb": 6.9921875,
  "memory_mb": 1810.08984375,
  "method_name": "mlp",
  "metrics": {
    "test": {
      "hits_at_10": 0.055688661529495566,
      "hits_at_100": 0.26026894601653394,
      "hits_at_50": 0.1693755531092836
    },
    "valid": {
      "hits_at_10": 0.08226815791225617,
      "hits_at_100": 0.3138605951667665,
      "hits_at_50": 0.2140003994407829
    }
  },
  "runtime_seconds": 105.68746013392229,
  "seed": 123,
  "status": "completed",
  "timestamp": "20260530_103227"
}
