{
  "config": {
    "batch_size": 65536,
    "dropout": 0.0,
    "epochs": 200,
    "hidden_channels": 256,
    "learning_rate": 0.01,
    "num_layers": 3
  },
  "dataset_name": "ogbl-collab",
  "dataset_scale": 0.1,
  "device": "cuda",
  "experiment_config": {
    "dataset_name": "ogbl-collab",
    "dataset_scale": 0.1,
    "device": "cuda",
    "hyperparameters": {
      "batch_size": 65536,
      "dropout": 0.0,
      "epochs": 200,
      "hidden_channels": 256,
      "learning_rate": 0.01,
      "num_layers": 3
    },
    "ks": [
      10,
      50,
      100
    ],
    "method_name": "mlp",
    "save_result": true,
    "seed": 42
  },
  "losses": [
    1.3974881611365377,
    1.3718964568834906,
    1.3257725446229571,
    1.2189323868906623,
    1.081042150611727,
    0.9178881952454331,
    0.9888124485637875,
    0.8953357461056815,
    0.8532596960625248,
    0.818462345581019,
    0.8012389601260205,
    0.8131888142569739,
    0.8006785393115102,
    0.7679020011724799,
    0.7499540050290305,
    0.7617120054764964,
    0.7444346046479097,
    0.7349289268994573,
    0.7375504246458117,
    0.7308741651182538,
    0.7223542306184678,
    0.720039792479634,
    0.7189201446087284,
    0.7089814301797095,
    0.7065547890797821,
    0.7060482502554892,
    0.7029208690032952,
    0.695267583991648,
    0.6898346132113073,
    0.6864254872326045,
    0.6825941818855751,
    0.6818648712744538,
    0.6805880968036161,
    0.6728856652268602,
    0.6795284112225426,
    0.672756728367781,
    0.6710142342382338,
    0.6678926304275311,
    0.6642436279433005,
    0.6673656647838581,
    0.6597728258467151,
    0.6572855437369621,
    0.6555541045418738,
    0.6567303142446097,
    0.6530545128559087,
    0.6486374220817347,
    0.6437107532964975,
    0.6380135189323681,
    0.6378060346007433,
    0.6335163497827743,
    0.6313703014940499,
    0.6245156342501677,
    0.6187426720572046,
    0.6166084154407151,
    0.611304090822892,
    0.6072195414595768,
    0.6041791143886895,
    0.598654386135899,
    0.5941643342631681,
    0.5925355680353551,
    0.5879385528115137,
    0.5807650938434843,
    0.5751302083340074,
    0.6106166916662771,
    0.6192538604224326,
    0.585853929852495,
    0.5895138826489948,
    0.6084780945845027,
    0.5918316663335255,
    0.5791735888851958,
    0.5755409359396083,
    0.5710925750764574,
    0.56054382950774,
    0.5504516820781008,
    0.5478964713864298,
    0.552351396618987,
    0.5411490242291456,
    0.5415910740844228,
    0.5356716405940437,
    0.5314962358330352,
    0.5292341895263405,
    0.528449402451591,
    0.5205065694101378,
    0.5210432319588336,
    0.5200908151899736,
    0.5133311808834721,
    0.50819715610933,
    0.507281626229836,
    0.5047048066627039,
    0.5137482654077246,
    0.5797832070767569,
    0.5574049605586582,
    0.5553277215042226,
    0.5264204240584363,
    0.5430916852741963,
    0.5619328281067644,
    0.5318444061166058,
    0.5187280423743019,
    0.505377015896231,
    0.4974226005780758,
    0.4927227004015902,
    0.49150915119434746,
    0.4861882215379117,
    0.48020970362206716,
    0.4861646561051673,
    0.4912127984987608,
    0.47304366403451875,
    0.48035456100309337,
    0.4860256000550101,
    0.46639000392790225,
    0.4723483671355827,
    0.4730142606598372,
    0.4597465952593004,
    0.4611705801835381,
    0.4671377414510701,
    0.45280762058011925,
    0.45961695689113835,
    0.4497450288867461,
    0.4412288307678527,
    0.4423661130102307,
    0.44032381940300513,
    0.4430375530144867,
    0.43725883629398793,
    0.4326552497557539,
    0.43842613857204255,
    0.4269622494239074,
    0.4306308016252398,
    0.44204051473113315,
    0.46398522979425244,
    0.444239459544424,
    0.4239929372459204,
    0.4343481054192185,
    0.4198112548560335,
    0.4284555457156101,
    0.418989620958544,
    0.4173643171349978,
    0.41944725419303086,
    0.4148287309979893,
    0.4068676206839711,
    0.4198933354680216,
    0.4415044811384545,
    0.44163027511976194,
    0.4073106089755934,
    0.41589618598725786,
    0.4048414773274447,
    0.4062187226169675,
    0.4081499933610056,
    0.3969584802375344,
    0.39894169538633084,
    0.3913886689365297,
    0.3911275514072703,
    0.3882410527069319,
    0.4013006458032334,
    0.4413741659700534,
    0.4669926077250048,
    0.405198600517066,
    0.42523618588581635,
    0.42113103588585593,
    0.40071001249634425,
    0.4153374101219223,
    0.4339669000773347,
    0.40768705813551387,
    0.40662919735060227,
    0.41870995986795795,
    0.40793002206432644,
    0.39139811399353963,
    0.3852212115033458,
    0.3868250289287262,
    0.3837680290051278,
    0.3757603826173404,
    0.38375601462344017,
    0.37506696254306915,
    0.37139006865666085,
    0.36886604998555683,
    0.36933319133877285,
    0.36619881853605973,
    0.36656782530751486,
    0.3640663669135733,
    0.36175646521016785,
    0.36733166077862833,
    0.36943672237685,
    0.36568444021016777,
    0.35938078896052295,
    0.3624692639818851,
    0.36477093221748874,
    0.3601923054651088,
    0.361042900102334,
    0.3566650994373214,
    0.3513323876336151,
    0.3543650828421022,
    0.35734236609879644,
    0.36631094837081546,
    0.40974203928964475,
    0.43075301153964857,
    0.3693596981205784,
    0.38325774101025833,
    0.3957952087561262,
    0.383561715087961,
    0.3823464608335004,
    0.398659687248038
  ],
  "memory_delta_mb": 661.34375,
  "memory_mb": 1751.26171875,
  "method_name": "mlp",
  "metrics": {
    "test": {
      "hits_at_10": 0.01670659845884867,
      "hits_at_100": 0.060437307086274254,
      "hits_at_50": 0.03889572406052365
    },
    "valid": {
      "hits_at_10": 0.02816057519472738,
      "hits_at_100": 0.08667864989015378,
      "hits_at_50": 0.05795220025297916
    }
  },
  "runtime_seconds": 11.280184168999767,
  "seed": 42,
  "status": "completed",
  "timestamp": "20260503_123329"
}
