{
  "config": {
    "batch_size": 65536,
    "dropout": 0.2,
    "epochs": 200,
    "hidden_channels": 256,
    "learning_rate": 0.005,
    "num_layers": 3
  },
  "dataset_name": "ogbl-collab",
  "dataset_scale": 0.5,
  "device": "cuda",
  "experiment_config": {
    "dataset_name": "ogbl-collab",
    "dataset_scale": 0.5,
    "device": "cuda",
    "hyperparameters": {
      "batch_size": 65536,
      "dropout": 0.2,
      "epochs": 200,
      "hidden_channels": 256,
      "learning_rate": 0.005,
      "num_layers": 3
    },
    "ks": [
      10,
      50,
      100
    ],
    "method_name": "gcn",
    "save_result": true,
    "seed": 42
  },
  "losses": [
    1.3590199018847753,
    1.0859936703001762,
    0.8588981474892478,
    0.6172783803073624,
    0.5086308514449905,
    0.4179646241910291,
    0.3712555211569304,
    0.33516007996864683,
    0.3000429053641815,
    0.26964794454814717,
    0.24481238363669489,
    0.39682242784071176,
    0.3332075997579165,
    0.27183535087590405,
    0.27120101716751405,
    0.23923851553426984,
    0.21516762568295056,
    0.18821603120765956,
    0.16402824477136202,
    0.14121969280751184,
    0.1330965324815062,
    0.12657231694215987,
    0.11992432930696129,
    0.11653488550837932,
    0.12430857181248181,
    0.12496504094980893,
    0.11485776624782253,
    0.10114274464993588,
    0.1027733844079841,
    0.09209656924356521,
    0.09725462588296274,
    0.08878389609085968,
    0.08508785187474979,
    0.08208549382601985,
    0.08490198859915776,
    0.09409384037944377,
    0.08884461187433244,
    0.08243599428282856,
    0.07880168723929855,
    0.07211843719640568,
    0.06879455049015051,
    0.07063796942498525,
    0.07470275937347366,
    0.0666630543997133,
    0.07320383812953876,
    0.07196646061464154,
    0.07259671575111012,
    0.06200135744001547,
    0.06171583491548955,
    0.06003505225844641,
    0.05690187412486651,
    0.05999324879010763,
    0.06841635874656986,
    0.08378687042826999,
    0.07252277957602822,
    0.06194115751004505,
    0.05538599524875661,
    0.05319673597558573,
    0.051354145971257995,
    0.051289001597678796,
    0.04953387115337395,
    0.050412056670004105,
    0.050187667871633264,
    0.06683815803329418,
    0.22527795321493363,
    0.1280558741659826,
    0.09174924709052296,
    0.07274330232897293,
    0.05982203025628518,
    0.05413056047201498,
    0.05149911181439974,
    0.04865253351304912,
    0.0491199549520923,
    0.04908742640511905,
    0.047161327151704256,
    0.044995891161000036,
    0.043111143880440975,
    0.04385257354969554,
    0.042938943874508265,
    0.042902371744992306,
    0.04406472606287298,
    0.042910415857377884,
    0.03956860666035597,
    0.04048358997061627,
    0.04119509317592455,
    0.039562010328623616,
    0.05299696078508063,
    0.08370416208942486,
    0.061669940423450705,
    0.05093201310270225,
    0.044209920396030354,
    0.042038384550538856,
    0.03987925854003808,
    0.0391219257038645,
    0.037898493629774245,
    0.036996941862310666,
    0.036660785718684176,
    0.03622883932835841,
    0.03589259153077128,
    0.035694120977022306,
    0.03508690610651443,
    0.036354971590705165,
    0.0369338145799807,
    0.035567820642007766,
    0.03593237463956988,
    0.03946095253957821,
    0.036747354011733034,
    0.034894551486991186,
    0.03442207018102889,
    0.033839092759662376,
    0.03428784570691355,
    0.032998112285585336,
    0.03286382178264796,
    0.03205875033229368,
    0.03188736685723473,
    0.03224297163452462,
    0.03214031891511355,
    0.03241109614419462,
    0.03382211770031793,
    0.03431594591424533,
    0.030852479620432537,
    0.031109961393392796,
    0.030758793289157704,
    0.030788177329247865,
    0.03226404224704431,
    0.03243126064780195,
    0.03050519001849547,
    0.03004357502770116,
    0.029607312617271814,
    0.030436591564011906,
    0.029585267942552555,
    0.029026558241175223,
    0.028431283677013818,
    0.029731125542249107,
    0.02818047027802925,
    0.028261479552605044,
    0.027859555619405067,
    0.028019246375644062,
    0.02925270420115856,
    0.03026642510800303,
    0.02924191005980448,
    0.027975644912586677,
    0.027197960516643128,
    0.028329967723997165,
    0.02686681036845263,
    0.027138746798463936,
    0.02628274496494732,
    0.027920420894111595,
    0.026124443071346905,
    0.026661346466347012,
    0.027418600341438643,
    0.026785797869813457,
    0.026299065343077976,
    0.028655705863831187,
    0.026748988358491425,
    0.026005189275380872,
    0.02599996074450052,
    0.025159199371061543,
    0.027119207379947483,
    0.028475783842409372,
    0.02631128930984525,
    0.025970081751815914,
    0.025713446607660614,
    0.025047391891639594,
    0.024243216228198958,
    0.024578260898163725,
    0.024440600040544658,
    0.02411269633428657,
    0.024694370896644623,
    0.025387066696237588,
    0.025298472478847422,
    0.02423803151986518,
    0.02411785823550955,
    0.02360194907904877,
    0.02389180252584421,
    0.02284258171373296,
    0.02331237463907233,
    0.02399309271940919,
    0.02333489410721739,
    0.02514040559976237,
    0.023686474543204043,
    0.02401629564678505,
    0.02344712318136694,
    0.023175489199296184,
    0.023807560342096332,
    0.02382537196962512,
    0.02316259531496209,
    0.023154880669611085,
    0.022047064654028593,
    0.022728395931994744,
    0.02314009936097507,
    0.02201408239409547,
    0.02212753144069758,
    0.022621053169608368,
    0.022472130324477785,
    0.024602702368197078,
    0.025745809237875644,
    0.026003996669056208,
    0.02319919718332479,
    0.02139264288267847
  ],
  "memory_delta_mb": 22.078125,
  "memory_mb": 2151.765625,
  "method_name": "gcn",
  "metrics": {
    "test": {
      "hits_at_10": 0.21690517818213215,
      "hits_at_100": 0.4788577348960694,
      "hits_at_50": 0.4111463662069114
    },
    "valid": {
      "hits_at_10": 0.28138938818986753,
      "hits_at_100": 0.5575361161041209,
      "hits_at_50": 0.48991412023167563
    }
  },
  "runtime_seconds": 421.88685162899856,
  "seed": 42,
  "status": "completed",
  "timestamp": "20260515_150227"
}
