{
  "config": {
    "batch_size": 65536,
    "dropout": 0.0,
    "epochs": 200,
    "hidden_channels": 256,
    "learning_rate": 0.001,
    "num_layers": 3
  },
  "dataset_name": "ogbl-collab",
  "dataset_scale": 1.0,
  "device": "cuda",
  "experiment_config": {
    "dataset_name": "ogbl-collab",
    "dataset_scale": 1.0,
    "device": "cuda",
    "hyperparameters": {
      "batch_size": 65536,
      "dropout": 0.0,
      "epochs": 200,
      "hidden_channels": 256,
      "learning_rate": 0.001,
      "num_layers": 3
    },
    "ks": [
      10,
      50,
      100
    ],
    "method_name": "gcn",
    "save_result": true,
    "seed": 42
  },
  "losses": [
    1.2648341364193931,
    1.004110596633993,
    0.73622242015345,
    0.479780114626257,
    0.4260339503233866,
    0.3757538487617426,
    0.34042054199251714,
    0.31936322769113784,
    0.3018978622345159,
    0.28355325495859496,
    0.2701383331337365,
    0.24780605914935588,
    0.23192527326791923,
    0.21488034083944313,
    0.19918270211566208,
    0.18425524138528881,
    0.17444088065182564,
    0.16561434470469927,
    0.15825213084140793,
    0.24543416369123833,
    0.18639971595636354,
    0.2021637343750035,
    0.16129583537165867,
    0.14910578609746575,
    0.14407295489643007,
    0.14023030400972805,
    0.13675101414316634,
    0.13342990717661263,
    0.12936609496598367,
    0.12718460696281517,
    0.12489093684090312,
    0.12265777100792012,
    0.11568029877370588,
    0.10751971681297544,
    0.1036706064442959,
    0.11286003965808326,
    0.11546134679095801,
    0.1120174299025507,
    0.10114428498004602,
    0.09631884918346577,
    0.095659488076751,
    0.09501205994107562,
    0.1273309775136259,
    0.10528306241510062,
    0.09384246689131624,
    0.09025100403356177,
    0.0967004163456246,
    0.10445720436184878,
    0.09824585148066194,
    0.09410827223249303,
    0.08485700286150898,
    0.08302730902836987,
    0.08228030329281004,
    0.10456170692052542,
    0.13938203426071927,
    0.09968740567963574,
    0.08298158100281547,
    0.07899078181291247,
    0.07682791099097432,
    0.07605140617931334,
    0.12893971642279964,
    0.10803446476910226,
    0.08905063514703297,
    0.07821027477228357,
    0.07401333336078914,
    0.07334476010616883,
    0.07252464503838377,
    0.07470553986664268,
    0.07089297447501987,
    0.07007914776100597,
    0.06893788978932093,
    0.07582079332862181,
    0.0827068928464673,
    0.07562038969180578,
    0.0688382595895199,
    0.06584598995298521,
    0.06478271988455891,
    0.06545135454363804,
    0.06465317813722717,
    0.06486757066656502,
    0.06273106852913406,
    0.061700236067554357,
    0.06375559294388548,
    0.06299461408909317,
    0.0629455468587209,
    0.060579945780724724,
    0.05848167194976345,
    0.11112075392292385,
    0.13331069631405393,
    0.08659690763945956,
    0.0651174409341802,
    0.0602125667164313,
    0.05851937263977497,
    0.05878095175060917,
    0.05840084440194934,
    0.05859923421772811,
    0.05605306072280482,
    0.057191277829977065,
    0.0555148350178502,
    0.05575010256858948,
    0.05704773514196017,
    0.05350490327438005,
    0.05531084768725528,
    0.055726226533081125,
    0.05356906093505484,
    0.05455929491299612,
    0.053819031101386645,
    0.05604306522538793,
    0.05726410245273675,
    0.053362618263770166,
    0.05115922385759276,
    0.05268181825868661,
    0.05208508017174859,
    0.05093622063760111,
    0.0496388182580599,
    0.04962178847174245,
    0.052978759085813606,
    0.06137465115702799,
    0.049193670189590886,
    0.048848418006008844,
    0.04858825894403098,
    0.050710498414889976,
    0.04793433732545009,
    0.047030379280094035,
    0.048215462709095776,
    0.04724341372324089,
    0.04685781443156721,
    0.04734327017214306,
    0.047922692496831044,
    0.06389563794110273,
    0.04850001645777719,
    0.04508008840322278,
    0.0480849367328204,
    0.045613039993356704,
    0.044918280113478135,
    0.04576654183143121,
    0.044204573930036795,
    0.04409586394959896,
    0.045001127623245527,
    0.045953550724071396,
    0.04585878369730754,
    0.04321889736824392,
    0.044272170167711046,
    0.04602641604575681,
    0.04509682005491013,
    0.04235006289895916,
    0.042757759541388884,
    0.04307187755984487,
    0.04176632490211774,
    0.042285327212839806,
    0.041380468970646525,
    0.04137942830026197,
    0.04157808906669182,
    0.04027628423917594,
    0.04132455370809081,
    0.03994001219950513,
    0.04071341626483894,
    0.04121202707792843,
    0.042016432340031475,
    0.04234080527509456,
    0.039548162097908575,
    0.03921241682741459,
    0.04026182216940851,
    0.038947447959837435,
    0.03821495468997613,
    0.040176629841739975,
    0.03982374445906924,
    0.03855651368445562,
    0.038446002055250734,
    0.038326225577850724,
    0.03940213964928534,
    0.0385629947215098,
    0.03663641762125387,
    0.03943517435786144,
    0.037377988833934686,
    0.037057437530672546,
    0.037660249342512574,
    0.03875035857089792,
    0.04543246273990798,
    0.044049625066192116,
    0.037919049944194406,
    0.036208048793383414,
    0.03599621280001062,
    0.03548412280118466,
    0.03662556110645322,
    0.035888155214153214,
    0.036265047856913084,
    0.03669624697571498,
    0.034887662450213144,
    0.03634239369563436,
    0.03563192615419184,
    0.036319964295020206,
    0.04326606363907684,
    0.03922414975247683,
    0.03496677702375195,
    0.03603206447178193,
    0.042477223369573686,
    0.03998870216051572,
    0.03411963640397291,
    0.03352871584130611
  ],
  "memory_delta_mb": 405.3984375,
  "memory_mb": 2161.29296875,
  "method_name": "gcn",
  "metrics": {
    "test": {
      "hits_at_10": 0.23678473526301022,
      "hits_at_100": 0.504306158129897,
      "hits_at_50": 0.442811198169613
    },
    "valid": {
      "hits_at_10": 0.30064576259902803,
      "hits_at_100": 0.5840656414353239,
      "hits_at_50": 0.522601690965981
    }
  },
  "runtime_seconds": 1120.974981872001,
  "seed": 42,
  "status": "completed",
  "timestamp": "20260502_205842"
}
