{
  "config": {
    "batch_size": 65536,
    "dropout": 0.0,
    "epochs": 200,
    "hidden_channels": 256,
    "learning_rate": 0.01,
    "num_layers": 3
  },
  "dataset_name": "ogbl-collab",
  "dataset_scale": 1.0,
  "device": "cuda",
  "experiment_config": {
    "dataset_name": "ogbl-collab",
    "dataset_scale": 1.0,
    "device": "cuda",
    "hyperparameters": {
      "batch_size": 65536,
      "dropout": 0.0,
      "epochs": 200,
      "hidden_channels": 256,
      "learning_rate": 0.01,
      "num_layers": 3
    },
    "ks": [
      10,
      50,
      100
    ],
    "method_name": "mlp",
    "save_result": true,
    "seed": 456
  },
  "losses": [
    1.126011279248533,
    0.7708873318678208,
    0.7151449856748718,
    0.6798741343954294,
    0.6346797577307481,
    0.6070743723796614,
    0.5761198339543877,
    0.5315543034611072,
    0.4984130111539052,
    0.5213907746655116,
    0.46179012313480544,
    0.4371410011066282,
    0.42035783927869974,
    0.4769234088982628,
    0.41343133081702327,
    0.39039764592762594,
    0.37285326742651687,
    0.3616151165594274,
    0.35898861471005133,
    0.3485926628765534,
    0.3515365183036355,
    0.34346262459266996,
    0.34845604783363254,
    0.3331442111511034,
    0.33599022278934515,
    0.33597329801120174,
    0.32398841151950514,
    0.31929217819910116,
    0.3191102128150027,
    0.31236715681409405,
    0.3313052221779165,
    0.31358595017847535,
    0.3075258305054197,
    0.3073150068696919,
    0.3038841004736644,
    0.31220599230427737,
    0.30752374930463194,
    0.31108305144398485,
    0.30657446754912826,
    0.2985386119132343,
    0.2957264618275121,
    0.29450203941720526,
    0.2946095241768071,
    0.2961544725290864,
    0.29010167577183926,
    0.29510765268929606,
    0.28946044891457445,
    0.2960884846565158,
    0.2901766187480304,
    0.28625539550065,
    0.2832874713774621,
    0.28935643419010826,
    0.2901967182878668,
    0.2837436895798801,
    0.2841122367569638,
    0.2837214637029879,
    0.2791256172357666,
    0.2891517253050713,
    0.28641847325712083,
    0.28362891432887644,
    0.2756823020037268,
    0.27441735157269775,
    0.2864500616342473,
    0.27609654790391075,
    0.27705414319854277,
    0.2778591341629084,
    0.2734445192290281,
    0.27520565608943565,
    0.2721916131919996,
    0.2766643855486761,
    0.2743670086052043,
    0.2712401764531643,
    0.2766575158818835,
    0.26754316416811813,
    0.27356594511765575,
    0.26759748832441066,
    0.26687703161671095,
    0.27198849540952286,
    0.2680620344147253,
    0.2693757524633134,
    0.2654761922178568,
    0.26812432667546493,
    0.2662831118075111,
    0.26267657571026287,
    0.2689847017462432,
    0.27027954370997587,
    0.26174193116789435,
    0.2624674737106667,
    0.2643965885949004,
    0.2624876089255704,
    0.2635841534872589,
    0.2643860341561596,
    0.2617891218367291,
    0.2617938247319326,
    0.2594183956017737,
    0.26067273207646946,
    0.26057657328474837,
    0.2626852767872602,
    0.26153909993674473,
    0.26027834390270493,
    0.2567568340436527,
    0.25874509932653805,
    0.256444883578778,
    0.25620891203137,
    0.25863236620591157,
    0.253559295254031,
    0.26289449129443265,
    0.25442268041285554,
    0.25408816385802924,
    0.263903393392538,
    0.2565511449143374,
    0.2568889444725664,
    0.254557512471325,
    0.25370710260122,
    0.2540272984297679,
    0.25479552065702965,
    0.2554357046432103,
    0.25302208471921356,
    0.25203238680560847,
    0.2511678536321827,
    0.2586725212723013,
    0.25050461687626885,
    0.2512280576590966,
    0.25441237772878394,
    0.255943644987191,
    0.25375141894822245,
    0.2526050853538582,
    0.2503236584456844,
    0.2502691241786866,
    0.24953868605032506,
    0.2486687418174863,
    0.25042108018349923,
    0.25039326880048496,
    0.2496307601387001,
    0.2547104868756147,
    0.2480647465235612,
    0.2459576221378412,
    0.25174430127903175,
    0.24767332924726781,
    0.25210597570690263,
    0.25413256617398877,
    0.24640076060337943,
    0.24821033964109365,
    0.24707738753724187,
    0.24400925578620614,
    0.24251916100318038,
    0.24569404295233555,
    0.24920552306056848,
    0.24595740369933403,
    0.2485898448487089,
    0.2462946061717451,
    0.24233789207976075,
    0.25577084218107815,
    0.2441148747998879,
    0.24282029947515152,
    0.24618853695608053,
    0.24068955827948266,
    0.24261805226661495,
    0.2459510934012026,
    0.24545071540883742,
    0.23985312710061504,
    0.25431156564150453,
    0.24324084058414736,
    0.24236252702959687,
    0.24058372389970434,
    0.2439065839538023,
    0.2434378483017941,
    0.24121086336156286,
    0.23944626385854018,
    0.24566833331591983,
    0.2403138429336453,
    0.23903241261950023,
    0.24764344434808158,
    0.24087968193677844,
    0.24111058870980723,
    0.2388173742736679,
    0.2391698372825573,
    0.2412579621135739,
    0.2437891059233536,
    0.23718422474628295,
    0.24599281817196708,
    0.23801211812724418,
    0.23603554275761857,
    0.24885378894551025,
    0.2768098640546155,
    0.2553514358419932,
    0.23950633241401484,
    0.2363932268670163,
    0.23647318586475533,
    0.235253547805791,
    0.23614863366783284,
    0.2358857125148716,
    0.23561267192350402,
    0.2388980597567403,
    0.23842130240836648,
    0.23577349572918918,
    0.23982022080082888,
    0.2344622351073614,
    0.23679873898891737,
    0.23566923064562054
  ],
  "memory_delta_mb": 3.00390625,
  "memory_mb": 1809.1328125,
  "method_name": "mlp",
  "metrics": {
    "test": {
      "hits_at_10": 0.05642254311554318,
      "hits_at_100": 0.25234734183772584,
      "hits_at_50": 0.14299898551663104
    },
    "valid": {
      "hits_at_10": 0.08992410625124825,
      "hits_at_100": 0.306787164636176,
      "hits_at_50": 0.191049197789761
    }
  },
  "runtime_seconds": 105.66065070102923,
  "seed": 456,
  "status": "completed",
  "timestamp": "20260530_103413"
}
