{
  "config": {
    "batch_size": 65536,
    "dropout": 0.2,
    "epochs": 400,
    "hidden_channels": 256,
    "learning_rate": 0.005,
    "num_layers": 3
  },
  "dataset_name": "ogbl-collab",
  "dataset_scale": 0.1,
  "device": "cuda:0",
  "experiment_config": {
    "dataset_name": "ogbl-collab",
    "dataset_scale": 0.1,
    "device": "cuda:0",
    "hyperparameters": {
      "batch_size": 65536,
      "dropout": 0.2,
      "epochs": 400,
      "hidden_channels": 256,
      "learning_rate": 0.005,
      "num_layers": 3
    },
    "ks": [
      10,
      50,
      100
    ],
    "method_name": "gcn",
    "save_result": true,
    "seed": 42
  },
  "losses": [
    1.3818270509345432,
    1.393108311557248,
    1.3731757819210217,
    1.3696664421123927,
    1.345174328802924,
    1.3025137206403097,
    1.2126491493388323,
    1.26304199356578,
    1.1890662428714065,
    1.1258207882650277,
    1.1424442131491717,
    1.0669192389815845,
    0.9601454528727547,
    0.9233363008459714,
    1.0572735888110403,
    0.8595138978242298,
    0.7927334407667921,
    0.7313771510426514,
    0.6632631334072103,
    0.6330272552196743,
    0.5653733716060185,
    0.7830050297337712,
    0.8317313915086426,
    0.7479881470437258,
    0.6438959021856653,
    0.5903184433959275,
    0.5285938125323776,
    0.47828957411599954,
    0.4397151928511463,
    0.45235687021353604,
    0.522967354430633,
    0.6422337560686849,
    0.7616863026352442,
    0.8587847547349946,
    0.6083773146300091,
    0.5495407015513658,
    0.4933947510730118,
    0.4513214707336658,
    0.42658411537381075,
    0.36854892346216045,
    0.3477051499766413,
    0.3618303565215955,
    0.30518261917770517,
    0.3305960994034514,
    0.3253499743554849,
    0.28738328950393294,
    0.29611326506875824,
    0.2561683243619016,
    0.23063837537646803,
    0.3078735920980097,
    0.804405526335137,
    0.2875613052498915,
    0.2768932809382216,
    0.335033458832753,
    0.27319655004795723,
    0.2442252952684949,
    0.2454848493348955,
    0.2606986227598583,
    0.2276085288520533,
    0.2171248532032614,
    0.2293370432401956,
    0.22162944082413855,
    0.19344347353215324,
    0.19253752883808853,
    0.20202199455969438,
    0.21273292191780016,
    0.16965644614464767,
    0.17472919372916046,
    0.18279790985367386,
    0.20093681918372078,
    0.15744455549915723,
    0.14780516202964125,
    0.1461928768715762,
    0.13695556575810858,
    0.12298927126079261,
    0.1337200024243373,
    0.11280337134029801,
    0.12009246090983046,
    0.10725353649832771,
    0.10303000604355388,
    0.09764533036247343,
    0.09850440772125413,
    0.11334515665342454,
    0.09082084524902465,
    0.0961403798530117,
    0.09995355736051148,
    0.10849029028534732,
    0.11423475360057467,
    0.1017613270187099,
    0.09846794296678942,
    0.08482079943305922,
    0.09569613600810022,
    0.08879368793107005,
    0.0753483795457065,
    0.08888658676396789,
    0.08019976561447424,
    0.08047705355267515,
    0.09480472983641001,
    0.07471521900275055,
    0.08828580714375163,
    0.09032773329160286,
    0.08139474913000802,
    0.06818627501435419,
    0.07418206659227447,
    0.07059098947340638,
    0.06493949265831082,
    0.07284086838514364,
    0.06003266898362642,
    0.06767869898276492,
    0.07846014897858519,
    0.06579208870353875,
    0.05499051242863311,
    0.06221912325118608,
    0.05172095437623846,
    0.05424898432214713,
    0.048749344508010745,
    0.05268737863851794,
    0.05228603166624374,
    0.047917309716753995,
    0.06144381509846967,
    0.04435695115893752,
    0.04610838362958402,
    0.04984736537924882,
    0.045653635668025855,
    0.04078967152315441,
    0.04537007440191043,
    0.06038736391670856,
    0.07257815596692703,
    0.08433404151863848,
    0.07764471721617068,
    0.0554391303682119,
    0.06903494951263052,
    0.06745466564063438,
    0.06262415579373759,
    0.04809905706200758,
    0.04793645774743483,
    0.04993320314032669,
    0.04162068941635281,
    0.051873618515077165,
    0.04183707914753278,
    0.04537086018444998,
    0.04625241420722322,
    0.03816188796264647,
    0.04250134851687621,
    0.040458507182655645,
    0.0355258456620469,
    0.03627904641214236,
    0.0358372212078734,
    0.03631921608697205,
    0.03251032177244331,
    0.031279112449193326,
    0.03147756051962362,
    0.029970534074283614,
    0.028712036959170704,
    0.03122909704567589,
    0.03709311221880386,
    0.052738884259150395,
    0.06268200789541568,
    0.03891757932287769,
    0.05391893252040952,
    0.05207824774576525,
    0.04320103524756803,
    0.038752561641660264,
    0.04366929941418052,
    0.03827372092584138,
    0.03821868704369917,
    0.04202869664135944,
    0.038814221732395814,
    0.03562998828324879,
    0.03608592323183831,
    0.03371569519639546,
    0.03016061177754098,
    0.029322937151117688,
    0.029237812745991233,
    0.0279500609254378,
    0.025955318970098066,
    0.028484101420760757,
    0.025360787142835767,
    0.026397027740917164,
    0.02531352247903011,
    0.02763494345342166,
    0.026867315281048403,
    0.024639405081195765,
    0.02347085036915261,
    0.023502215469256595,
    0.023806305463756346,
    0.02927930276446137,
    0.02676029738663899,
    0.024460914671878557,
    0.024509687612123816,
    0.021949012195146837,
    0.023579379742651754,
    0.023193484563695646,
    0.022470189596119412,
    0.024136446921087636,
    0.024208372110504646,
    0.023812416869442247,
    0.0221975139143709,
    0.02172037056578876,
    0.025302181644093865,
    0.03496760843441508,
    0.030165309839414775,
    0.03802954180246773,
    0.02737984292145641,
    0.04520249807791908,
    0.0532182032156398,
    0.05478556400317332,
    0.037553379911448956,
    0.04004007807059687,
    0.05111619599640943,
    0.03632704852927172,
    0.03259247962680362,
    0.03441063090024581,
    0.027542322177747512,
    0.032251503597285416,
    0.02844985909739461,
    0.033055681401057926,
    0.04157000527561209,
    0.03376996402299453,
    0.03206213131227226,
    0.029579363730188483,
    0.02963389161364237,
    0.024618778241751915,
    0.02243786542894597,
    0.022320166052823495,
    0.023528581981157246,
    0.023344339238072387,
    0.02461451051732174,
    0.024801730080421004,
    0.02720254293648191,
    0.022787573366016334,
    0.019824031791185498,
    0.02249020275069296,
    0.023439789788015426,
    0.02219033052672536,
    0.025851994714400355,
    0.027623585783462377,
    0.028304936383013547,
    0.02623547076166945,
    0.02474998954649893,
    0.02416211608853394,
    0.020850066772765304,
    0.01980937747225133,
    0.01973139913363653,
    0.01991802412198387,
    0.020830230252876277,
    0.017766611795752545,
    0.019456214839647473,
    0.019104358167123525,
    0.0184263422870362,
    0.01714992195280609,
    0.01733807749631718,
    0.016019131620568387,
    0.016247951690628756,
    0.017817641476244348,
    0.017441709000549494,
    0.01737950817047526,
    0.01690214912985973,
    0.017551290870928,
    0.01733366649745277,
    0.01698781461949203,
    0.01663043773513687,
    0.017447540323583685,
    0.018741669022262483,
    0.017282491358253223,
    0.01871986461225195,
    0.01600390829132954,
    0.01655183296915578,
    0.016596256914037082,
    0.019566835019933216,
    0.01775283984399788,
    0.01761865971119348,
    0.018083182945458885,
    0.01831720998461508,
    0.02025105916518154,
    0.016164479906933035,
    0.01873563686589148,
    0.016710696368201026,
    0.016341444331577405,
    0.01636081163304111,
    0.015990200327095333,
    0.01633267858750146,
    0.015780699753565965,
    0.015975529944341624,
    0.015638209631119383,
    0.019502310229915682,
    0.01751364609032666,
    0.03185501595835291,
    0.03288848775036791,
    0.024311403683266876,
    0.023845114421272726,
    0.03286186067854209,
    0.03751085589274004,
