{
  "config": {
    "batch_size": 65536,
    "dropout": 0.2,
    "epochs": 200,
    "hidden_channels": 256,
    "learning_rate": 0.005,
    "num_layers": 3
  },
  "dataset_name": "ogbl-collab",
  "dataset_scale": 0.1,
  "device": "cuda",
  "experiment_config": {
    "dataset_name": "ogbl-collab",
    "dataset_scale": 0.1,
    "device": "cuda",
    "hyperparameters": {
      "batch_size": 65536,
      "dropout": 0.2,
      "epochs": 200,
      "hidden_channels": 256,
      "learning_rate": 0.005,
      "num_layers": 3
    },
    "ks": [
      10,
      50,
      100
    ],
    "method_name": "gcn",
    "save_result": true,
    "seed": 42
  },
  "losses": [
    1.3818270509345432,
    1.3931082719215875,
    1.3731755698254473,
    1.3696624113895537,
    1.3451579326831284,
    1.3025416422282552,
    1.2126799246943445,
    1.261993921104872,
    1.1880315151738734,
    1.12553131192206,
    1.1418356176035573,
    1.0649843317988892,
    0.9567562546875028,
    0.9214252682962842,
    1.1138427268194437,
    0.9465486291599285,
    0.8014985742482423,
    0.7575004497333103,
    0.6864614608729545,
    0.6549961284727476,
    0.5736704838396731,
    0.6507927419200946,
    0.7139581769943683,
    0.48709484704866,
    0.49440918867634853,
    0.4395493632564866,
    0.4482591264732496,
    0.36451971628229046,
    0.533195206222277,
    1.0112371288326212,
    0.7571794254665263,
    0.8497826136562399,
    0.6473914324031582,
    0.564024416540755,
    0.5338890591517421,
    0.4578501896267553,
    0.42492386276907684,
    0.3875935673647965,
    0.3891429413879531,
    0.34824792043984093,
    0.36288494779319386,
    0.32136543325014755,
    0.32199656931398823,
    0.330343663360846,
    0.28887228637770695,
    0.26465754009153564,
    0.2867600163730581,
    0.2743288335578344,
    0.2512082770162854,
    0.22741480832915134,
    0.23616650151941523,
    0.30248089869748007,
    0.405275696021122,
    0.2947830635161857,
    0.32062858796282473,
    0.2500398416183189,
    0.232196919685061,
    0.21767551423883444,
    0.19794625133348023,
    0.21192924746395417,
    0.19172179403233672,
    0.16664568656632667,
    0.17066967939671798,
    0.1577805302331003,
    0.1593462444881988,
    0.1385666646429522,
    0.1329803730567839,
    0.15302840159102243,
    0.155009964348468,
    0.14446650683022977,
    0.11517241184466324,
    0.1303366182723081,
    0.10772938437159242,
    0.09993670833925472,
    0.10773636117159857,
    0.1197312731083975,
    0.08973036226787053,
    0.12183238277073949,
    0.09079536347380678,
    0.11801087691135713,
    0.12241092238493545,
    0.11174193065494867,
    0.11088833355589185,
    0.08901349202365266,
    0.10426599032913707,
    0.09773196287711944,
    0.08525505755095884,
    0.10393516735151763,
    0.07865550805942172,
    0.10160791183490142,
    0.08233240058791025,
    0.09687394482464307,
    0.07016960405772851,
    0.06664989445399432,
    0.061949009641529135,
    0.09621755526516862,
    0.06523354387956692,
    0.17008113477335324,
    0.34560241779092665,
    0.10566363382668578,
    0.13704479879205056,
    0.40729207572760684,
    0.21565321347781313,
    0.30077334471844086,
    0.3348891441377235,
    0.7849824393560432,
    0.27660101663696773,
    0.3619871111035898,
    0.31796017133786697,
    0.18919677000583965,
    0.14180321414620006,
    0.13346211038105543,
    0.14520962794414938,
    0.11820375200957066,
    0.11643404183334019,
    0.09882235390368241,
    0.0792229937154658,
    0.08476300238539287,
    0.07823218690126149,
    0.07379040100325923,
    0.07509121130783035,
    0.0711222230955231,
    0.06758432551276254,
    0.07020144569435767,
    0.06451212385756476,
    0.059690876001089535,
    0.05822854337517196,
    0.05448302908588733,
    0.052692479577970325,
    0.05500319358894279,
    0.05035412947429935,
    0.049852555545446535,
    0.05073200533629642,
    0.047060401153675165,
    0.04574252730736644,
    0.04285259974595068,
    0.04483516801743126,
    0.04174043172507142,
    0.04691066474969224,
    0.04534751836653303,
    0.04036493515799981,
    0.03893537506847243,
    0.03800020947263146,
    0.03806547945197299,
    0.03671477738483343,
    0.03981935231484361,
    0.05276229660045726,
    0.038120962732593286,
    0.04733932436926134,
    0.041932823366734075,
    0.03640773723172953,
    0.03880004564457447,
    0.036531271648656716,
    0.03566911417568647,
    0.03385362785249047,
    0.03515967486498035,
    0.031854723859669205,
    0.03207422881926078,
    0.032360768162504286,
    0.03086831954703077,
    0.03591556641502309,
    0.06039630356545889,
    0.09928830038146494,
    0.07663684313775049,
    0.11581294533519475,
    0.1881948557675661,
    0.06195798118439477,
    0.12119710142767857,
    0.18383474211567488,
    0.2304636248056076,
    0.1046878343762183,
    0.08734051992630242,
    0.07018528527230951,
    0.07815348928168117,
    0.07910189976643442,
    0.0701960278500315,
    0.06816974942222927,
    0.061576877671578,
    0.059267060009780104,
    0.05098152595834141,
    0.05079957950365947,
    0.0494544390873518,
    0.04363593320876055,
    0.040619491603741904,
    0.04008411834391088,
    0.03760610740878423,
    0.03685229869004824,
    0.03547672358467542,
    0.03476864740196886,
    0.03346665153372081,
    0.030688931584664063,
    0.030672785372652882,
    0.029121850275767375,
    0.030957099857269053,
    0.029137935789512025,
    0.03078017578926747,
    0.028092489684615383,
    0.028914323308786755,
    0.026782005041535006,
    0.028994168068978716
  ],
  "memory_delta_mb": 382.44921875,
  "memory_mb": 2184.59375,
  "method_name": "gcn",
  "metrics": {
    "test": {
      "hits_at_10": 0.08597206933022512,
      "hits_at_100": 0.28765999697813466,
      "hits_at_50": 0.2287983768266097
    },
    "valid": {
      "hits_at_10": 0.10869782304773318,
      "hits_at_100": 0.32943878570002,
      "hits_at_50": 0.26579455429065973
    }
  },
  "runtime_seconds": 51.00089983502403,
  "seed": 42,
  "status": "completed",
  "timestamp": "20260530_103504"
}
