{
  "config": {
    "batch_size": 65536,
    "dropout": 0.2,
    "epochs": 200,
    "hidden_channels": 256,
    "learning_rate": 0.005,
    "num_layers": 3
  },
  "dataset_name": "ogbl-collab",
  "dataset_scale": 0.1,
  "device": "cuda",
  "experiment_config": {
    "dataset_name": "ogbl-collab",
    "dataset_scale": 0.1,
    "device": "cuda",
    "hyperparameters": {
      "batch_size": 65536,
      "dropout": 0.2,
      "epochs": 200,
      "hidden_channels": 256,
      "learning_rate": 0.005,
      "num_layers": 3
    },
    "ks": [
      10,
      50,
      100
    ],
    "method_name": "gcn",
    "save_result": true,
    "seed": 42
  },
  "losses": [
    1.3818270509345432,
    1.3931081393996418,
    1.37317547724147,
    1.3696665610193746,
    1.345174977495381,
    1.3025184209370733,
    1.212655209340362,
    1.262979288808131,
    1.1887490139415633,
    1.1257975818758919,
    1.142394185454471,
    1.0664624258830981,
    0.9594061963825421,
    0.9235534590359615,
    1.0640302153763226,
    0.8741516832288028,
    0.7915171689788205,
    0.7362480224237952,
    0.6661372462269772,
    0.6360226682283856,
    0.5772255306470172,
    0.7074977929019568,
    0.7476390149366774,
    0.683863288723509,
    0.6885190789928358,
    0.6194159504677835,
    0.555099978263857,
    0.5034456247235622,
    0.4420963210163971,
    0.40335576913520677,
    0.46512025472094737,
    0.5138814531893864,
    0.6109076755110845,
    0.6891685843700257,
    0.6424941597475835,
    0.5100662332531312,
    0.4452500723590833,
    0.41828527395964166,
    0.3703478276858494,
    0.3557272896386099,
    0.3130254240531128,
    0.27973752420779974,
    0.281502315774481,
    0.3804275691845425,
    0.6223730510647407,
    0.3266296507849058,
    0.3159114014098402,
    0.2714214539473296,
    0.25877795036494955,
    0.2607958990496476,
    0.22047864179070087,
    0.23623920598624493,
    0.21055315108119488,
    0.20801259569792463,
    0.2010803426956535,
    0.1865307499467505,
    0.185327054116265,
    0.1624068272249788,
    0.1779420033890319,
    0.16949270394807311,
    0.15417453491057379,
    0.15728387390074397,
    0.1523185805312186,
    0.14309509397564102,
    0.1398160830886404,
    0.1307530934104108,
    0.13465177034588344,
    0.11666052645354885,
    0.15150508680519703,
    0.1406528430669586,
    0.10737221264542425,
    0.12406043947364814,
    0.111225170452279,
    0.12101157284294556,
    0.10834167417655247,
    0.11210037865922234,
    0.10507311969230883,
    0.09889945723348627,
    0.10325919958188139,
    0.1020106077530392,
    0.09183715048786095,
    0.09183633220260984,
    0.08274113379570826,
    0.10656606110635844,
    0.090475544462242,
    0.08713718679916474,
    0.10158396759683215,
    0.11564287664497896,
    0.10326180708572148,
    0.10566346190844847,
    0.07587846752344149,
    0.0961344938226179,
    0.07901185968225934,
    0.07622038017542761,
    0.09654215749949223,
    0.12345863476589604,
    0.2032086671215145,
    0.24632879031258814,
    0.18761098326569442,
    0.9362709073467133,
    1.4359382781053862,
    1.5008966322644037,
    0.36181546051656616,
    0.22481314360167778,
    0.20189295012549202,
    0.18357591950596655,
    0.17312925655288472,
    0.16370026887443895,
    0.14175688317006468,
    0.11752543702041024,
    0.12083410512657396,
    0.0936204304638788,
    0.08823123368000206,
    0.1162510329443486,
    0.10731219906225788,
    0.08258786820588356,
    0.08988514493321964,
    0.06948492849347326,
    0.08434440348256125,
    0.0728118794690632,
    0.0673057310738478,
    0.0716274993941785,
    0.05987526807458689,
    0.07361496752957787,
    0.06485627752495228,
    0.06300609268184573,
    0.06918120254566539,
    0.05990389118592787,
    0.06034413257635184,
    0.0641772523911004,
    0.059451293355104934,
    0.05502471596493576,
    0.05804401981142316,
    0.05376970040205958,
    0.04686512187784281,
    0.046300712731583094,
    0.04953836109316216,
    0.04298728887062987,
    0.04852428208998832,
    0.04353947614233011,
    0.04306835717538235,
    0.0412245149848396,
    0.046227630223159615,
    0.048129653433663794,
    0.04227398587991493,
    0.045843005174008154,
    0.04140876670065922,
    0.0413846594047963,
    0.03934191031192941,
    0.04079623830391248,
    0.043230325091496095,
    0.03919063418582926,
    0.03601758708565761,
    0.03737369606905749,
    0.03486470523468891,
    0.03544181052883372,
    0.04016640753651574,
    0.045367368743171786,
    0.036770393825505995,
    0.0383162336402745,
    0.038431192196248104,
    0.039763835780071366,
    0.035013643291757025,
    0.033755900229903095,
    0.03567845746091236,
    0.03146504717761501,
    0.032161686548314763,
    0.031413609964077084,
    0.030260238281857685,
    0.030466389383964777,
    0.030270342585360533,
    0.030193579973773258,
    0.0364195271434207,
    0.0463880933706193,
    0.05980505134792967,
    0.04367080115997975,
    0.03917412173495377,
    0.04393256290603961,
    0.03780326260529696,
    0.03745592443641272,
    0.043295387422894155,
    0.04143853837683513,
    0.034906772676820415,
    0.0315058530790575,
    0.032234481789067744,
    0.027837862689179965,
    0.02790318455212654,
    0.028086422833834314,
    0.027094405749605376,
    0.027221983592799436,
    0.027656313578359376,
    0.02718591951005994,
    0.026780738157666593,
    0.02699232145456391,
    0.026019666950817474,
    0.02782247862358579,
    0.025716239168556268,
    0.025502234461164106,
    0.028974434284731954,
    0.026898880088718827
  ],
  "memory_delta_mb": 1098.3828125,
  "memory_mb": 2141.5390625,
  "method_name": "gcn",
  "metrics": {
    "test": {
      "hits_at_10": 0.08748300200738199,
      "hits_at_100": 0.28437911459345117,
      "hits_at_50": 0.22400656176476938
    },
    "valid": {
      "hits_at_10": 0.11041208974102923,
      "hits_at_100": 0.3302210238998735,
      "hits_at_50": 0.26497902935889756
    }
  },
  "runtime_seconds": 105.72164822300329,
  "seed": 42,
  "status": "completed",
  "timestamp": "20260515_150555"
}
