{
  "config": {
    "batch_size": 65536,
    "dropout": 0.0,
    "epochs": 200,
    "hidden_channels": 256,
    "learning_rate": 0.01,
    "num_layers": 3
  },
  "dataset_name": "ogbl-collab",
  "dataset_scale": 0.5,
  "device": "cuda",
  "experiment_config": {
    "dataset_name": "ogbl-collab",
    "dataset_scale": 0.5,
    "device": "cuda",
    "hyperparameters": {
      "batch_size": 65536,
      "dropout": 0.0,
      "epochs": 200,
      "hidden_channels": 256,
      "learning_rate": 0.01,
      "num_layers": 3
    },
    "ks": [
      10,
      50,
      100
    ],
    "method_name": "mlp",
    "save_result": true,
    "seed": 42
  },
  "losses": [
    1.308934487363033,
    0.9241872413272392,
    0.8058505229040515,
    0.7494236740877663,
    0.7287112255490312,
    0.7110560372892056,
    0.6920261824012475,
    0.6780915221312271,
    0.662845349497702,
    0.6449243958247929,
    0.6228428218902139,
    0.610579093678425,
    0.5891516405999602,
    0.5744597291488441,
    0.574715046697759,
    0.552523745596879,
    0.5430569845428318,
    0.5376114481514513,
    0.5298884083556001,
    0.5140629739095719,
    0.5083631365074923,
    0.4899335144081473,
    0.5033514806515099,
    0.47998746189841945,
    0.4632280609152582,
    0.4473491286166839,
    0.5189805451202496,
    0.49284052916476084,
    0.4513355318901009,
    0.4361439319560049,
    0.4194286030177038,
    0.41086085188371557,
    0.40364205992386876,
    0.3993066199717883,
    0.3964459936112498,
    0.40220553172937606,
    0.3961382918835183,
    0.388906906634636,
    0.3754868917129651,
    0.3729969552149088,
    0.3707426726249464,
    0.39935414557200355,
    0.40376308449003084,
    0.3816179304991782,
    0.3597972724935705,
    0.3576150065152459,
    0.3513430122783384,
    0.34408078225213684,
    0.33916541457480337,
    0.33890611644686,
    0.3479025704944735,
    0.34129792263073305,
    0.3355762627719751,
    0.33418618088123836,
    0.33666597613559945,
    0.33041945733886885,
    0.3252529033444143,
    0.3357794118656809,
    0.3317280488936988,
    0.3258739595881321,
    0.32724285411255905,
    0.32190258974041597,
    0.32008737852127533,
    0.3215841789797612,
    0.32154615639545076,
    0.31439471462614665,
    0.3543480825427915,
    0.33100898001413953,
    0.3198972812644878,
    0.3151080500059076,
    0.311973396460061,
    0.3110438913089427,
    0.3105048410951646,
    0.30854895500796203,
    0.30826007510500814,
    0.3179185465012847,
    0.3119437237325763,
    0.3104398769866569,
    0.3078048153448656,
    0.3057639602085873,
    0.3115860790257225,
    0.30955101229599474,
    0.30892261531076426,
    0.30538481880298274,
    0.3022141635567777,
    0.30218484142260715,
    0.3052615746039557,
    0.30456041421768787,
    0.30464436277226814,
    0.30516738859296155,
    0.30016523894126335,
    0.304694858115374,
    0.3033058151634037,
    0.30212098863155235,
    0.3007350425747546,
    0.2990365285762973,
    0.2952583066434305,
    0.30113973964282753,
    0.3025354540361035,
    0.29818601551745955,
    0.29535523123076973,
    0.2933522757832869,
    0.3022060206642371,
    0.29880333349604066,
    0.29381198588077717,
    0.2991821430080971,
    0.2939303124352511,
    0.28848243054994915,
    0.2962559952364413,
    0.2983129492285896,
    0.2901586858828225,
    0.2931444475508616,
    0.288653850555521,
    0.2900261270682961,
    0.28748492768157224,
    0.29493210866513925,
    0.2880413142355756,
    0.2917326107837408,
    0.29317470129901974,
    0.2890602314407046,
    0.29503725984839185,
    0.2874711560602757,
    0.2864386209553862,
    0.28787387343853976,
    0.28511096449772727,
    0.2847630278923107,
    0.28444910436482546,
    0.2831925041340793,
    0.28138498791981403,
    0.29547660720384633,
    0.2870352184604291,
    0.28375251575559435,
    0.28155669507485637,
    0.27953655453269843,
    0.2781560704068729,
    0.29663734443185374,
    0.28801690431777655,
    0.2816744909795896,
    0.27854971867180767,
    0.27997134917820043,
    0.2764658469403569,
    0.283605843345849,
    0.2780979826972031,
    0.27804031845515564,
    0.27583425485018864,
    0.28655501620273344,
    0.2801745592836439,
    0.2759557660118604,
    0.2744276574533382,
    0.27795553002394835,
    0.2730462859358956,
    0.29397584634335844,
    0.2915336049534487,
    0.29470997375193625,
    0.30571957005851647,
    0.29340362327587866,
    0.2821358604251111,
    0.2762327410756737,
    0.27429596669713235,
    0.27450863352717714,
    0.27577057637475894,
    0.2818369344189509,
    0.2837902128742748,
    0.27679254465976416,
    0.2705381217563902,
    0.26983862223393545,
    0.2680269713288361,
    0.2685937136201872,
    0.2663150546422249,
    0.267694695470298,
    0.2666765788363139,
    0.26890776845510966,
    0.2651603021648736,
    0.2671062584303304,
    0.26968743880440704,
    0.26451891012954404,
    0.2650451237708889,
    0.2687119423619392,
    0.26868074658354507,
    0.27123649956101725,
    0.26953697141954647,
    0.2638949252825827,
    0.2633515255973791,
    0.26682961804250377,
    0.2724751938769795,
    0.2657126135391646,
    0.26419537688044725,
    0.26211725853524254,
    0.2706908319497454,
    0.265483001247813,
    0.2626153112629846,
    0.2621301203021911,
    0.26208034301080924,
    0.27061481382011754,
    0.26339277577988723,
    0.26714971450367264,
    0.2631030414510447,
    0.26361263622475284,
    0.26250940575631393,
    0.2595591010201405
  ],
  "memory_delta_mb": 0.9921875,
  "memory_mb": 1803.51953125,
  "method_name": "mlp",
  "metrics": {
    "test": {
      "hits_at_10": 0.036197629994172115,
      "hits_at_100": 0.22480519760840942,
      "hits_at_50": 0.13058775281141402
    },
    "valid": {
      "hits_at_10": 0.05953332001864057,
      "hits_at_100": 0.27196924305971637,
      "hits_at_50": 0.16708275081552493
    }
  },
  "runtime_seconds": 53.39388784499988,
  "seed": 42,
  "status": "completed",
  "timestamp": "20260503_123423"
}
