{
  "best_epoch": 10,
  "best_val_hits_at_50": 0.0,
  "config": {
    "batch_size": 65536,
    "dropout": 0.2,
    "early_stop_patience": 5,
    "embed_channels": 256,
    "epochs": 200,
    "hidden_channels": 256,
    "learning_rate": 0.005,
    "num_layers": 3,
    "val_freq": 10
  },
  "dataset_name": "ogbl-collab",
  "dataset_scale": 1.0,
  "device": "cuda",
  "experiment_config": {
    "dataset_name": "ogbl-collab",
    "dataset_scale": 1.0,
    "device": "cuda",
    "hyperparameters": {
      "batch_size": 65536,
      "dropout": 0.2,
      "early_stop_patience": 5,
      "embed_channels": 256,
      "epochs": 200,
      "hidden_channels": 256,
      "learning_rate": 0.005,
      "num_layers": 3,
      "val_freq": 10
    },
    "ks": [
      10,
      50,
      100
    ],
    "method_name": "gcn",
    "save_result": true,
    "seed": 42
  },
  "losses": [
    1.4350783633021373,
    1.090225525135179,
    0.6613560726553853,
    0.3287386031380984,
    0.1621113343463112,
    0.09096361965692545,
    0.05458683547951444,
    0.037119540851252,
    0.02854734803882758,
    0.022168277613348122,
    0.01778314075423754,
    0.014318078830980258,
    0.011692092108962857,
    0.010314192896300246,
    0.009368976239897724,
    0.007413186873228477,
    0.0070870694111186735,
    0.006216577407604142,
    0.005595519383972823,
    0.0053477446846151595,
    0.004552167453334385,
    0.0052664664183274725,
    0.004410353785975875,
    0.0038136684320036755,
    0.0031626384923201275,
    0.0028592211788621975,
    0.002671386555604571,
    0.0022886614589572515,
    0.002402103419402885,
    0.002068252563440575,
    0.0019914389020776503,
    0.0021668156543471423,
    0.0018712420639288307,
    0.0017608355114028277,
    0.0027982423531769055,
    0.9514658472326748,
    0.1451002014845614,
    0.043342416995062166,
    0.022892115799726703,
    0.016112817418662672,
    0.012816138705717533,
    0.011055613921749054,
    0.009542848496412177,
    0.008318149188418524,
    0.007411779457620383,
    0.006774305571676769,
    0.0060176613921109935,
    0.00534558546151985,
    0.004879798780015924,
    0.004639133196918361,
    0.004250891875427784,
    0.0038582061910817315,
    0.0036219407098545863,
    0.0034341873854387556,
    0.0032026954740584767,
    0.0030392002116850078,
    0.002965792487639562,
    0.002657745757707832,
    0.002569249332910758,
    0.002363566985508052
  ],
  "memory_delta_mb": 1145.98046875,
  "memory_mb": 2179.1328125,
  "method_name": "gcn",
  "metrics": {
    "test": {
      "hits_at_10": 0.0,
      "hits_at_100": 0.0,
      "hits_at_50": 0.0
    },
    "valid": {
      "hits_at_10": 0.0,
      "hits_at_100": 4.993009786299181e-05,
      "hits_at_50": 0.0
    }
  },
  "runtime_seconds": 366.6680433120018,
  "seed": 42,
  "status": "completed",
  "timestamp": "20260515_135141",
  "val_metrics": [
    {
      "epoch": 10,
      "lr": 0.004969227007317548,
      "valid_hits_at_50": 0.0
    },
    {
      "epoch": 20,
      "lr": 0.004877665762479738,
      "valid_hits_at_50": 0.0
    },
    {
      "epoch": 30,
      "lr": 0.004727570807208826,
      "valid_hits_at_50": 0.0
    },
    {
      "epoch": 40,
      "lr": 0.004522637977440182,
      "valid_hits_at_50": 0.0
    },
    {
      "epoch": 50,
      "lr": 0.004267913399575776,
      "valid_hits_at_50": 0.0
    },
    {
      "epoch": 60,
      "lr": 0.003969669238105036,
      "valid_hits_at_50": 0.0
    }
  ]
}
