{
  "config": {
    "batch_size": 65536,
    "dropout": 0.2,
    "epochs": 200,
    "hidden_channels": 256,
    "learning_rate": 0.005,
    "num_layers": 3
  },
  "dataset_name": "ogbl-collab",
  "dataset_scale": 0.5,
  "device": "cuda",
  "experiment_config": {
    "dataset_name": "ogbl-collab",
    "dataset_scale": 0.5,
    "device": "cuda",
    "hyperparameters": {
      "batch_size": 65536,
      "dropout": 0.2,
      "epochs": 200,
      "hidden_channels": 256,
      "learning_rate": 0.005,
      "num_layers": 3
    },
    "ks": [
      10,
      50,
      100
    ],
    "method_name": "gcn",
    "save_result": true,
    "seed": 456
  },
  "losses": [
    1.394187383940201,
    1.1720304505146897,
    0.9521536993018606,
    0.7323151507709188,
    0.5478197786223968,
    0.4668255847392791,
    0.42853339805797735,
    0.3631759891188072,
    0.36433209142318596,
    0.4420676129487579,
    0.3305734964041128,
    0.283344872576451,
    0.24479965641303206,
    0.21329567852498188,
    0.1859684782085295,
    0.17128198116439722,
    0.24279443598611566,
    0.22608208922209835,
    0.1656310559940833,
    0.15383005128198615,
    0.2024579223378577,
    0.18366267015683263,
    0.1496644826518592,
    0.12710724486469932,
    0.1191430714357239,
    0.11251993780885094,
    0.1044321502665475,
    0.10721296663403311,
    0.09528283870445994,
    0.0968743669495673,
    0.10236049612656521,
    0.1018498012935122,
    0.09053192982375569,
    0.08712061942266217,
    0.08215304819593187,
    0.07945809423732807,
    0.08327497998706636,
    0.09521130870435719,
    0.08779605306322227,
    0.07976910648444833,
    0.0727349910597512,
    0.07160792312827986,
    0.0737711182675866,
    0.06802707143264133,
    0.0649262131103591,
    0.06734132285228822,
    0.08119061596957947,
    0.08275375008648383,
    0.06832972504465598,
    0.06367282594010046,
    0.05944902037937695,
    0.05679877608409543,
    0.060743815463217166,
    0.05862023027462182,
    0.05539168174741112,
    0.05699684837687006,
    0.05901910913471916,
    0.05669187308835959,
    0.053152128958018775,
    0.05300505373836098,
    0.052298198845852156,
    0.07710942610939704,
    0.0791723136440096,
    0.07050167064978642,
    0.05736974741979789,
    0.05265887888023441,
    0.04935177924690956,
    0.04771447027226783,
    0.04667703315076203,
    0.04585739662616072,
    0.04409381788001637,
    0.045436836509442476,
    0.04436992911085731,
    0.044135659069088465,
    0.04306106392046724,
    0.041405105328169545,
    0.041819785405431964,
    0.041794876910057996,
    0.041249340481610185,
    0.0406786919232416,
    0.05646301702207915,
    0.14828353049455514,
    0.10356778855002384,
    0.07276728714904206,
    0.05981910565670212,
    0.05209841780392292,
    0.04743572163959247,
    0.046708186323067044,
    0.04425743033865953,
    0.0429139011336817,
    0.04095476694560504,
    0.040178125661517,
    0.04036617731665338,
    0.041058782818610716,
    0.039175202404912055,
    0.038300071709953976,
    0.03800856733052504,
    0.037704288792804574,
    0.03814817548597602,
    0.037068180904480254,
    0.03630456379803191,
    0.038121975025062656,
    0.038579907180424595,
    0.03693197810503278,
    0.03530040078601504,
    0.0346331070925742,
    0.03407958595825565,
    0.034622830732220826,
    0.0343818057418308,
    0.03865773006984005,
    0.10432906550973371,
    0.3910506704529335,
    0.3247489162951859,
    0.2413920326607941,
    0.22670399610083453,
    0.13799765336049563,
    0.10099125640616832,
    0.07895757224436896,
    0.06589756240668818,
    0.057547096369758396,
    0.05301516651030207,
    0.04912822125348868,
    0.048841694532130484,
    0.046583514344716276,
    0.04487261324937419,
    0.04305739960041505,
    0.04193744863300638,
    0.04153928739241731,
    0.04162594836518559,
    0.03960425335697745,
    0.03866546309651725,
    0.03842795049831515,
    0.03760602267813241,
    0.03679602579338308,
    0.037113984981625735,
    0.03578657550592497,
    0.03554095533824872,
    0.03499100903628202,
    0.0351431368811508,
    0.03594435471566486,
    0.034742869186579234,
    0.03427225227760541,
    0.0337947807281694,
    0.03285776052505074,
    0.032805355853169044,
    0.032849586682021044,
    0.03298124856091107,
    0.03363691004678836,
    0.032322215483092095,
    0.031995274950461845,
    0.03171323176976015,
    0.03202057180522304,
    0.03207479818613976,
    0.03107252444354702,
    0.03066568954908072,
    0.029998598187037148,
    0.03021434204866928,
    0.03057310743462516,
    0.029584415122796717,
    0.029962321586383005,
    0.030866201791581966,
    0.029492604205543643,
    0.028703530111796088,
    0.02850884872484731,
    0.02909051546512323,
    0.02814858883425766,
    0.030220579649605006,
    0.028770670561062354,
    0.02892166225800792,
    0.02799466089522845,
    0.028244939096134514,
    0.028330588780498555,
    0.028502572692080473,
    0.027016784640343343,
    0.027870647601056904,
    0.02787581113724053,
    0.027638579408357226,
    0.026740811644542825,
    0.02657732152668369,
    0.026366412637621076,
    0.026407355194301433,
    0.026130372623010083,
    0.02602874272831721,
    0.02673381667193014,
    0.02670835845522561,
    0.026267441831567838,
    0.02677226415197958,
    0.026024418238515656,
    0.027511267225423887,
    0.026613727710746264,
    0.02554147127978638,
    0.024829903902917318,
    0.025504476843130643,
    0.025763046553010018,
    0.02624126233310436,
    0.026082946480429962,
    0.026274335770712805,
    0.02558688935327134,
    0.025294572785271245,
    0.0251264289889083
  ],
  "memory_delta_mb": 0.00390625,
  "memory_mb": 2181.375,
  "method_name": "gcn",
  "metrics": {
    "test": {
      "hits_at_10": 0.22873362256901725,
      "hits_at_100": 0.48546266917049796,
      "hits_at_50": 0.41766496147121673
    },
    "valid": {
      "hits_at_10": 0.28891218960122494,
      "hits_at_100": 0.560814859197124,
      "hits_at_50": 0.49399174489048664
    }
  },
  "result_path": "/home/husam/Desktop/YTU-YL/webmining/ogl-collab-implementation/results/raw/20260515_153149_gcn_scale_0_5_seed_456.json",
  "runtime_seconds": 423.50096952400054,
  "seed": 456,
  "status": "completed",
  "timestamp": "20260515_153149"
}
