{
  "config": {
    "batch_size": 65536,
    "dropout": 0.2,
    "epochs": 200,
    "hidden_channels": 256,
    "learning_rate": 0.005,
    "num_layers": 3
  },
  "dataset_name": "ogbl-collab",
  "dataset_scale": 0.5,
  "device": "cuda",
  "experiment_config": {
    "dataset_name": "ogbl-collab",
    "dataset_scale": 0.5,
    "device": "cuda",
    "hyperparameters": {
      "batch_size": 65536,
      "dropout": 0.2,
      "epochs": 200,
      "hidden_channels": 256,
      "learning_rate": 0.005,
      "num_layers": 3
    },
    "ks": [
      10,
      50,
      100
    ],
    "method_name": "gcn",
    "save_result": true,
    "seed": 42
  },
  "losses": [
    1.359019981458067,
    1.0859639371296754,
    0.8733577659535547,
    0.6008802821917898,
    0.5243162663366585,
    0.4523619278370969,
    0.430181455165577,
    0.34953198383071016,
    0.31216164782340455,
    0.2919329566525793,
    0.33635808285315594,
    0.3179212310721369,
    0.2572614899105089,
    0.21262244013912693,
    0.18776832185734546,
    0.17244489593138368,
    0.1684542551532506,
    0.15471270013799981,
    0.13756797657596345,
    0.13559541434272748,
    0.12146268619782452,
    0.12942612509302057,
    0.11640740443106405,
    0.10969869684136374,
    0.1157813878252346,
    0.14338926789892942,
    0.11757834618946629,
    0.10060089798087123,
    0.09163583109086905,
    0.09066751421304518,
    0.0917172596155674,
    0.08793547614039769,
    0.0824065215232671,
    0.07794818729584839,
    0.08178324445889053,
    0.07909233901899104,
    0.07891039313000932,
    0.07188172897187113,
    0.07100842566503063,
    0.07010086611485183,
    0.15677610605664746,
    0.12245222340786359,
    0.08664356971932236,
    0.0764067527672544,
    0.06780507426273055,
    0.06260240766946946,
    0.06114757380928191,
    0.05854158719763012,
    0.05660393005034361,
    0.07443838430455457,
    0.08139566487762168,
    0.06406554441725044,
    0.059680343024335065,
    0.05760695668655687,
    0.05518941810643697,
    0.055273763523796024,
    0.05649100596627328,
    0.051734509139922245,
    0.05030697777015802,
    0.05128662504151456,
    0.04825637441879445,
    0.05187708336705262,
    0.09165134693015647,
    0.0953311079990418,
    0.07735049996116847,
    0.06004669188919083,
    0.05330877704958337,
    0.04951779471620321,
    0.04786462730419878,
    0.0460020547230258,
    0.04545991993179991,
    0.044566663433197165,
    0.04228275033211331,
    0.04397418625361327,
    0.065022868109565,
    0.5964515733764492,
    0.2765667159806739,
    0.4189075887437176,
    0.213613951450894,
    0.17191740928783628,
    0.11314690654541074,
    0.08762717758454228,
    0.07353377129921639,
    0.06651330698425514,
    0.06174464974576115,
    0.05837701327993447,
    0.055826195416889504,
    0.05388249671442152,
    0.052140692614432514,
    0.05041539110453747,
    0.048479011043556536,
    0.04844572562624067,
    0.047004898000840595,
    0.04596807058771217,
    0.045918473695607476,
    0.046111922356264365,
    0.04464657721196339,
    0.04328378838667043,
    0.04273067812650808,
    0.04161955254621177,
    0.040913027863342485,
    0.04542101658735497,
    0.05058031077798936,
    0.04309619519088581,
    0.04139972994841148,
    0.04079999997165666,
    0.0392304006428043,
    0.03966991709920036,
    0.04051127280999043,
    0.038412895009669254,
    0.03818842550317977,
    0.03726021828959393,
    0.03713218659057978,
    0.036757133562439245,
    0.03684388137855498,
    0.03582305491943707,
    0.03539611332006461,
    0.03567120092130104,
    0.03515036742410935,
    0.034506810611583234,
    0.03433035274175278,
    0.03428800497684635,
    0.035161557969612546,
    0.03394064051083403,
    0.03493185537162687,
    0.03471329146650263,
    0.033111293306136276,
    0.03300913619417721,
    0.03394596023604692,
    0.033362571189862335,
    0.032863846226450846,
    0.032068848103711606,
    0.03133610424631141,
    0.03233491423396446,
    0.03234811831131634,
    0.033118880946207276,
    0.030724355548025013,
    0.031016468531525784,
    0.030933203139714427,
    0.03145419442970482,
    0.030983187212189754,
    0.03079259834999936,
    0.030132292845681998,
    0.033425740434210635,
    0.03136645757341299,
    0.030736964380422067,
    0.02987583111757967,
    0.02948654563765169,
    0.028247089240884486,
    0.02923820018190995,
    0.034308728178592256,
    0.053524649016219686,
    0.09881291586464402,
    0.07064130835845976,
    0.058700823608465624,
    0.043572839651701625,
    0.03762301515890854,
    0.03528892087240812,
    0.03327468958283289,
    0.03284647063683205,
    0.03240495818602555,
    0.030897045986277648,
    0.030090580283062215,
    0.029767156692600636,
    0.02912777071332585,
    0.029655561083236595,
    0.02908236291905279,
    0.0287031238436397,
    0.02898850354191846,
    0.028508976229016162,
    0.028401912596134646,
    0.028375664793520685,
    0.02810877013016448,
    0.027777213351175476,
    0.027671720359574277,
    0.027444946567019003,
    0.02688809442540307,
    0.027486276772816592,
    0.02671937545728853,
    0.028828674303005047,
    0.027499159668136406,
    0.02623794529446076,
    0.026478793699717167,
    0.02631521687805588,
    0.02750942407104385,
    0.02674581456332174,
    0.025994685362505078,
    0.025973405049947662,
    0.025413242286345627,
    0.025426923918828725,
    0.025298620987166086,
    0.025287107386217877,
    0.025425996193462003,
    0.025680386914440096,
    0.025026514537405658,
    0.02546728738969587,
    0.026523692817823064,
    0.02541785111389004,
    0.02520260287177313,
    0.0250558673189746
  ],
  "memory_delta_mb": 26.10546875,
  "memory_mb": 2152.39453125,
  "method_name": "gcn",
  "metrics": {
    "test": {
      "hits_at_10": 0.2096095318267176,
      "hits_at_100": 0.4738716570614518,
      "hits_at_50": 0.4010447020224913
    },
    "valid": {
      "hits_at_10": 0.2713534385194062,
      "hits_at_100": 0.555172758138606,
      "hits_at_50": 0.47773117635310564
    }
  },
  "result_path": "/home/husam/Desktop/YTU-YL/webmining/ogl-collab-implementation/results/raw/20260515_151740_gcn_scale_0_5_seed_42.json",
  "runtime_seconds": 495.7217453080011,
  "seed": 42,
  "status": "completed",
  "timestamp": "20260515_151740"
}
