{
  "config": {
    "batch_size": 65536,
    "dropout": 0.2,
    "epochs": 200,
    "hidden_channels": 256,
    "learning_rate": 0.005,
    "num_layers": 3
  },
  "dataset_name": "ogbl-collab",
  "dataset_scale": 0.1,
  "device": "cuda",
  "experiment_config": {
    "dataset_name": "ogbl-collab",
    "dataset_scale": 0.1,
    "device": "cuda",
    "hyperparameters": {
      "batch_size": 65536,
      "dropout": 0.2,
      "epochs": 200,
      "hidden_channels": 256,
      "learning_rate": 0.005,
      "num_layers": 3
    },
    "ks": [
      10,
      50,
      100
    ],
    "method_name": "gcn",
    "save_result": true,
    "seed": 42
  },
  "losses": [
    1.3818270509345432,
    1.393108311557248,
    1.3731757552957096,
    1.369662200200902,
    1.3451551527453462,
    1.3025209911866202,
    1.2126483766001643,
    1.2628759491449195,
    1.1888163327827015,
    1.1258655211391766,
    1.1424407730201218,
    1.0665562801620725,
    0.9592882513474187,
    0.9234351863383256,
    1.0668382095191564,
    0.8776842744299577,
    0.7917499547215809,
    0.7373316574387866,
    0.6672468979952875,
    0.6373766720747402,
    0.5737473687700559,
    0.7607539911022634,
    0.930332409836076,
    0.654197610610567,
    0.6161977556844658,
    0.6195336602742292,
    0.5353002268188929,
    0.4997038580085135,
    0.438708128473048,
    0.42015350392127554,
    0.4704636555506444,
    0.4468497388882874,
    0.40819006578283584,
    0.42957670813470056,
    0.4038042875455691,
    0.37008330556233265,
    0.3440571524690345,
    0.33846100175619825,
    0.2949826442044249,
    0.2606459176938228,
    0.2991703104904087,
    0.3798383667296032,
    0.4771566155641206,
    0.5024100753918873,
    1.0217447750876056,
    0.49451853868731926,
    0.4734357680653521,
    0.36930650292419154,
    0.3544484263567275,
    0.3214637608838736,
    0.280300181804078,
    0.2993672760963278,
    0.3362651113014246,
    0.3231882655381964,
    0.26335133066751043,
    0.2681586144266832,
    0.26829479696373415,
    0.2646000715532728,
    0.2218215555484693,
    0.21455803885724192,
    0.2203314537045246,
    0.23648754286885357,
    0.2223878572811269,
    0.20052930799550134,
    0.1941277703702624,
    0.19519453820197072,
    0.17845099563096842,
    0.1778182245515128,
    0.17748286213997055,
    0.1740183392306997,
    0.16318859734381436,
    0.16918994344618932,
    0.166869076837601,
    0.1609764890944572,
    0.14897868005805057,
    0.1308765773089513,
    0.12340643828133885,
    0.11844345104183275,
    0.1193872875508287,
    0.11030696001053766,
    0.10335087475083438,
    0.10896390923785272,
    0.11032893347844312,
    0.0960864015125469,
    0.1023476486008948,
    0.09420265769979728,
    0.08921506123586564,
    0.09853024343149913,
    0.08435509513756645,
    0.08882581263364794,
    0.0921424658519359,
    0.09859521149379506,
    0.08406994312889152,
    0.07947198362293288,
    0.09040006425214792,
    0.09138233355198656,
    0.07803838238942198,
    0.07454495303420326,
    0.07735136418600715,
    0.06796104089345072,
    0.06508875881217423,
    0.06405896399899863,
    0.0588521080367979,
    0.060261342364571625,
    0.07651721971136918,
    0.06284778127770231,
    0.05589515250815214,
    0.060178574971833515,
    0.0705658031054153,
    0.05874523591180829,
    0.06333695663257155,
    0.050053650722786606,
    0.04913761949252043,
    0.05082649080507183,
    0.049515820844636446,
    0.046678453843980124,
    0.05930488163370813,
    0.05605871466535339,
    0.04678986840208221,
    0.050730043540984274,
    0.045875025978159054,
    0.0470751674117455,
    0.05205489422173846,
    0.046702692622669496,
    0.04309963882692993,
    0.04930176316966998,
    0.041560170382967755,
    0.03812420521250441,
    0.03888763370491824,
    0.038105646288656286,
    0.041361729996720824,
    0.05746716776924589,
    0.042195116013628464,
    0.06003891037104315,
    0.060182921889970174,
    0.04671035409324406,
    0.052846333979966305,
    0.03972686794367482,
    0.043052859915260304,
    0.03891160772657365,
    0.04388387161390173,
    0.04385891096279961,
    0.037305067723845155,
    0.04655200193842795,
    0.035167297333166765,
    0.04005948333910522,
    0.034713698540900756,
    0.03501210133516072,
    0.03802732942707792,
    0.031997196269688236,
    0.03789002144802674,
    0.03299260797022277,
    0.03011334860211368,
    0.03026193247458027,
    0.02946186176464129,
    0.029855419806057066,
    0.04306006711378418,
    0.030958387128748738,
    0.04814137492532201,
    0.03548786776998708,
    0.03384717317044262,
    0.03148830243721677,
    0.03173201026152545,
    0.029698490279147574,
    0.03161140023634526,
    0.027433753151399662,
    0.028301941184510657,
    0.025627210123239267,
    0.026251300423105153,
    0.025950522856991193,
    0.024931413160708033,
    0.026499240602723698,
    0.026913626121895712,
    0.03286778745562752,
    0.040397171843236934,
    0.02970354735622535,
    0.05333431644083121,
    0.06691493926921559,
    0.034296764008485046,
    0.047238264356887015,
    0.06813329414198616,
    0.10407536519131867,
    0.2771533800326081,
    0.3330060660162301,
    0.47756340005554915,
    0.45069508380493756,
    0.10359243939255369,
    0.13260496924115694,
    0.10909993300767887,
    0.10206990033169495,
    0.09092458873629534,
    0.07783029029048442,
    0.06617741693204775,
    0.07021442458926457,
    0.05131449473426292,
    0.05262377046019889,
    0.04467623591407869,
    0.04257719226468712,
    0.04106756800137238,
    0.04278353567785608
  ],
  "memory_delta_mb": 1098.43359375,
  "memory_mb": 2141.9921875,
  "method_name": "gcn",
  "metrics": {
    "test": {
      "hits_at_10": 0.10386582917826848,
      "hits_at_100": 0.28284659716376354,
      "hits_at_50": 0.21263139718103133
    },
    "valid": {
      "hits_at_10": 0.1273217495506291,
      "hits_at_100": 0.32849011384062315,
      "hits_at_50": 0.2505492310764929
    }
  },
  "result_path": "/home/husam/Desktop/YTU-YL/webmining/ogl-collab-implementation/results/raw/20260515_145337_gcn_scale_0_1_seed_42.json",
  "runtime_seconds": 54.29346347699902,
  "seed": 42,
  "status": "completed",
  "timestamp": "20260515_145337"
}
