{
  "config": {
    "batch_size": 65536,
    "dropout": 0.0,
    "epochs": 50,
    "hidden_channels": 128,
    "learning_rate": 0.01,
    "num_layers": 2
  },
  "dataset_name": "ogbl-collab",
  "dataset_scale": 1.0,
  "device": "cuda",
  "experiment_config": {
    "dataset_name": "ogbl-collab",
    "dataset_scale": 1.0,
    "device": "cuda",
    "hyperparameters": {
      "batch_size": 65536,
      "dropout": 0.0,
      "epochs": 50,
      "hidden_channels": 128,
      "learning_rate": 0.01,
      "num_layers": 2
    },
    "ks": [
      10,
      50,
      100
    ],
    "method_name": "mlp",
    "save_result": false,
    "seed": 42
  },
  "losses": [
    1.2088377027458568,
    0.8175685228330527,
    0.737111019458022,
    0.713171876098882,
    0.7051074282902273,
    0.698253858802366,
    0.6926931642525678,
    0.6825994531408484,
    0.6713253796188174,
    0.6573792523989446,
    0.6430857933571822,
    0.6316141982301358,
    0.6175145786010605,
    0.6052567408365969,
    0.5944003170675846,
    0.5821148466989571,
    0.5682394023745391,
    0.5571967990223138,
    0.5465632776180375,
    0.5332116477087385,
    0.5225416751868049,
    0.5136049198603146,
    0.504235956668696,
    0.4957355609772041,
    0.48759878394732037,
    0.4809671087632159,
    0.47335821997657784,
    0.4657854337589505,
    0.45889414515203564,
    0.45321872338742547,
    0.44508395922873817,
    0.4397658194409985,
    0.4339481009411165,
    0.4293602145169548,
    0.42417935303995163,
    0.41815771579749306,
    0.41227702877379424,
    0.4093729443891735,
    0.404615028140217,
    0.4008886728163135,
    0.39837514330437523,
    0.39525708598872317,
    0.3919339115117979,
    0.3928727937947124,
    0.38612963296411984,
    0.3829589630521791,
    0.38193222665462556,
    0.38010758857204974,
    0.37557368146531717,
    0.37391461072088095
  ],
  "memory_delta_mb": 1.10546875,
  "memory_mb": 1791.3515625,
  "method_name": "mlp",
  "metrics": {
    "test": {
      "hits_at_10": 0.015303589544345873,
      "hits_at_100": 0.0626173670918863,
      "hits_at_50": 0.041118953571197304
    },
    "valid": {
      "hits_at_10": 0.02564742693562346,
      "hits_at_100": 0.09629851541175688,
      "hits_at_50": 0.06740563211503894
    }
  },
  "runtime_seconds": 19.79709451400413,
  "seed": 42,
  "status": "completed",
  "timestamp": "20260502_211032_mlp_scale_1_0_run_005",
  "tuning": {
    "grid": {
      "dropout": [
        0.0,
        0.2,
        0.5
      ],
      "hidden_channels": [
        128,
        256
      ],
      "learning_rate": [
        0.001,
        0.005,
        0.01
      ],
      "num_layers": [
        2,
        3
      ]
    },
    "preset": "full",
    "run_index": 5,
    "selection_metric": "hits_at_50",
    "selection_score": 0.06740563211503894,
    "selection_split": "valid",
    "tuning_id": "20260502_211032_mlp_scale_1_0"
  }
}
