{
  "config": {
    "batch_size": 65536,
    "dropout": 0.5,
    "epochs": 50,
    "hidden_channels": 256,
    "learning_rate": 0.001,
    "num_layers": 3
  },
  "dataset_name": "ogbl-collab",
  "dataset_scale": 1.0,
  "device": "cuda",
  "experiment_config": {
    "dataset_name": "ogbl-collab",
    "dataset_scale": 1.0,
    "device": "cuda",
    "hyperparameters": {
      "batch_size": 65536,
      "dropout": 0.5,
      "epochs": 50,
      "hidden_channels": 256,
      "learning_rate": 0.001,
      "num_layers": 3
    },
    "ks": [
      10,
      50,
      100
    ],
    "method_name": "mlp",
    "save_result": false,
    "seed": 42
  },
  "losses": [
    1.3561099322442205,
    1.1131453166904992,
    0.8326559713240496,
    0.7307266471098111,
    0.6765133535624208,
    0.6402082881042674,
    0.6100110324868704,
    0.582164396771378,
    0.5607600646254631,
    0.5409193995397589,
    0.5216443339879145,
    0.5078644642796312,
    0.49243639354798213,
    0.48117062943226874,
    0.4721109689840866,
    0.4622729909340827,
    0.453741645776125,
    0.44487160427031175,
    0.4390204095795725,
    0.4334578432854344,
    0.42664995480193935,
    0.4222164014127018,
    0.41745511776014693,
    0.41239342912618815,
    0.4075123710902407,
    0.4037056202318057,
    0.39968450734076416,
    0.39619684118658727,
    0.3925320632545178,
    0.38977775916848,
    0.3868230839579193,
    0.3831500412833318,
    0.37963114705445544,
    0.37694456560634704,
    0.3755101417679495,
    0.37241297326578987,
    0.3717726782420139,
    0.3683472857678124,
    0.36540665312648213,
    0.36273587827881665,
    0.36094814825561006,
    0.3598903694296338,
    0.35782721901737224,
    0.35732412454902884,
    0.35474115287311286,
    0.35377737676378296,
    0.3518096221580692,
    0.3496719414608506,
    0.34856496764629163,
    0.3465435193733176
  ],
  "memory_delta_mb": 5.24609375,
  "memory_mb": 1841.55859375,
  "method_name": "mlp",
  "metrics": {
    "test": {
      "hits_at_10": 0.024800880657903257,
      "hits_at_100": 0.10330462561246735,
      "hits_at_50": 0.05583975479721125
    },
    "valid": {
      "hits_at_10": 0.029958058717795086,
      "hits_at_100": 0.13462818720458025,
      "hits_at_50": 0.07534451767525464
    }
  },
  "runtime_seconds": 29.55992872599745,
  "seed": 42,
  "status": "completed",
  "timestamp": "20260502_211032_mlp_scale_1_0_run_032",
  "tuning": {
    "grid": {
      "dropout": [
        0.0,
        0.2,
        0.5
      ],
      "hidden_channels": [
        128,
        256
      ],
      "learning_rate": [
        0.001,
        0.005,
        0.01
      ],
      "num_layers": [
        2,
        3
      ]
    },
    "preset": "full",
    "run_index": 32,
    "selection_metric": "hits_at_50",
    "selection_score": 0.07534451767525464,
    "selection_split": "valid",
    "tuning_id": "20260502_211032_mlp_scale_1_0"
  }
}
