{
  "config": {
    "batch_size": 65536,
    "dropout": 0.2,
    "epochs": 50,
    "hidden_channels": 128,
    "learning_rate": 0.005,
    "num_layers": 3
  },
  "dataset_name": "ogbl-collab",
  "dataset_scale": 1.0,
  "device": "cuda",
  "experiment_config": {
    "dataset_name": "ogbl-collab",
    "dataset_scale": 1.0,
    "device": "cuda",
    "hyperparameters": {
      "batch_size": 65536,
      "dropout": 0.2,
      "epochs": 50,
      "hidden_channels": 128,
      "learning_rate": 0.005,
      "num_layers": 3
    },
    "ks": [
      10,
      50,
      100
    ],
    "method_name": "mlp",
    "save_result": false,
    "seed": 42
  },
  "losses": [
    1.2312446611849337,
    0.811525215414893,
    0.7258994913600094,
    0.6783330871083373,
    0.6491470462540351,
    0.6264971987311886,
    0.6004519947579035,
    0.5751675789978632,
    0.5510011069955316,
    0.5284074350764802,
    0.5084633330479497,
    0.4892730500517369,
    0.47084852167090535,
    0.46613836788593443,
    0.4482110768110414,
    0.4364995354984487,
    0.4263538842043095,
    0.41791675847420956,
    0.41060105130440744,
    0.40485882478737273,
    0.40026124645006556,
    0.3910674836754143,
    0.38840291351651696,
    0.3826332085794148,
    0.37791938604689457,
    0.37416010871016214,
    0.37028042699703106,
    0.3668406798064668,
    0.3640414568134238,
    0.3628788723336126,
    0.35928719335778536,
    0.3581113389417595,
    0.35348389534557106,
    0.3510213168876868,
    0.35003469227787637,
    0.3478419036927362,
    0.3489027808708231,
    0.34681572960972035,
    0.34482905570602124,
    0.3420586012043759,
    0.34065938688992614,
    0.33951570384741336,
    0.3397047701549355,
    0.337139494073202,
    0.3374366597378127,
    0.33494211256752576,
    0.33441892559572034,
    0.33362137728301305,
    0.3324120469026075,
    0.3317837413219975
  ],
  "memory_delta_mb": 5.2578125,
  "memory_mb": 1833.48046875,
  "method_name": "mlp",
  "metrics": {
    "test": {
      "hits_at_10": 0.019555785792915885,
      "hits_at_100": 0.07941030456085821,
      "hits_at_50": 0.04528481080964407
    },
    "valid": {
      "hits_at_10": 0.0247986152719526,
      "hits_at_100": 0.10764929099261035,
      "hits_at_50": 0.060698355635443714
    }
  },
  "runtime_seconds": 22.801355107003474,
  "seed": 42,
  "status": "completed",
  "timestamp": "20260502_211032_mlp_scale_1_0_run_016",
  "tuning": {
    "grid": {
      "dropout": [
        0.0,
        0.2,
        0.5
      ],
      "hidden_channels": [
        128,
        256
      ],
      "learning_rate": [
        0.001,
        0.005,
        0.01
      ],
      "num_layers": [
        2,
        3
      ]
    },
    "preset": "full",
    "run_index": 16,
    "selection_metric": "hits_at_50",
    "selection_score": 0.060698355635443714,
    "selection_split": "valid",
    "tuning_id": "20260502_211032_mlp_scale_1_0"
  }
}
