{
  "config": {
    "batch_size": 65536,
    "dropout": 0.2,
    "epochs": 50,
    "hidden_channels": 256,
    "learning_rate": 0.001,
    "num_layers": 2
  },
  "dataset_name": "ogbl-collab",
  "dataset_scale": 1.0,
  "device": "cuda",
  "experiment_config": {
    "dataset_name": "ogbl-collab",
    "dataset_scale": 1.0,
    "device": "cuda",
    "hyperparameters": {
      "batch_size": 65536,
      "dropout": 0.2,
      "epochs": 50,
      "hidden_channels": 256,
      "learning_rate": 0.001,
      "num_layers": 2
    },
    "ks": [
      10,
      50,
      100
    ],
    "method_name": "mlp",
    "save_result": false,
    "seed": 42
  },
  "losses": [
    1.3695373994614493,
    1.3066424663789578,
    1.2106880289508462,
    1.0982127177616743,
    0.9945581111646442,
    0.9132266121821279,
    0.8536607310191213,
    0.8128030893236554,
    0.7840873999814565,
    0.7630400147074327,
    0.7480034366564124,
    0.7364646113454352,
    0.725507165653295,
    0.7159343115558195,
    0.7084505435521915,
    0.702894506161972,
    0.694655009830091,
    0.6902610445628572,
    0.6826792257188493,
    0.6772992318322402,
    0.6710699158915854,
    0.6654859864952758,
    0.6598165249972786,
    0.6536839176559632,
    0.6472909661846693,
    0.640328626860818,
    0.6354543417667413,
    0.6282130863044991,
    0.6232417061975134,
    0.6163220038025771,
    0.6100773034275636,
    0.6038838643614356,
    0.5985172084998989,
    0.5926631478726586,
    0.587604087393792,
    0.5824704201408156,
    0.5788214715202364,
    0.5728398851122227,
    0.570213933771332,
    0.5655027804759205,
    0.5612665114941772,
    0.5582072729375059,
    0.5537411869254701,
    0.5500462735504418,
    0.5472119811956548,
    0.5422551659181637,
    0.5393345631048578,
    0.5357013688207803,
    0.5322640725251717,
    0.5296282701667134
  ],
  "memory_delta_mb": 4.2265625,
  "memory_mb": 1833.49609375,
  "method_name": "mlp",
  "metrics": {
    "test": {
      "hits_at_10": 0.009410952103434135,
      "hits_at_100": 0.03304625612467353,
      "hits_at_50": 0.021109887975134366
    },
    "valid": {
      "hits_at_10": 0.012282804074295986,
      "hits_at_100": 0.04137540776246588,
      "hits_at_50": 0.024915118833632913
    }
  },
  "runtime_seconds": 22.908784434002882,
  "seed": 42,
  "status": "completed",
  "timestamp": "20260502_211032_mlp_scale_1_0_run_019",
  "tuning": {
    "grid": {
      "dropout": [
        0.0,
        0.2,
        0.5
      ],
      "hidden_channels": [
        128,
        256
      ],
      "learning_rate": [
        0.001,
        0.005,
        0.01
      ],
      "num_layers": [
        2,
        3
      ]
    },
    "preset": "full",
    "run_index": 19,
    "selection_metric": "hits_at_50",
    "selection_score": 0.024915118833632913,
    "selection_split": "valid",
    "tuning_id": "20260502_211032_mlp_scale_1_0"
  }
}
