{
  "config": {
    "batch_size": 65536,
    "dropout": 0.2,
    "epochs": 50,
    "hidden_channels": 256,
    "learning_rate": 0.001,
    "num_layers": 3
  },
  "dataset_name": "ogbl-collab",
  "dataset_scale": 1.0,
  "device": "cuda",
  "experiment_config": {
    "dataset_name": "ogbl-collab",
    "dataset_scale": 1.0,
    "device": "cuda",
    "hyperparameters": {
      "batch_size": 65536,
      "dropout": 0.2,
      "epochs": 50,
      "hidden_channels": 256,
      "learning_rate": 0.001,
      "num_layers": 3
    },
    "ks": [
      10,
      50,
      100
    ],
    "method_name": "mlp",
    "save_result": false,
    "seed": 42
  },
  "losses": [
    1.3542601887226948,
    1.1020630099388937,
    0.8247346933320369,
    0.7506231393096089,
    0.7070284787745906,
    0.6723367197449204,
    0.6407593404245421,
    0.611561460753956,
    0.5866742792670733,
    0.5632113974584787,
    0.5399444336025513,
    0.5200532152977064,
    0.49995437996874886,
    0.48265774498314623,
    0.468288047298957,
    0.45376181147298594,
    0.4428804162817997,
    0.43051638837186024,
    0.4237621662104834,
    0.4167200240421308,
    0.407857674911829,
    0.4027891842022913,
    0.3976404577455146,
    0.39200966872998616,
    0.38705572260426946,
    0.383122006405699,
    0.378944709307037,
    0.37496075238143217,
    0.370736731728837,
    0.36735637226790574,
    0.3641067403049204,
    0.3606976323755324,
    0.35694330919426404,
    0.3543149583340411,
    0.35200823812626647,
    0.34862797644459104,
    0.34795058532856077,
    0.34406385867341444,
    0.3408434094370514,
    0.33842155334391494,
    0.33612425698661524,
    0.334713817606403,
    0.333345844409333,
    0.33257632611297855,
    0.3302022436783906,
    0.3282182930366043,
    0.3258834414885441,
    0.3238618491149822,
    0.32250412733151074,
    0.3204350865975988
  ],
  "memory_delta_mb": 4.23046875,
  "memory_mb": 1833.5,
  "method_name": "mlp",
  "metrics": {
    "test": {
      "hits_at_10": 0.02898832264888083,
      "hits_at_100": 0.1401066286775022,
      "hits_at_50": 0.07043104750804031
    },
    "valid": {
      "hits_at_10": 0.04160841488582651,
      "hits_at_100": 0.1793489115238666,
      "hits_at_50": 0.09981026562812063
    }
  },
  "runtime_seconds": 29.670867862994783,
  "seed": 42,
  "status": "completed",
  "timestamp": "20260502_211032_mlp_scale_1_0_run_020",
  "tuning": {
    "grid": {
      "dropout": [
        0.0,
        0.2,
        0.5
      ],
      "hidden_channels": [
        128,
        256
      ],
      "learning_rate": [
        0.001,
        0.005,
        0.01
      ],
      "num_layers": [
        2,
        3
      ]
    },
    "preset": "full",
    "run_index": 20,
    "selection_metric": "hits_at_50",
    "selection_score": 0.09981026562812063,
    "selection_split": "valid",
    "tuning_id": "20260502_211032_mlp_scale_1_0"
  }
}
