{
  "config": {
    "batch_size": 65536,
    "dropout": 0.0,
    "epochs": 50,
    "hidden_channels": 128,
    "learning_rate": 0.005,
    "num_layers": 2
  },
  "dataset_name": "ogbl-collab",
  "dataset_scale": 1.0,
  "device": "cuda",
  "experiment_config": {
    "dataset_name": "ogbl-collab",
    "dataset_scale": 1.0,
    "device": "cuda",
    "hyperparameters": {
      "batch_size": 65536,
      "dropout": 0.0,
      "epochs": 50,
      "hidden_channels": 128,
      "learning_rate": 0.005,
      "num_layers": 2
    },
    "ks": [
      10,
      50,
      100
    ],
    "method_name": "mlp",
    "save_result": false,
    "seed": 42
  },
  "losses": [
    1.3003089891102677,
    1.0068113075641139,
    0.8064323189457447,
    0.7425347008321276,
    0.7217362661523432,
    0.7091879552165727,
    0.7014664532451458,
    0.6948523156454768,
    0.6893919638158685,
    0.6809427712132646,
    0.6720673250669075,
    0.6625570238536612,
    0.6498407924534351,
    0.6388973530514506,
    0.6286907969328251,
    0.6177972987764997,
    0.6060879471985,
    0.597200690200579,
    0.587527945984345,
    0.5766229487139063,
    0.5676438850563964,
    0.5587700731728509,
    0.5486932960000896,
    0.53970533905267,
    0.5304062161325245,
    0.5225122899855118,
    0.5142397936961264,
    0.5067540715802957,
    0.49993664316212305,
    0.49410895756218953,
    0.4866715821694445,
    0.479976617648187,
    0.4742919775282148,
    0.4691632941010815,
    0.46356225239452165,
    0.45780989152851653,
    0.452291214908899,
    0.44871590554669516,
    0.44295901029873663,
    0.43883508317429615,
    0.4353394404983914,
    0.4317823188935876,
    0.42777054551945426,
    0.4241450160364377,
    0.4203378903753506,
    0.4169131518255525,
    0.41480058858495106,
    0.412282136997386,
    0.4087005128723592,
    0.40548762049795767
  ],
  "memory_delta_mb": 2.10546875,
  "memory_mb": 1791.03515625,
  "method_name": "mlp",
  "metrics": {
    "test": {
      "hits_at_10": 0.011936368149539165,
      "hits_at_100": 0.05340067776122947,
      "hits_at_50": 0.034255002266399014
    },
    "valid": {
      "hits_at_10": 0.020504626855735304,
      "hits_at_100": 0.07810731642367352,
      "hits_at_50": 0.05129485387124692
    }
  },
  "runtime_seconds": 19.676946020998002,
  "seed": 42,
  "status": "completed",
  "timestamp": "20260502_211032_mlp_scale_1_0_run_003",
  "tuning": {
    "grid": {
      "dropout": [
        0.0,
        0.2,
        0.5
      ],
      "hidden_channels": [
        128,
        256
      ],
      "learning_rate": [
        0.001,
        0.005,
        0.01
      ],
      "num_layers": [
        2,
        3
      ]
    },
    "preset": "full",
    "run_index": 3,
    "selection_metric": "hits_at_50",
    "selection_score": 0.05129485387124692,
    "selection_split": "valid",
    "tuning_id": "20260502_211032_mlp_scale_1_0"
  }
}
