{
  "config": {
    "batch_size": 65536,
    "dropout": 0.0,
    "epochs": 50,
    "hidden_channels": 128,
    "learning_rate": 0.005,
    "num_layers": 3
  },
  "dataset_name": "ogbl-collab",
  "dataset_scale": 1.0,
  "device": "cuda",
  "experiment_config": {
    "dataset_name": "ogbl-collab",
    "dataset_scale": 1.0,
    "device": "cuda",
    "hyperparameters": {
      "batch_size": 65536,
      "dropout": 0.0,
      "epochs": 50,
      "hidden_channels": 128,
      "learning_rate": 0.005,
      "num_layers": 3
    },
    "ks": [
      10,
      50,
      100
    ],
    "method_name": "mlp",
    "save_result": false,
    "seed": 42
  },
  "losses": [
    1.2348385674389621,
    0.7928358606822348,
    0.7285845914582973,
    0.7054562357363019,
    0.7011735902877839,
    0.6848926833122232,
    0.6683086712904098,
    0.6487116047087758,
    0.6341004502013251,
    0.6117397433493015,
    0.5937847160966012,
    0.5833331355765067,
    0.576663151555533,
    0.5666579006650534,
    0.5608782861483443,
    0.556976091090771,
    0.549658888282437,
    0.543428978599137,
    0.545407535714664,
    0.534367057420503,
    0.5284780657116337,
    0.5211868918282209,
    0.5158570568121775,
    0.5116050455229235,
    0.5029522731442659,
    0.49485018961064714,
    0.49169010486327225,
    0.48259984918671045,
    0.4741349661860593,
    0.4731247160727469,
    0.46447393350188393,
    0.454923725963148,
    0.44828138453763794,
    0.4539320784468722,
    0.4426451151441364,
    0.4350117974486467,
    0.4309925386285065,
    0.42648400408017606,
    0.4197431753650514,
    0.43260781216435285,
    0.4173633554618482,
    0.41190324187711885,
    0.40723707230476763,
    0.4078045797384906,
    0.404513411119825,
    0.399356392607641,
    0.3963004174273629,
    0.396351972284013,
    0.39282235330355925,
    0.39398574741078635
  ],
  "memory_delta_mb": 2.421875,
  "memory_mb": 1792.3515625,
  "method_name": "mlp",
  "metrics": {
    "test": {
      "hits_at_10": 0.011072978048306675,
      "hits_at_100": 0.05024930389173088,
      "hits_at_50": 0.029786958492520884
    },
    "valid": {
      "hits_at_10": 0.017142666932960522,
      "hits_at_100": 0.06439318287730511,
      "hits_at_50": 0.043405898408894215
    }
  },
  "runtime_seconds": 21.65980530599336,
  "seed": 42,
  "status": "completed",
  "timestamp": "20260502_211032_mlp_scale_1_0_run_004",
  "tuning": {
    "grid": {
      "dropout": [
        0.0,
        0.2,
        0.5
      ],
      "hidden_channels": [
        128,
        256
      ],
      "learning_rate": [
        0.001,
        0.005,
        0.01
      ],
      "num_layers": [
        2,
        3
      ]
    },
    "preset": "full",
    "run_index": 4,
    "selection_metric": "hits_at_50",
    "selection_score": 0.043405898408894215,
    "selection_split": "valid",
    "tuning_id": "20260502_211032_mlp_scale_1_0"
  }
}
