{
  "config": {
    "batch_size": 65536,
    "dropout": 0.5,
    "epochs": 50,
    "hidden_channels": 128,
    "learning_rate": 0.005,
    "num_layers": 3
  },
  "dataset_name": "ogbl-collab",
  "dataset_scale": 1.0,
  "device": "cuda",
  "experiment_config": {
    "dataset_name": "ogbl-collab",
    "dataset_scale": 1.0,
    "device": "cuda",
    "hyperparameters": {
      "batch_size": 65536,
      "dropout": 0.5,
      "epochs": 50,
      "hidden_channels": 128,
      "learning_rate": 0.005,
      "num_layers": 3
    },
    "ks": [
      10,
      50,
      100
    ],
    "method_name": "mlp",
    "save_result": false,
    "seed": 42
  },
  "losses": [
    1.242753280817815,
    0.8206768049861528,
    0.7041622231230454,
    0.6632469658307867,
    0.6393630967675882,
    0.6157574180582638,
    0.5946044422985399,
    0.572665448794415,
    0.5530447028409871,
    0.5388401480068519,
    0.5273149973757812,
    0.5111068161076084,
    0.5012034890553533,
    0.48982847687365483,
    0.4808397325620681,
    0.4744749649732448,
    0.46899129864375744,
    0.46080540701066647,
    0.4524437635467181,
    0.4476226738460367,
    0.44424524638045704,
    0.43801505687069653,
    0.43457634360970065,
    0.4299484883692313,
    0.4251877091912743,
    0.4216890952897588,
    0.419681887597764,
    0.417379052033532,
    0.4156810851782452,
    0.41243237023691465,
    0.4082990469880078,
    0.4064356904652085,
    0.4049229754564631,
    0.4021973489045968,
    0.40137570687244106,
    0.3993836550233294,
    0.3998516610318051,
    0.39481411295072893,
    0.39491998865780703,
    0.3935543947543097,
    0.3918386567085552,
    0.3910659992374106,
    0.39018634975457794,
    0.38833176230815497,
    0.38843929091229396,
    0.38600612413224283,
    0.3844424551656777,
    0.38308525786993763,
    0.38155346544750074,
    0.3809030545302481
  ],
  "memory_delta_mb": 5.234375,
  "memory_mb": 1856.5078125,
  "method_name": "mlp",
  "metrics": {
    "test": {
      "hits_at_10": 0.015972716872801055,
      "hits_at_100": 0.06725808888601092,
      "hits_at_50": 0.04325584407174772
    },
    "valid": {
      "hits_at_10": 0.017175953664869185,
      "hits_at_100": 0.09180480660408762,
      "hits_at_50": 0.05592170960655083
    }
  },
  "runtime_seconds": 22.74728766800399,
  "seed": 42,
  "status": "completed",
  "timestamp": "20260502_211032_mlp_scale_1_0_run_028",
  "tuning": {
    "grid": {
      "dropout": [
        0.0,
        0.2,
        0.5
      ],
      "hidden_channels": [
        128,
        256
      ],
      "learning_rate": [
        0.001,
        0.005,
        0.01
      ],
      "num_layers": [
        2,
        3
      ]
    },
    "preset": "full",
    "run_index": 28,
    "selection_metric": "hits_at_50",
    "selection_score": 0.05592170960655083,
    "selection_split": "valid",
    "tuning_id": "20260502_211032_mlp_scale_1_0"
  }
}
