{
  "config": {
    "batch_size": 65536,
    "dropout": 0.0,
    "epochs": 50,
    "hidden_channels": 128,
    "learning_rate": 0.01,
    "num_layers": 3
  },
  "dataset_name": "ogbl-collab",
  "dataset_scale": 1.0,
  "device": "cuda",
  "experiment_config": {
    "dataset_name": "ogbl-collab",
    "dataset_scale": 1.0,
    "device": "cuda",
    "hyperparameters": {
      "batch_size": 65536,
      "dropout": 0.0,
      "epochs": 50,
      "hidden_channels": 128,
      "learning_rate": 0.01,
      "num_layers": 3
    },
    "ks": [
      10,
      50,
      100
    ],
    "method_name": "mlp",
    "save_result": false,
    "seed": 42
  },
  "losses": [
    1.1388367818154543,
    0.7600025061431268,
    0.7170543129154563,
    0.694736916397258,
    0.7010071428739598,
    0.6691013890075359,
    0.6563851450382101,
    0.6464249754488455,
    0.6466371339297063,
    0.633107322981033,
    0.6477622212299704,
    0.6302319662864638,
    0.6116224536025819,
    0.6018228647618812,
    0.5935997643800305,
    0.5816765574280139,
    0.5654345436829946,
    0.558815196063737,
    0.5445791036236868,
    0.5668701702622713,
    0.5333539511254013,
    0.5208957827930842,
    0.5130604533553405,
    0.5056953628978583,
    0.4989598840542318,
    0.4993970023230013,
    0.48835413538659794,
    0.47787749194517476,
    0.4760294714051988,
    0.46520282712771616,
    0.465416271414243,
    0.4556140919582161,
    0.44411515237216875,
    0.4384872608305446,
    0.4345114171434807,
    0.44417069716460555,
    0.4305921114855626,
    0.4261226844156372,
    0.42044412649859997,
    0.4182792131067261,
    0.4446679381014645,
    0.4266501293919663,
    0.41787778402346,
    0.41050711960283015,
    0.40720240699242055,
    0.4051941428056048,
    0.40254435196823685,
    0.4020747626824048,
    0.398277244746388,
    0.3989064161737248
  ],
  "memory_delta_mb": 0.82421875,
  "memory_mb": 1791.0703125,
  "method_name": "mlp",
  "metrics": {
    "test": {
      "hits_at_10": 0.013878995877312266,
      "hits_at_100": 0.04444300546094239,
      "hits_at_50": 0.029981221265298192
    },
    "valid": {
      "hits_at_10": 0.017059450103188867,
      "hits_at_100": 0.05726982224885161,
      "hits_at_50": 0.041491911324146195
    }
  },
  "runtime_seconds": 21.70889583999815,
  "seed": 42,
  "status": "completed",
  "timestamp": "20260502_211032_mlp_scale_1_0_run_006",
  "tuning": {
    "grid": {
      "dropout": [
        0.0,
        0.2,
        0.5
      ],
      "hidden_channels": [
        128,
        256
      ],
      "learning_rate": [
        0.001,
        0.005,
        0.01
      ],
      "num_layers": [
        2,
        3
      ]
    },
    "preset": "full",
    "run_index": 6,
    "selection_metric": "hits_at_50",
    "selection_score": 0.041491911324146195,
    "selection_split": "valid",
    "tuning_id": "20260502_211032_mlp_scale_1_0"
  }
}
