{
  "config": {
    "batch_size": 65536,
    "dropout": 0.2,
    "epochs": 50,
    "hidden_channels": 128,
    "learning_rate": 0.001,
    "num_layers": 2
  },
  "dataset_name": "ogbl-collab",
  "dataset_scale": 1.0,
  "device": "cuda",
  "experiment_config": {
    "dataset_name": "ogbl-collab",
    "dataset_scale": 1.0,
    "device": "cuda",
    "hyperparameters": {
      "batch_size": 65536,
      "dropout": 0.2,
      "epochs": 50,
      "hidden_channels": 128,
      "learning_rate": 0.001,
      "num_layers": 2
    },
    "ks": [
      10,
      50,
      100
    ],
    "method_name": "mlp",
    "save_result": false,
    "seed": 42
  },
  "losses": [
    1.3758416325802778,
    1.3357254426264016,
    1.2735379064390422,
    1.1958455253171454,
    1.112356767077532,
    1.03406177912419,
    0.9670270064917422,
    0.9129452972113191,
    0.8707909422263599,
    0.8381665478064481,
    0.8129765939285938,
    0.7925143291290828,
    0.7766058766344406,
    0.7634505868430841,
    0.7524002744504417,
    0.7425266991424754,
    0.7353213016736095,
    0.7278950207425846,
    0.7213167941152552,
    0.715743454101858,
    0.7111344072567553,
    0.7055775312990298,
    0.700421408209923,
    0.6966166309070917,
    0.6925356597519067,
    0.6880293816375265,
    0.6847731171725115,
    0.6806791756492362,
    0.6754949622268397,
    0.6718017643460538,
    0.6667354996223797,
    0.6612550296945152,
    0.6567000965603387,
    0.6520997198099022,
    0.6466249187902365,
    0.640987370344953,
    0.6364883260527419,
    0.6327820006711125,
    0.6276556284339325,
    0.6244898940461385,
    0.6200091611107427,
    0.6173081358081453,
    0.6128813631255208,
    0.608761512658862,
    0.6055618956905123,
    0.6026466714787972,
    0.5995871292854943,
    0.5968258554001648,
    0.5937546467668879,
    0.5889375586715524
  ],
  "memory_delta_mb": 1.74609375,
  "memory_mb": 1801.4609375,
  "method_name": "mlp",
  "metrics": {
    "test": {
      "hits_at_10": 0.006497010511774482,
      "hits_at_100": 0.030866196119061495,
      "hits_at_50": 0.02106671847007274
    },
    "valid": {
      "hits_at_10": 0.008221822781439318,
      "hits_at_100": 0.03515078889554624,
      "hits_at_50": 0.022951201651021904
    }
  },
  "runtime_seconds": 20.391452012001537,
  "seed": 42,
  "status": "completed",
  "timestamp": "20260502_211032_mlp_scale_1_0_run_013",
  "tuning": {
    "grid": {
      "dropout": [
        0.0,
        0.2,
        0.5
      ],
      "hidden_channels": [
        128,
        256
      ],
      "learning_rate": [
        0.001,
        0.005,
        0.01
      ],
      "num_layers": [
        2,
        3
      ]
    },
    "preset": "full",
    "run_index": 13,
    "selection_metric": "hits_at_50",
    "selection_score": 0.022951201651021904,
    "selection_split": "valid",
    "tuning_id": "20260502_211032_mlp_scale_1_0"
  }
}
