{
  "config": {
    "batch_size": 65536,
    "dropout": 0.0,
    "epochs": 50,
    "hidden_channels": 256,
    "learning_rate": 0.005,
    "num_layers": 3
  },
  "dataset_name": "ogbl-collab",
  "dataset_scale": 1.0,
  "device": "cuda",
  "experiment_config": {
    "dataset_name": "ogbl-collab",
    "dataset_scale": 1.0,
    "device": "cuda",
    "hyperparameters": {
      "batch_size": 65536,
      "dropout": 0.0,
      "epochs": 50,
      "hidden_channels": 256,
      "learning_rate": 0.005,
      "num_layers": 3
    },
    "ks": [
      10,
      50,
      100
    ],
    "method_name": "mlp",
    "save_result": false,
    "seed": 42
  },
  "losses": [
    1.1367624956970799,
    0.7591100076328089,
    0.7136226978536827,
    0.6851105786305953,
    0.6506513025789421,
    0.6135480471378324,
    0.5741088801756923,
    0.5409170590627196,
    0.5127077290111748,
    0.49014889098950587,
    0.4676008424841074,
    0.45044845704444103,
    0.4366629485461365,
    0.4224666201062081,
    0.4117178284806022,
    0.3945274386628928,
    0.38490172231797076,
    0.3836211127058927,
    0.3676016999036046,
    0.3582742227970492,
    0.348565076777128,
    0.3819332341347504,
    0.37592005948145246,
    0.34115372442847064,
    0.3341361364611025,
    0.327454215355236,
    0.325120817883235,
    0.32176543406767744,
    0.3196070668906954,
    0.3192384238121986,
    0.32076087026079164,
    0.3176756766256423,
    0.3118073223877044,
    0.30951129504761343,
    0.31020810875682486,
    0.3081387978293313,
    0.30551738220105074,
    0.3048613838478649,
    0.3066171523533752,
    0.3034547639493576,
    0.2999083879152822,
    0.29903199745238523,
    0.30020934922463355,
    0.3047806996952975,
    0.2976830804005404,
    0.2956328158142207,
    0.29271791081836623,
    0.3005166461764202,
    0.2959649704361919,
    0.2940571059865027
  ],
  "memory_delta_mb": 0.00390625,
  "memory_mb": 1799.69140625,
  "method_name": "mlp",
  "metrics": {
    "test": {
      "hits_at_10": 0.026247059077467678,
      "hits_at_100": 0.13417082173152886,
      "hits_at_50": 0.07483433702432601
    },
    "valid": {
      "hits_at_10": 0.043605618800346184,
      "hits_at_100": 0.17959856201318156,
      "hits_at_50": 0.11227614672791425
    }
  },
  "runtime_seconds": 27.161952651003958,
  "seed": 42,
  "status": "completed",
  "timestamp": "20260502_211032_mlp_scale_1_0_run_010",
  "tuning": {
    "grid": {
      "dropout": [
        0.0,
        0.2,
        0.5
      ],
      "hidden_channels": [
        128,
        256
      ],
      "learning_rate": [
        0.001,
        0.005,
        0.01
      ],
      "num_layers": [
        2,
        3
      ]
    },
    "preset": "full",
    "run_index": 10,
    "selection_metric": "hits_at_50",
    "selection_score": 0.11227614672791425,
    "selection_split": "valid",
    "tuning_id": "20260502_211032_mlp_scale_1_0"
  }
}
