{
  "config": {
    "batch_size": 65536,
    "dropout": 0.5,
    "epochs": 50,
    "hidden_channels": 256,
    "learning_rate": 0.005,
    "num_layers": 3
  },
  "dataset_name": "ogbl-collab",
  "dataset_scale": 1.0,
  "device": "cuda",
  "experiment_config": {
    "dataset_name": "ogbl-collab",
    "dataset_scale": 1.0,
    "device": "cuda",
    "hyperparameters": {
      "batch_size": 65536,
      "dropout": 0.5,
      "epochs": 50,
      "hidden_channels": 256,
      "learning_rate": 0.005,
      "num_layers": 3
    },
    "ks": [
      10,
      50,
      100
    ],
    "method_name": "mlp",
    "save_result": false,
    "seed": 42
  },
  "losses": [
    1.142482028583634,
    0.7553563295062136,
    0.6566061403196155,
    0.599416223710433,
    0.563985145101555,
    0.5273843729566736,
    0.5113075195842965,
    0.47597034762574775,
    0.456680087435517,
    0.4417332391974299,
    0.42735076318972115,
    0.41210230725361646,
    0.40815801200092533,
    0.39363890707035626,
    0.3856908099559605,
    0.3785776171347728,
    0.37130283863883623,
    0.36806923587764034,
    0.36131978641993645,
    0.3644763708113815,
    0.3556567475755328,
    0.35136655711700776,
    0.3479074347731306,
    0.34470829623688704,
    0.3438585023633743,
    0.34187787764208216,
    0.33761572415024316,
    0.3361784552750771,
    0.33473266376396904,
    0.3330691329106898,
    0.3314105846017345,
    0.3280591984837739,
    0.3268809797871094,
    0.3253036617301743,
    0.32479234582364036,
    0.3218329941135314,
    0.32266610069750634,
    0.32111073300600695,
    0.3246271243629254,
    0.3186891674797255,
    0.3164380959329574,
    0.3152915892368979,
    0.31964005238558607,
    0.31728121492836764,
    0.3152142084567601,
    0.3147607838922328,
    0.31258580026829513,
    0.31129352684833694,
    0.309985222930612,
    0.30935528819324815
  ],
  "memory_delta_mb": 5.24609375,
  "memory_mb": 1841.578125,
  "method_name": "mlp",
  "metrics": {
    "test": {
      "hits_at_10": 0.03276565434177297,
      "hits_at_100": 0.14548123205767446,
      "hits_at_50": 0.07787778713117054
    },
    "valid": {
      "hits_at_10": 0.04210771586445643,
      "hits_at_100": 0.18554024365887758,
      "hits_at_50": 0.10467012848678517
    }
  },
  "runtime_seconds": 29.494465056995978,
  "seed": 42,
  "status": "completed",
  "timestamp": "20260502_211032_mlp_scale_1_0_run_034",
  "tuning": {
    "grid": {
      "dropout": [
        0.0,
        0.2,
        0.5
      ],
      "hidden_channels": [
        128,
        256
      ],
      "learning_rate": [
        0.001,
        0.005,
        0.01
      ],
      "num_layers": [
        2,
        3
      ]
    },
    "preset": "full",
    "run_index": 34,
    "selection_metric": "hits_at_50",
    "selection_score": 0.10467012848678517,
    "selection_split": "valid",
    "tuning_id": "20260502_211032_mlp_scale_1_0"
  }
}
