{
  "config": {
    "batch_size": 65536,
    "dropout": 0.2,
    "epochs": 50,
    "hidden_channels": 256,
    "learning_rate": 0.005,
    "num_layers": 2
  },
  "dataset_name": "ogbl-collab",
  "dataset_scale": 1.0,
  "device": "cuda",
  "experiment_config": {
    "dataset_name": "ogbl-collab",
    "dataset_scale": 1.0,
    "device": "cuda",
    "hyperparameters": {
      "batch_size": 65536,
      "dropout": 0.2,
      "epochs": 50,
      "hidden_channels": 256,
      "learning_rate": 0.005,
      "num_layers": 2
    },
    "ks": [
      10,
      50,
      100
    ],
    "method_name": "mlp",
    "save_result": false,
    "seed": 42
  },
  "losses": [
    1.2537162906282049,
    0.8982414041558903,
    0.7554406261295911,
    0.7127371491867489,
    0.6905889250798742,
    0.6732687660574641,
    0.6559698539469626,
    0.639331662345654,
    0.6211889481623195,
    0.6038920346785878,
    0.5899434910095791,
    0.5769907089448963,
    0.5642942282641881,
    0.552084558959196,
    0.5410432918655662,
    0.531724227830675,
    0.5200325997245253,
    0.5113835660786199,
    0.500364263348053,
    0.4923439564482963,
    0.48382357846186813,
    0.4762101676061735,
    0.4688160559356463,
    0.4616563894547422,
    0.4543385323115143,
    0.4474400590846783,
    0.4419684104154376,
    0.43553249239009595,
    0.4304386460538807,
    0.42586707107147137,
    0.4205630047900989,
    0.4160064908174461,
    0.4123009918846505,
    0.4068272477148902,
    0.40363526739057776,
    0.39950696053771556,
    0.3972575158512797,
    0.3922928255409985,
    0.39102185909428977,
    0.3883356458590445,
    0.38536432010260313,
    0.38279382525793315,
    0.3797722808720944,
    0.3774637771614977,
    0.37517801960486213,
    0.372674607612388,
    0.37030849550860223,
    0.3683789251038031,
    0.3656919920042046,
    0.364028368103736
  ],
  "memory_delta_mb": 4.4140625,
  "memory_mb": 1833.6875,
  "method_name": "mlp",
  "metrics": {
    "test": {
      "hits_at_10": 0.017936929353104966,
      "hits_at_100": 0.0809859914956075,
      "hits_at_50": 0.045932353385568434
    },
    "valid": {
      "hits_at_10": 0.025480993276080156,
      "hits_at_100": 0.11152719525996937,
      "hits_at_50": 0.06713933825976966
    }
  },
  "runtime_seconds": 22.865892338995764,
  "seed": 42,
  "status": "completed",
  "timestamp": "20260502_211032_mlp_scale_1_0_run_021",
  "tuning": {
    "grid": {
      "dropout": [
        0.0,
        0.2,
        0.5
      ],
      "hidden_channels": [
        128,
        256
      ],
      "learning_rate": [
        0.001,
        0.005,
        0.01
      ],
      "num_layers": [
        2,
        3
      ]
    },
    "preset": "full",
    "run_index": 21,
    "selection_metric": "hits_at_50",
    "selection_score": 0.06713933825976966,
    "selection_split": "valid",
    "tuning_id": "20260502_211032_mlp_scale_1_0"
  }
}
