{
  "config": {
    "batch_size": 65536,
    "dropout": 0.5,
    "epochs": 50,
    "hidden_channels": 128,
    "learning_rate": 0.01,
    "num_layers": 3
  },
  "dataset_name": "ogbl-collab",
  "dataset_scale": 1.0,
  "device": "cuda",
  "experiment_config": {
    "dataset_name": "ogbl-collab",
    "dataset_scale": 1.0,
    "device": "cuda",
    "hyperparameters": {
      "batch_size": 65536,
      "dropout": 0.5,
      "epochs": 50,
      "hidden_channels": 128,
      "learning_rate": 0.01,
      "num_layers": 3
    },
    "ks": [
      10,
      50,
      100
    ],
    "method_name": "mlp",
    "save_result": false,
    "seed": 42
  },
  "losses": [
    1.1619572599949044,
    0.7841989916848537,
    0.6978611769320008,
    0.6753804721025789,
    0.6818363169670988,
    0.6513971756565194,
    0.6308600221438273,
    0.6131819867715051,
    0.59441255142691,
    0.5777024740320474,
    0.5645006378565055,
    0.5479234030447547,
    0.5382023398314437,
    0.5290575506368778,
    0.5241291789001885,
    0.5125181549280434,
    0.5088032222808667,
    0.5034768111363523,
    0.49954014816628683,
    0.49237130831119214,
    0.4929469932845778,
    0.4854150703395593,
    0.48341556230311583,
    0.47959062674503106,
    0.47766474008534704,
    0.4712901964287693,
    0.4727677461889169,
    0.4839726859864425,
    0.4723049988860302,
    0.4634654510689035,
    0.4594995932384788,
    0.4583793960789903,
    0.45605128406291345,
    0.4544786021376221,
    0.4539063763754639,
    0.4514424880910373,
    0.45318606872244727,
    0.45205021676040835,
    0.4472135044680472,
    0.4441340201980755,
    0.4422521653269682,
    0.44262663416918413,
    0.44364682882963047,
    0.441340124817225,
    0.4394462979076503,
    0.4365012408256691,
    0.4365879005004379,
    0.43478142827457966,
    0.4359690929667749,
    0.4344872429190483
  ],
  "memory_delta_mb": 5.38671875,
  "memory_mb": 1840.69140625,
  "method_name": "mlp",
  "metrics": {
    "test": {
      "hits_at_10": 0.01459129271082907,
      "hits_at_100": 0.0568110686610978,
      "hits_at_50": 0.03885255455546202
    },
    "valid": {
      "hits_at_10": 0.01601091804806604,
      "hits_at_100": 0.06998535383796019,
      "hits_at_50": 0.04533652885959656
    }
  },
  "runtime_seconds": 22.673554772998614,
  "seed": 42,
  "status": "completed",
  "timestamp": "20260502_211032_mlp_scale_1_0_run_030",
  "tuning": {
    "grid": {
      "dropout": [
        0.0,
        0.2,
        0.5
      ],
      "hidden_channels": [
        128,
        256
      ],
      "learning_rate": [
        0.001,
        0.005,
        0.01
      ],
      "num_layers": [
        2,
        3
      ]
    },
    "preset": "full",
    "run_index": 30,
    "selection_metric": "hits_at_50",
    "selection_score": 0.04533652885959656,
    "selection_split": "valid",
    "tuning_id": "20260502_211032_mlp_scale_1_0"
  }
}
