{
  "config": {
    "batch_size": 65536,
    "dropout": 0.2,
    "epochs": 50,
    "hidden_channels": 128,
    "learning_rate": 0.01,
    "num_layers": 3
  },
  "dataset_name": "ogbl-collab",
  "dataset_scale": 1.0,
  "device": "cuda",
  "experiment_config": {
    "dataset_name": "ogbl-collab",
    "dataset_scale": 1.0,
    "device": "cuda",
    "hyperparameters": {
      "batch_size": 65536,
      "dropout": 0.2,
      "epochs": 50,
      "hidden_channels": 128,
      "learning_rate": 0.01,
      "num_layers": 3
    },
    "ks": [
      10,
      50,
      100
    ],
    "method_name": "mlp",
    "save_result": false,
    "seed": 42
  },
  "losses": [
    1.153451122155306,
    0.7873434492584227,
    0.7104617116318312,
    0.6591984077181523,
    0.6358855019088074,
    0.6127741177159881,
    0.5863094387654512,
    0.5620032044447919,
    0.5594071609632096,
    0.5313218008116951,
    0.50588181750459,
    0.4901655327625158,
    0.47603951271466394,
    0.4635440861094177,
    0.4538703285607375,
    0.45434986871242716,
    0.44295735904929995,
    0.4295729879573632,
    0.42164094131837965,
    0.41722217480480983,
    0.4136277183727107,
    0.4089275134546297,
    0.41316911615911184,
    0.40113826891777665,
    0.3969293562613457,
    0.39518704077164846,
    0.39106858201307476,
    0.39333099464732435,
    0.3887282322120985,
    0.38599906193314376,
    0.38234202255687477,
    0.38414257279507247,
    0.38082266962529887,
    0.37654728036148477,
    0.3735914341298436,
    0.3717554076985723,
    0.3697747620489346,
    0.36988753771721095,
    0.369359863731434,
    0.3657455596915076,
    0.36494821750299516,
    0.36327272341242905,
    0.36320656604689083,
    0.3613930045455313,
    0.3601241132378983,
    0.3630191180339964,
    0.35849319710704586,
    0.35639329297551803,
    0.3591436258764925,
    0.3616776971699685
  ],
  "memory_delta_mb": 4.2265625,
  "memory_mb": 1833.49609375,
  "method_name": "mlp",
  "metrics": {
    "test": {
      "hits_at_10": 0.01683610697403354,
      "hits_at_100": 0.07306438731679941,
      "hits_at_50": 0.04606186190075331
    },
    "valid": {
      "hits_at_10": 0.0164769322947873,
      "hits_at_100": 0.09378536715265295,
      "hits_at_50": 0.057769123227481525
    }
  },
  "runtime_seconds": 22.869644589001837,
  "seed": 42,
  "status": "completed",
  "timestamp": "20260502_211032_mlp_scale_1_0_run_018",
  "tuning": {
    "grid": {
      "dropout": [
        0.0,
        0.2,
        0.5
      ],
      "hidden_channels": [
        128,
        256
      ],
      "learning_rate": [
        0.001,
        0.005,
        0.01
      ],
      "num_layers": [
        2,
        3
      ]
    },
    "preset": "full",
    "run_index": 18,
    "selection_metric": "hits_at_50",
    "selection_score": 0.057769123227481525,
    "selection_split": "valid",
    "tuning_id": "20260502_211032_mlp_scale_1_0"
  }
}
