{
  "config": {
    "batch_size": 65536,
    "dropout": 0.0,
    "epochs": 50,
    "hidden_channels": 256,
    "learning_rate": 0.01,
    "num_layers": 3
  },
  "dataset_name": "ogbl-collab",
  "dataset_scale": 1.0,
  "device": "cuda",
  "experiment_config": {
    "dataset_name": "ogbl-collab",
    "dataset_scale": 1.0,
    "device": "cuda",
    "hyperparameters": {
      "batch_size": 65536,
      "dropout": 0.0,
      "epochs": 50,
      "hidden_channels": 256,
      "learning_rate": 0.01,
      "num_layers": 3
    },
    "ks": [
      10,
      50,
      100
    ],
    "method_name": "mlp",
    "save_result": false,
    "seed": 42
  },
  "losses": [
    1.1011859070654848,
    0.7547702861354811,
    0.7030537154157732,
    0.6648601126593269,
    0.6318900244519972,
    0.5876061111268114,
    0.6239823777478035,
    0.5454810173325316,
    0.5103129441199443,
    0.4828712989464821,
    0.46462764971893133,
    0.4791840425794625,
    0.43218447138841154,
    0.415255967352171,
    0.4063543413364366,
    0.3887510353750088,
    0.41104897712514893,
    0.3834157489103651,
    0.3923977475433273,
    0.36213737225190634,
    0.35459924960365885,
    0.34529368604547905,
    0.34126989175942746,
    0.33524764398647294,
    0.34045885338625714,
    0.32825394929672064,
    0.35888996136194046,
    0.3471321754924003,
    0.3238885863832222,
    0.3186053837171871,
    0.31514454096076366,
    0.33225945002416024,
    0.34246399428800833,
    0.3181758761217483,
    0.3096490432765178,
    0.30673840019414905,
    0.30664477446546096,
    0.30324878637782987,
    0.3074653511957512,
    0.3017292753614863,
    0.30307849292356154,
    0.3011767144363346,
    0.29919586144336535,
    0.2993941780753756,
    0.29753357305189215,
    0.294322469103975,
    0.29661144333834394,
    0.2917360389042516,
    0.30016936000836053,
    0.2939994111972846
  ],
  "memory_delta_mb": 0.01953125,
  "memory_mb": 1799.71484375,
  "method_name": "mlp",
  "metrics": {
    "test": {
      "hits_at_10": 0.03155690820004749,
      "hits_at_100": 0.18090181096073735,
      "hits_at_50": 0.10578687215351076
    },
    "valid": {
      "hits_at_10": 0.05513947140669729,
      "hits_at_100": 0.22866320484654817,
      "hits_at_50": 0.14496371746221956
    }
  },
  "runtime_seconds": 27.122218461001466,
  "seed": 42,
  "status": "completed",
  "timestamp": "20260502_211032_mlp_scale_1_0_run_012",
  "tuning": {
    "grid": {
      "dropout": [
        0.0,
        0.2,
        0.5
      ],
      "hidden_channels": [
        128,
        256
      ],
      "learning_rate": [
        0.001,
        0.005,
        0.01
      ],
      "num_layers": [
        2,
        3
      ]
    },
    "preset": "full",
    "run_index": 12,
    "selection_metric": "hits_at_50",
    "selection_score": 0.14496371746221956,
    "selection_split": "valid",
    "tuning_id": "20260502_211032_mlp_scale_1_0"
  }
}
