{
  "config": {
    "batch_size": 65536,
    "dropout": 0.2,
    "epochs": 50,
    "hidden_channels": 256,
    "learning_rate": 0.005,
    "num_layers": 3
  },
  "dataset_name": "ogbl-collab",
  "dataset_scale": 1.0,
  "device": "cuda",
  "experiment_config": {
    "dataset_name": "ogbl-collab",
    "dataset_scale": 1.0,
    "device": "cuda",
    "hyperparameters": {
      "batch_size": 65536,
      "dropout": 0.2,
      "epochs": 50,
      "hidden_channels": 256,
      "learning_rate": 0.005,
      "num_layers": 3
    },
    "ks": [
      10,
      50,
      100
    ],
    "method_name": "mlp",
    "save_result": false,
    "seed": 42
  },
  "losses": [
    1.1290065605949562,
    0.7674498571885852,
    0.6889213573203754,
    0.6261259113309444,
    0.5793498132618256,
    0.537263869691263,
    0.5033951745495343,
    0.4795418886549881,
    0.4542873125770318,
    0.43455723194552615,
    0.42747283476665343,
    0.4028139873562963,
    0.3896082820809524,
    0.3828364986634841,
    0.37471180518112057,
    0.3622385135226368,
    0.35532187544043753,
    0.35157290531328345,
    0.3424612958965658,
    0.34596053727273784,
    0.33463566506336806,
    0.3297126822179333,
    0.3273297941218462,
    0.32684029062932907,
    0.3240066132665448,
    0.31857914391315484,
    0.3147878230954897,
    0.31546464050101614,
    0.3145235141803597,
    0.308784066829098,
    0.3064141926891323,
    0.30836072672035547,
    0.3054838689127663,
    0.3021681068348507,
    0.30437830206066757,
    0.3003946722767277,
    0.29900177207225903,
    0.2959259909530909,
    0.29922126715939523,
    0.2937082659231112,
    0.2927122331800645,
    0.2916145673382364,
    0.29357231246004056,
    0.29363074256302063,
    0.2913098041713799,
    0.2905332645709979,
    0.29006978047162896,
    0.28820677947895,
    0.28535505388440585,
    0.28701843808720273
  ],
  "memory_delta_mb": 17.8671875,
  "memory_mb": 1820.453125,
  "method_name": "mlp",
  "metrics": {
    "test": {
      "hits_at_10": 0.03147056918992424,
      "hits_at_100": 0.16613784022966177,
      "hits_at_50": 0.08769884953269011
    },
    "valid": {
      "hits_at_10": 0.043073031089807604,
      "hits_at_100": 0.20772585047600026,
      "hits_at_50": 0.12094734039012049
    }
  },
  "runtime_seconds": 29.609071853003115,
  "seed": 42,
  "status": "completed",
  "timestamp": "20260502_211032_mlp_scale_1_0_run_022",
  "tuning": {
    "grid": {
      "dropout": [
        0.0,
        0.2,
        0.5
      ],
      "hidden_channels": [
        128,
        256
      ],
      "learning_rate": [
        0.001,
        0.005,
        0.01
      ],
      "num_layers": [
        2,
        3
      ]
    },
    "preset": "full",
    "run_index": 22,
    "selection_metric": "hits_at_50",
    "selection_score": 0.12094734039012049,
    "selection_split": "valid",
    "tuning_id": "20260502_211032_mlp_scale_1_0"
  }
}
